fold,tag,ic,excess,turnover,final,alpha,profile,n_slice,noprofile,win,half,d0,d1
wf2021,L2,0.08059327811013162,0.285251797594208,0.016161919635965916,0.41296427463152524,0.26243177442726895,0.012120642100759664,73,0.40611826768144355,wf2021A,A,20210422,20210806
wf2021,L2C,0.08159140612594487,0.32326511694842586,0.016630746123124155,0.4246268736979684,0.30110758068083066,0.01015733133307462,73,0.41797961281768986,wf2021A,A,20210422,20210806
wf2021,L2,0.07818874514180736,0.17300858332185076,0.020896839562890627,0.37690902118441094,0.17972783608992537,-0.017322252504649478,98,0.3789247970148333,wf2021B,B,20210809,20211231
wf2021,L2C,0.07811364346614158,0.16919363694559175,0.01967445355673319,0.3761012124031142,0.17324584081889166,-0.014702955819782053,98,0.3773168735651042,wf2021B,B,20210809,20211231
wf2022,L2,0.10550283405203059,0.07361496365087306,0.015518341035057408,0.35963012040555686,0.09523393803009847,-0.02655272736184347,73,0.3661158127193245,wf2022A,A,20220425,20220809
wf2022,L2C,0.10558515595878172,0.10652795474268002,0.01551439137656646,0.3695381313933468,0.1270277111599906,-0.024429615780434923,73,0.37568805831853996,wf2022A,A,20220425,20220809
wf2022,L2,0.09892742010009101,0.14752529084695273,0.011158967957043528,0.38048086490700916,0.07259314511948756,0.07548800150297577,97,0.3580012211887696,wf2022B,B,20220810,20221230
wf2022,L2C,0.09918904324656076,0.15514830055279216,0.009473262458693047,0.383378128726854,0.06815181429038465,0.08756340352354464,97,0.35727918284813176,wf2022B,B,20220810,20221230
wf2023,L2,0.07882419301608572,0.21342486345086212,0.010710764760624106,0.39234390681350567,0.16843275423928344,0.03784750904823138,73,0.3788462740500321,wf2023A,A,20230421,20230808
wf2023,L2C,0.07843391470154,0.21031090019220122,0.011177194651740212,0.39111367754275433,0.17165880906046938,0.03150749096838459,73,0.3795180502032348,wf2023A,A,20230421,20230808
wf2023,L2,0.07091927595011827,0.16461116313206245,0.008510720826688202,0.37519784307165954,0.12590050812665543,0.031529265809823945,97,0.3635846465700374,wf2023B,B,20230809,20231229
wf2023,L2C,0.07319342739504484,0.1594952079287633,0.008240709409061787,0.37465372051392837,0.12050319976746691,0.03181061896571337,97,0.36295611806553946,wf2023B,B,20230809,20231229
confirm2024,L2,0.08676530146195664,0.2652046312354227,0.01711051390040448,0.4091343557852881,0.24726641272231512,0.012510248350514636,73,0.40375289023135585,confirm2024A,A,20240423,20240807
confirm2024,L2C,0.0857401445140987,0.22208791243057244,0.016461624251803555,0.3959839442592701,0.20567717764062915,0.00941465231618166,73,0.3910607238222871,confirm2024A,A,20240423,20240807
confirm2024,L2,0.10049613850507799,0.20125085575114643,0.020605575198371903,0.3943920395678635,0.1917954072077958,0.010269804690110892,97,0.39155540500485836,confirm2024B,B,20240808,20241231
confirm2024,L2C,0.1011344936453562,0.21115619328922286,0.020790912788864798,0.3975633816082499,0.19720645847595797,0.012697421474193634,97,0.39337846116427044,confirm2024B,B,20240808,20241231
