fold,tag,ic,excess,turnover,final,alpha,profile,n_slice,noprofile,win,half,w,d0,d1,n_days
wf2021,w0.0,0.0822008293992507,0.2980185672784829,0.017403640438900286,0.417064809811575,0.2734102601513321,0.013939546274090685,73,0.4096823176734298,wf2021A,A,0.0,20210422,20210806,73
wf2021,w0.1,0.08140623722267137,0.28274930493892975,0.01862697179647657,0.4117991948318045,0.2652279652809771,0.015603554182792514,73,0.4065427929344187,wf2021A,A,0.1,20210422,20210806,73
wf2021,w0.2,0.08182361488334441,0.2917506630460593,0.01803539188719138,0.4148440273009981,0.27103024422946825,0.01861974414723387,73,0.4086279016560208,wf2021A,A,0.2,20210422,20210806,73
wf2021,w0.3,0.08186496399245988,0.2841674482277411,0.018516972670983105,0.41244112826401136,0.2566698054067421,0.02168689434252801,73,0.40419183541771164,wf2021A,A,0.3,20210422,20210806,73
wf2021,w0.4,0.08159430971029558,0.3053539322123712,0.019393630574361432,0.4184258143755212,0.2708180389762954,0.02540824781322476,73,0.40806504640469843,wf2021A,A,0.4,20210422,20210806,73
wf2021,w0.5,0.08066514825753546,0.2811418504266756,0.019807164764544298,0.4106664650016536,0.2467986587159356,0.026786279770097343,73,0.4003635074884316,wf2021A,A,0.5,20210422,20210806,73
wf2021,w0.6,0.08076232212071179,0.3028338707877282,0.020101881559356227,0.4171245256167963,0.26715821818445296,0.024167188101810032,73,0.4064218298358137,wf2021A,A,0.6,20210422,20210806,73
wf2021,w0.7,0.08044493129908116,0.30529832105642374,0.02056803553781167,0.4175970581752161,0.27072245759249725,0.026577273442912313,73,0.40722429913603814,wf2021A,A,0.7,20210422,20210806,73
wf2021,w0.8,0.07942956774183378,0.32434723431346596,0.020503126129548202,0.42292505955190884,0.2914237007322819,0.027212033903044042,73,0.4130479994775536,wf2021A,A,0.8,20210422,20210806,73
wf2021,w0.9,0.07871913315392842,0.3153194927509805,0.022432053531403918,0.4193538850274443,0.2818902055465015,0.031136202094021542,73,0.40932509886610063,wf2021A,A,0.9,20210422,20210806,73
wf2021,w1.0,0.07906571060043104,0.3190473954658295,0.022033937467439108,0.42073032163968954,0.2751147229843327,0.02977878483839388,73,0.4075505198952405,wf2021A,A,1.0,20210422,20210806,73
wf2021,w0.0,0.0802651969743495,0.2095904822686708,0.01902187660188263,0.38927666048977627,0.21004346589784526,-0.009691442910489189,98,0.3894125555785286,wf2021B,B,0.0,20210809,20211231,98
wf2021,w0.1,0.07956422752121509,0.2235980508083951,0.020067531865226314,0.39288484669143664,0.23262206181975897,-0.017788117975587363,98,0.39559204999484576,wf2021B,B,0.1,20210809,20211231,98
wf2021,w0.2,0.07934079674236094,0.20892746651630495,0.020196016925602564,0.3883557535741551,0.21744405004836048,-0.015916034819078374,98,0.39091072863377174,wf2021B,B,0.2,20210809,20211231,98
wf2021,w0.3,0.07918942519213408,0.1997085948053078,0.02002450527926429,0.38558099693466663,0.20618180671281933,-0.01321852419720042,98,0.38752296050692014,wf2021B,B,0.3,20210809,20211231,98
wf2021,w0.4,0.07880663128263975,0.21212063274543413,0.020508640123000854,0.3890062502997859,0.21946180519574557,-0.015764988061628092,98,0.39120860203487934,wf2021B,B,0.4,20210809,20211231,98
wf2021,w0.5,0.07764485412299071,0.19593456060934128,0.020288023920543293,0.3837519026558357,0.20462453578976847,-0.01648645716279848,98,0.3863588952099638,wf2021B,B,0.5,20210809,20211231,98
wf2021,w0.6,0.07803385851003816,0.20188779339010413,0.020414511888844283,0.3856555278543932,0.20075323646385054,-0.007775829816576967,98,0.3853151607765172,wf2021B,B,0.6,20210809,20211231,98
wf2021,w0.7,0.07733993677997304,0.20029249261769785,0.02119489851320498,0.38466525294333703,0.2040303131653524,-0.01059272619128203,98,0.3857865991076334,wf2021B,B,0.7,20210809,20211231,98
wf2021,w0.8,0.07658514383956928,0.18470948337952436,0.021277130659501958,0.3796637633518344,0.18634349504078798,-0.010427570872360384,98,0.3801539668502135,wf2021B,B,0.8,20210809,20211231,98
wf2021,w0.9,0.07673594111693058,0.1624412880995227,0.02053916763005668,0.373265012587612,0.16136962433551963,-0.007419360027398852,98,0.37294351345841115,wf2021B,B,0.9,20210809,20211231,98
wf2021,w1.0,0.07610105482094973,0.14889672257650854,0.02158741813577372,0.36863321326060033,0.15881219522488016,-0.01735928569276152,98,0.3716078550551118,wf2021B,B,1.0,20210809,20211231,98
wf2022,w0.0,0.10570750049619601,0.10285909992605316,0.017172718601087506,0.3679889145959681,0.1309998010166158,-0.03307951874698531,73,0.3764311249231369,wf2022A,A,0.0,20220425,20220809,73
wf2022,w0.1,0.1046552855644863,0.1025517705152881,0.017584236404220965,0.3673523744591147,0.1406708604720894,-0.044442059871947805,73,0.37878810144615505,wf2022A,A,0.1,20220425,20220809,73
wf2022,w0.2,0.10512003602796836,0.11155514719178344,0.017118682531973992,0.3703789538091302,0.148522859931657,-0.042989951834118814,73,0.38146926763109223,wf2022A,A,0.2,20220425,20220809,73
wf2022,w0.3,0.1053856923825392,0.11169423571955858,0.017590946333295904,0.37038526376889447,0.14604439119003237,-0.039533368647042204,73,0.38069031041003665,wf2022A,A,0.3,20220425,20220809,73
wf2022,w0.4,0.10532881001505333,0.12411469481670516,0.018706875140930116,0.3737538699087538,0.15816143989982753,-0.039900798171537806,73,0.38396789343369053,wf2022A,A,0.4,20220425,20220809,73
wf2022,w0.5,0.1052124172414561,0.11840230321315173,0.01871073881188971,0.37199243621696104,0.1454682358613491,-0.03433967605222093,73,0.3801122160114202,wf2022A,A,0.5,20220425,20220809,73
wf2022,w0.6,0.10607042282652672,0.14037513335549923,0.018589893634240812,0.3789637410469882,0.16747599707378186,-0.03200177222510541,73,0.387094000162473,wf2022A,A,0.6,20220425,20220809,73
wf2022,w0.7,0.10613121395626302,0.15083424241737228,0.018768393032986202,0.38207224039782106,0.17183338945387222,-0.0271436899819133,73,0.38837198450877103,wf2022A,A,0.7,20220425,20220809,73
wf2022,w0.8,0.1066375018087487,0.1503826707892032,0.01882539699948615,0.38212218286041455,0.16768818023359428,-0.025010145600155353,73,0.3873138356937319,wf2022A,A,0.8,20220425,20220809,73
wf2022,w0.9,0.10691084981201276,0.14897471494350664,0.020003678484539766,0.38145565086249517,0.1653931073874247,-0.024128713550892366,73,0.38638116859567057,wf2022A,A,0.9,20220425,20220809,73
wf2022,w1.0,0.10639450191454336,0.19840425990419333,0.021689039475218205,0.39557236689450986,0.22127165351598777,-0.033134913244294656,73,0.40243258497804824,wf2022A,A,1.0,20220425,20220809,73
wf2022,w0.0,0.10077830330908838,0.17138776930087468,0.01023149361520775,0.3886582040293354,0.07270402717232756,0.0988996304179014,97,0.3590530813907713,wf2022B,B,0.0,20220810,20221230,97
wf2022,w0.1,0.09997516853878423,0.1678587379990602,0.009388643224505958,0.38753109584788,0.07593789113936843,0.09213673514904606,97,0.35995484178997245,wf2022B,B,0.1,20220810,20221230,97
wf2022,w0.2,0.09974815841510183,0.16522842160381057,0.009388386420210997,0.3866512739211206,0.07516301195362596,0.0902812979395389,97,0.3596316510260652,wf2022B,B,0.2,20220810,20221230,97
wf2022,w0.3,0.09944805360596735,0.16340933289727097,0.010188265986587692,0.38574554151559187,0.08004688655833564,0.0835783346282897,97,0.36073680761391125,wf2022B,B,0.3,20220810,20221230,97
wf2022,w0.4,0.0990190567017679,0.16821230991113525,0.010055284696522905,0.38705473024509085,0.0858983822643562,0.0825298159361334,97,0.3623605519510571,wf2022B,B,0.4,20220810,20221230,97
wf2022,w0.5,0.09830755199342645,0.14750571710232943,0.009966571847159668,0.3805847643739215,0.06553318972018053,0.08241364892741754,97,0.35599300615927687,wf2022B,B,0.5,20220810,20221230,97
wf2022,w0.6,0.09793247122690318,0.14547682216094487,0.01001113832032152,0.3798126936429483,0.06680236147927116,0.07889034897102802,97,0.35621035543844615,wf2022B,B,0.6,20220810,20221230,97
wf2022,w0.7,0.09818283875196665,0.13518288575901266,0.009653644783818726,0.37693190779334484,0.05917784763621694,0.07622092641215009,97,0.3541303963565061,wf2022B,B,0.7,20220810,20221230,97
wf2022,w0.8,0.09806293628783112,0.16513244135881228,0.010761280083246302,0.38553652289780227,0.09220835349021578,0.07313997615795083,97,0.3636592965372233,wf2022B,B,0.8,20220810,20221230,97
wf2022,w0.9,0.09679045432003533,0.1434023844734792,0.010231639867927316,0.37866740510967967,0.08423699093633905,0.05938128182649439,97,0.3609177870485376,wf2022B,B,0.9,20220810,20221230,97
wf2022,w1.0,0.09735389304460361,0.16440291693944586,0.011380536995206475,0.3848482712011132,0.12113008512414496,0.0437206570611102,97,0.37186642165652295,wf2022B,B,1.0,20220810,20221230,97
wf2023,w0.0,0.08019490810628863,0.28533571865266094,0.011880654982022322,0.414114482343707,0.2558274056046644,0.02236371288464928,73,0.40526198842930805,wf2023A,A,0.0,20230421,20230808,73
wf2023,w0.1,0.07883816328850093,0.2649705666506907,0.012173273057039025,0.4073744533934959,0.24720047023437125,0.010984089577452968,73,0.40204342446860003,wf2023A,A,0.1,20230421,20230808,73
wf2023,w0.2,0.07775200421858684,0.26300957806521474,0.011528156391447754,0.4065452281895648,0.25335461740968784,0.003233195633088119,73,0.40364873999290674,wf2023A,A,0.2,20230421,20230808,73
wf2023,w0.3,0.07678878194228066,0.27246796711602245,0.011351482305679757,0.40905045822001507,0.26891140189176915,-0.0023745476365624584,73,0.4079834886527391,wf2023A,A,0.3,20230421,20230808,73
wf2023,w0.4,0.0759103093569485,0.2714281052290325,0.010940313390899159,0.40851046129421936,0.2734463006297223,-0.008123329945133045,73,0.4091159199144263,wf2023A,A,0.4,20230421,20230808,73
wf2023,w0.5,0.07428040697876674,0.23582057750037938,0.011354373903626067,0.3970520238705327,0.24097466435674858,-0.011908147418119375,73,0.3985982499274434,wf2023A,A,0.5,20230421,20230808,73
wf2023,w0.6,0.07329892016880622,0.22617895039468408,0.011646376523093678,0.39367934022899964,0.23609270706828608,-0.016956152845002258,73,0.3966534672310802,wf2023A,A,0.6,20230421,20230808,73
wf2023,w0.7,0.07169175151329604,0.20037061800220565,0.012055502336648297,0.38517123530498565,0.20971981063553335,-0.01661813164201225,73,0.38797599309498393,wf2023A,A,0.7,20230421,20230808,73
wf2023,w0.8,0.06937969119469244,0.16791114554976827,0.011936463862342052,0.37454428098410486,0.17778288199705355,-0.01704935803338754,73,0.3775058019182904,wf2023A,A,0.8,20230421,20230808,73
wf2023,w0.9,0.06858488987993473,0.1482012417822937,0.01164483428641977,0.3684008782007361,0.15797952318454642,-0.015761093863936468,73,0.3713343626214119,wf2023A,A,0.9,20230421,20230808,73
wf2023,w1.0,0.06665912486116028,0.15293853049508851,0.014506395203650928,0.36819329053189537,0.18500287042833888,-0.034826494665896476,73,0.3778125925118705,wf2023A,A,1.0,20230421,20230808,73
wf2023,w0.0,0.07867512867601688,0.3164308579116734,0.010193741773234118,0.4233411863119385,0.27770867458593584,0.031540794130154474,97,0.41172453131421727,wf2023B,B,0.0,20230809,20231229,97
wf2023,w0.1,0.07657696554448834,0.2855496027555782,0.009661043126417057,0.4133973541065437,0.25389307208328055,0.024475141476714642,97,0.4039003949048544,wf2023B,B,0.1,20230809,20231229,97
wf2023,w0.2,0.07572793892974951,0.2920952097618754,0.010103406684041732,0.4148887164952499,0.26346637184241184,0.02144744872388047,97,0.4063000651194108,wf2023B,B,0.2,20230809,20231229,97
wf2023,w0.3,0.07454032452406605,0.27495193294336073,0.010323425836179706,0.4092046819417807,0.2475250483758192,0.020245495371958515,97,0.4009766165715183,wf2023B,B,0.3,20230809,20231229,97
wf2023,w0.4,0.07327103811753402,0.29787448310986897,0.010897752284215736,0.41540143449470956,0.2752689093976136,0.015424184516672285,97,0.4086197623810329,wf2023B,B,0.4,20230809,20231229,97
wf2023,w0.5,0.07239557837781659,0.296931216071457,0.010986820571475039,0.41474155000112123,0.27336100327629764,0.01638882359957639,97,0.4076704861625734,wf2023B,B,0.5,20230809,20231229,97
wf2023,w0.6,0.07042144029095439,0.28396161818483995,0.011161949789631047,0.4100084766349444,0.2650975364559297,0.011682692533327139,97,0.4043492521162713,wf2023B,B,0.6,20230809,20231229,97
wf2023,w0.7,0.06978687366798726,0.27170458834764577,0.010232832369130376,0.4063562762607495,0.25155628936687774,0.012966909785185004,97,0.40031178656651906,wf2023B,B,0.7,20230809,20231229,97
wf2023,w0.8,0.06717428226744054,0.24513537236877256,0.010319366797401324,0.3973145145783876,0.22733305485960403,0.010620928313585541,97,0.391973819325637,wf2023B,B,0.8,20230809,20231229,97
wf2023,w0.9,0.06526282582844982,0.22047117000801417,0.009967372234317179,0.389256269663489,0.20423129596145256,0.009058484850978554,97,0.3843843074495205,wf2023B,B,0.9,20230809,20231229,97
wf2023,w1.0,0.060039682046348554,0.13657784642375081,0.010229546908631156,0.36192036267307526,0.13223192687009985,-0.004303313472756443,97,0.36061658680698,wf2023B,B,1.0,20230809,20231229,97
confirm2024,w0.0,0.08676543356623391,0.2560154441188827,0.015176026541967463,0.40695799869956817,0.23425089187322956,0.014554759611986837,73,0.40042863302587217,confirm2024A,A,0.0,20240423,20240807,73
confirm2024,w0.1,0.08657542161154035,0.24780256085070979,0.016170206256002923,0.40411987502302815,0.22112413357799504,0.019439362077096612,73,0.3961163468412138,confirm2024A,A,0.1,20240423,20240807,73
confirm2024,w0.2,0.087178412386241,0.26566474682875546,0.016517756810752224,0.4096154619598974,0.2379519471542607,0.020482296294038433,73,0.40130162205754893,confirm2024A,A,0.2,20240423,20240807,73
confirm2024,w0.3,0.08587533472160297,0.22753060555111218,0.016226488512250243,0.39774136900029977,0.2026327419363167,0.01815512095523026,73,0.3902720099158611,confirm2024A,A,0.3,20240423,20240807,73
confirm2024,w0.4,0.08450376930643448,0.23687229253070938,0.016117256121280354,0.4000280186454025,0.22250213021092327,0.010164892480038889,73,0.39571696994946665,confirm2024A,A,0.4,20240423,20240807,73
confirm2024,w0.5,0.0840923819187305,0.2710887375005228,0.015997412378586796,0.41016435030407294,0.25991956078046613,0.004565896963140344,73,0.406813597288056,confirm2024A,A,0.5,20240423,20240807,73
confirm2024,w0.6,0.08291284263228595,0.27792890039856544,0.016816385162331613,0.4114988916237845,0.2680411262097168,0.00623300395098776,73,0.4085325593671299,confirm2024A,A,0.6,20240423,20240807,73
confirm2024,w0.7,0.08100712383120542,0.2712720148758163,0.01723543974614259,0.4086138220713843,0.2646626045943655,0.003328682151127986,73,0.40663099898694904,confirm2024A,A,0.7,20240423,20240807,73
confirm2024,w0.8,0.08038486494182812,0.2670616810506466,0.01676408652775723,0.40724322433359805,0.2619747609515696,0.0009034691968774802,73,0.40571714830387495,confirm2024A,A,0.8,20240423,20240807,73
confirm2024,w0.9,0.07943603051495811,0.25661215450690233,0.016648090821988988,0.4037636313114572,0.2519129730145859,-0.0024772350300327215,73,0.4023538768637623,confirm2024A,A,0.9,20240423,20240807,73
confirm2024,w1.0,0.07870814744339322,0.251352386371254,0.016767793612081333,0.401858636805109,0.24485962136779812,0.0006115119197328297,73,0.3999108073040723,confirm2024A,A,1.0,20240423,20240807,73
confirm2024,w0.0,0.10207523962728639,0.18370684299693826,0.02015767744426156,0.3898948455167176,0.17507383530055126,0.011056510972770403,97,0.38730494320780146,confirm2024B,B,0.0,20240808,20241231,97
confirm2024,w0.1,0.10200647504344047,0.22715793027956122,0.021809121304332,0.40240723270994494,0.21197986205826977,0.016864706524949265,97,0.39785381224355754,confirm2024B,B,0.1,20240808,20241231,97
confirm2024,w0.2,0.10160768040484217,0.24732436798651664,0.021671629439686837,0.4083388937259858,0.22590342314887682,0.023561680567545942,97,0.4019126102746938,confirm2024B,B,0.2,20240808,20241231,97
confirm2024,w0.3,0.10198415590422254,0.25496567989260893,0.02220677585510899,0.41062133357293895,0.2282024224410002,0.028506363098499035,97,0.4025923563374564,confirm2024B,B,0.3,20240808,20241231,97
confirm2024,w0.4,0.10140835735711624,0.26649880496332995,0.022646948400722757,0.41371889991162863,0.23384816217343185,0.03555258474072043,97,0.4039237070746592,confirm2024B,B,0.4,20240808,20241231,97
confirm2024,w0.5,0.10169988229275506,0.28874776148793924,0.022819304756678347,0.4204584899364803,0.25031916465221443,0.04095461628866999,97,0.4089299108857628,confirm2024B,B,0.5,20240808,20241231,97
confirm2024,w0.6,0.10213284917604547,0.3272099752795266,0.0243502551334501,0.4317110557142411,0.2811129283073831,0.049530652314448295,97,0.41788194162259806,confirm2024B,B,0.6,20240808,20241231,97
confirm2024,w0.7,0.10223517360268447,0.3299780587115665,0.024395628338332826,0.43256879855304387,0.2791595913373566,0.053105323135344655,97,0.4173232583407809,confirm2024B,B,0.7,20240808,20241231,97
confirm2024,w0.8,0.10249206088271717,0.32736391768776835,0.02490974553777017,0.4317330759980863,0.2722854934680213,0.05798646990938624,97,0.4152095487321622,confirm2024B,B,0.8,20240808,20241231,97
confirm2024,w0.9,0.1022442588529228,0.30953193828379,0.024219296030823602,0.426491496217059,0.25055620143357715,0.05929224709463188,97,0.40879877516199514,confirm2024B,B,0.9,20240808,20241231,97
confirm2024,w1.0,0.10155570361531281,0.2983352438204943,0.023150264217123347,0.4231777753271364,0.22825214220253576,0.0678517021979902,97,0.40215284484174885,confirm2024B,B,1.0,20240808,20241231,97
