fold,tag,ic,excess,turnover,final,alpha,profile,n_slice,noprofile,pool_ic,corr_h01
wf2021,H01,0.07610105482094973,0.14889672257650854,0.02158741813577372,0.36863321326060033,0.15881219522488016,-0.01735928569276152,98,0.3716078550551118,,
wf2021,L2,0.07818874514180736,0.17300858332185076,0.020896839562890627,0.37690902118441094,0.17972783608992537,-0.017322252504649478,98,0.3789247970148333,0.010906173423247066,0.19406583406467653
wf2021,L2X,0.0802651969743495,0.2095904822686708,0.01902187660188263,0.38927666048977627,0.21004346589784526,-0.009691442910489189,98,0.3894125555785286,0.011973809760251279,0.18279041169147522
wf2022,H01,0.09735389304460361,0.16440291693944586,0.011380536995206475,0.3848482712011132,0.12113008512414496,0.0437206570611102,97,0.37186642165652295,,
wf2022,L2,0.09892742010009101,0.14752529084695273,0.011158967957043528,0.38048086490700916,0.07259314511948756,0.07548800150297577,97,0.3580012211887696,0.0015472855516851234,0.10841549606633397
wf2022,L2X,0.10077830330908838,0.17138776930087468,0.01023149361520775,0.3886582040293354,0.07270402717232756,0.0988996304179014,97,0.3590530813907713,0.00037574227389575816,0.10381872338507278
wf2023,H01,0.060039682046348554,0.13657784642375081,0.010229546908631156,0.36192036267307526,0.13223192687009985,-0.004303313472756443,97,0.36061658680698,,
wf2023,L2,0.07091927595011827,0.16461116313206245,0.008510720826688202,0.37519784307165954,0.12590050812665543,0.031529265809823945,97,0.3635846465700374,0.016474990895498587,0.17215348228408414
wf2023,L2X,0.07867512867601688,0.3164308579116734,0.010193741773234118,0.4233411863119385,0.27770867458593584,0.031540794130154474,97,0.41172453131421727,0.03511060630878586,0.16280968264983592
confirm2024,H01,0.10155570361531281,0.2983352438204943,0.023150264217123347,0.4231777753271364,0.22825214220253576,0.0678517021979902,97,0.40215284484174885,,
confirm2024,L2,0.10049613850507799,0.20125085575114643,0.020605575198371903,0.3943920395678635,0.1917954072077958,0.010269804690110892,97,0.39155540500485836,-0.00565772812127168,0.13169430269555665
confirm2024,L2X,0.10207523962728639,0.18370684299693826,0.02015767744426156,0.3898948455167176,0.17507383530055126,0.011056510972770403,97,0.38730494320780146,-0.004848224953672536,0.11644036386819034
