fold,name,beta,ic,excess,turnover,final,alpha,profile,noprofile
wf2021,H01,0.0,0.06646104149250961,0.2297282756123348,0.02321362592569483,0.3885388115029958,0.24273887971465172,-0.02247846584920318,0.3924419927336909
wf2021,H01,0.2,0.0680603621553244,0.24381736685387168,0.02197716183179782,0.3937762063687519,0.23196054273712316,0.004833128134624029,0.39021915913372734
wf2021,H01,0.4,0.06859427297030816,0.23102987708901546,0.02082879769110434,0.3904980330074966,0.19494199956376926,0.02689664002484364,0.3796716697499227
wf2021,H01,0.5,0.06866176465968998,0.2253342271808269,0.02042538801176616,0.38893735761459414,0.17470019856973892,0.03992183617857898,0.37374714903126777
wf2021,H01,0.6,0.0687630309260495,0.2237630921927029,0.02012392376217991,0.3885969628995767,0.16377302620784834,0.048523727283995906,0.3705999431041203
wf2021,H01,0.8,0.06869038622277628,0.21894056871595627,0.019556921864613552,0.3872912485445133,0.14306082422648325,0.06399413838764766,0.3645273251976714
wf2021,H01,1.0,0.06829603860893221,0.19187716650065254,0.01959400417494501,0.3790033641412851,0.10412729886943772,0.07561926690221081,0.3526784038519207
wf2021,mix,0.0,0.09005951004768238,0.2868457867429108,0.020687361887008867,0.41587133147584354,0.21907355173213178,0.05344740758079596,0.39553966097260984
wf2021,mix,0.2,0.08980078746554279,0.2726712736466753,0.020491905103574914,0.4115741255491472,0.20363369421795752,0.056324659901416926,0.39086285172053187
wf2021,mix,0.4,0.08886261618068719,0.26624857673421093,0.019536250013376395,0.4095587444885252,0.19834442440143354,0.05630930006676146,0.38918749878869197
wf2021,mix,0.5,0.08817309160345849,0.2636122320273519,0.01930617649087473,0.4085610533023265,0.1972348535012457,0.05478426832363507,0.3886478397444947
wf2021,mix,0.6,0.08748934577877832,0.2582194359196523,0.01912748726130509,0.4067233229090155,0.1899012645572595,0.05672463021088418,0.38622787150029764
wf2021,mix,0.8,0.08542677598618413,0.2355937144605137,0.018796682689092386,0.3992098199259,0.1680329921002769,0.055970139298539535,0.378941603217829
wf2021,mix,1.0,0.08337138978634469,0.23584199751784055,0.01962984164530155,0.3982122026762996,0.17348488066707463,0.05132989807861615,0.37950506762106984
wf2022,H01,0.0,0.0810647458623008,0.19602461052674738,0.016832177858706422,0.3861836281453326,0.1484028713751208,0.04226116222676438,0.37189710639984463
wf2022,H01,0.2,0.08076338605513089,0.18273772139439964,0.015868234662113245,0.3823662004417383,0.10950198980303934,0.06793287155967898,0.36039548096433016
wf2022,H01,0.4,0.08002529199745659,0.1761035207257434,0.015460583529968938,0.38020299795771495,0.09190267918590639,0.07865401336975539,0.3549427454957639
wf2022,H01,0.5,0.07978364072734874,0.17656110596956434,0.015354640650362005,0.3802753958867002,0.0893866694681847,0.08167550915360633,0.3541230649362863
wf2022,H01,0.6,0.07871290536690918,0.167211973548427,0.014927769349999226,0.37717042340629203,0.08190273912900078,0.08177062004236448,0.3515776530804641
wf2022,H01,0.8,0.0774545433930065,0.17234641087889363,0.015211468217901597,0.3781223001555002,0.0856903032179752,0.08365160923260907,0.35212546785722465
wf2022,H01,1.0,0.07554265861140681,0.1700393267337656,0.015904581675702884,0.37645748696198156,0.08264550578605416,0.08449093091483335,0.3502393406776681
wf2022,mix,0.0,0.10689348524804305,0.20213241532318188,0.013232776397764372,0.3994272857768425,0.08213277102800638,0.1091271360775729,0.3634273924882898
wf2022,mix,0.2,0.10571044121654105,0.20282649532347413,0.013537054776444747,0.3990710086507252,0.08707240214080554,0.10558449566682473,0.36434478069592463
wf2022,mix,0.4,0.10351365645600284,0.20824669343705293,0.013698184999955952,0.3997700151135303,0.10080805458164041,0.10141982664818164,0.36753842345690646
wf2022,mix,0.5,0.1023331364591163,0.20970072297116085,0.013755093007773526,0.3997169435726627,0.1034775964786881,0.10271935141380005,0.3678500056249209
wf2022,mix,0.6,0.100739601369612,0.20473778434056764,0.01402259305865316,0.39751039793241916,0.10411196433601137,0.09712204492588365,0.3673226519310523
wf2022,mix,0.8,0.09704693734246303,0.19921563028233996,0.014432567248928954,0.3942536938470085,0.10826950409670545,0.08744235110696186,0.36696985599131815
wf2022,mix,1.0,0.09250920441255847,0.1945710666698134,0.01516382665047094,0.3908258537708261,0.12088615487936093,0.07018113671177985,0.36872038023369036
wf2023,H01,0.0,0.050241865079573844,0.13578509610182815,0.012448662059633358,0.35709767624448796,0.1500668963816785,-0.020240143543318132,0.3613822163284431
wf2023,H01,0.2,0.05298333059312139,0.14211812929755555,0.01070732039257736,0.360616574908742,0.11305710746445748,0.021827720232676408,0.35189826835881255
wf2023,H01,0.4,0.053007224056029034,0.14626827471372156,0.010425915595593301,0.3619555973578501,0.1031112847125873,0.03712647871305651,0.3490085003575098
wf2023,H01,0.5,0.05321198530311329,0.156629346790422,0.010426569839160925,0.36514562720662364,0.10674587122544432,0.04375576318609273,0.3501805845371303
wf2023,H01,0.6,0.053077004819327964,0.1568011505533224,0.009929682622375915,0.3652922423070151,0.10249343475096129,0.04829084559880736,0.3489999275663068
wf2023,H01,0.8,0.05207114119936431,0.15078199338928558,0.009714525032676821,0.36314869698672836,0.09038047343505369,0.05521307289785666,0.3450282410004588
wf2023,H01,1.0,0.051229092876369654,0.16780962738116806,0.010638185171025272,0.36764306981359063,0.1020221524842459,0.06075216813346616,0.347906827344514
wf2023,mix,0.0,0.08417692161172396,0.19004734967257125,0.008413965687869321,0.3881607838401001,0.12428884169268438,0.06032348180426195,0.36843323144613405
wf2023,mix,0.2,0.08198354742693505,0.1780515862782242,0.0087349439457546,0.3835884116705149,0.11196182702956693,0.06106639133244278,0.3637614838959177
wf2023,mix,0.4,0.07934445235837129,0.16056922781429275,0.00893044203105609,0.3772294166783195,0.09315535709934139,0.0619803393888737,0.3570052554638341
wf2023,mix,0.5,0.07805561063336365,0.1589937034686813,0.009092014528858028,0.3761927509352925,0.09179011599781302,0.06198489240428591,0.35603167469403196
wf2023,mix,0.6,0.07610995038927157,0.154610264314679,0.009306078570362015,0.37403523587900367,0.08919355549367708,0.060156343148175195,0.3544102232327031
wf2023,mix,0.8,0.0727385956259128,0.16115949692826098,0.009662052038024496,0.37454467171743605,0.09781371882615059,0.0585322868158443,0.3555409382868029
wf2023,mix,1.0,0.06771629585360407,0.14636438458724435,0.010566996113767341,0.3678257348834847,0.0884348355648495,0.05289424225893889,0.35044687017676623
confirm2024,H01,0.0,0.08435622473599051,0.20116223377203254,0.022362706932013355,0.3873823479464019,0.19628653354554995,0.001963412274957546,0.3859196378784572
confirm2024,H01,0.2,0.08463090683933264,0.18419239326113698,0.02056957834994159,0.3829392072090917,0.16299868009714605,0.01876892930171442,0.3765810932598944
confirm2024,H01,0.4,0.08354096480064212,0.1670725530591424,0.019077672006603864,0.3778148502360184,0.13931873787737956,0.0256386413169521,0.36948870568148956
confirm2024,H01,0.5,0.0832575497295804,0.17276235433445372,0.01861611421574503,0.37954689192744473,0.1381430710994935,0.032112436728015635,0.3691611069569567
confirm2024,H01,0.6,0.0824966298051209,0.16842020197840404,0.018134286862529318,0.3780844264568108,0.1304351984200316,0.03506562623762255,0.36668892538929904
confirm2024,H01,0.8,0.0806937403731638,0.15306497635264088,0.017607009413777467,0.37291488623092456,0.10630146729263093,0.044290792391763124,0.3588858335129216
confirm2024,H01,1.0,0.07874737837664016,0.12591668352296526,0.017947632543398026,0.3638896666445262,0.07910189519086329,0.04446039280398089,0.34984523014489566
confirm2024,mix,0.0,0.1043542020470359,0.2231257396230732,0.019714786428165713,0.40276496677728657,0.1491832925569452,0.07118102707762304,0.38058223265744817
confirm2024,mix,0.2,0.10375383626669485,0.20955868718210535,0.018952944634954935,0.39868325727082304,0.1353027497529535,0.07149027389155385,0.3764064760420775
confirm2024,mix,0.4,0.10230355956829208,0.2060786135052952,0.019250884968708925,0.3969697423882927,0.13045380612691101,0.07134189065841971,0.3742823001747774
confirm2024,mix,0.5,0.1011648899292009,0.21011343120160622,0.01887411958043044,0.3978377494580331,0.13564004519829512,0.07038046319211075,0.37549573365703975
confirm2024,mix,0.6,0.09956408594864496,0.20050500654911693,0.019069689895871468,0.39425622937543164,0.1275988601811685,0.06861089782528397,0.3723843854650471
confirm2024,mix,0.8,0.09601053582695901,0.1921157025472836,0.01897148255904954,0.3903474803272538,0.12726721541783567,0.06093613257604139,0.3708929341884194
confirm2024,mix,1.0,0.09153357984978486,0.17971547485077569,0.01962840141631936,0.38463955397025085,0.13824705499859458,0.03823056485350949,0.3721990280145965
