held,split,fold,w_F1,ic,excess,turnover,final,alpha,profile,np
wf2021,train,wf2022,0.0,0.0976155100282561,0.206105013162815,0.0165801289743527,0.3959036692678411,0.1497132687597706,0.0509434522401532,0.3789861459469278
wf2021,train,wf2023,0.0,0.070297357222783,0.14019650325137,0.0123251043811988,0.3664803625501646,0.1395516214935375,-0.0044895254959744,0.36628689802281483
wf2021,train,confirm2024,0.0,0.0976505474597683,0.2331835648457908,0.0219712960785604,0.4024238996140764,0.2106124710843244,0.0194625062644038,0.3956525714856365
wf2021,held,wf2021,0.0,0.0813148531279103,0.2479253121366945,0.0227183364095619,0.4000880339693038,0.2449386596964261,-0.0084818201331506,0.3991920382372233
wf2021,train,wf2022,0.025,0.09755469531926,0.206662802355297,0.0165088190425617,0.3960680731215246,0.1508372451541815,0.0502139745121487,0.3793204059611899
wf2021,train,wf2023,0.025,0.0699324479597346,0.139897781370755,0.0121826643238585,0.3662875142979628,0.1401038619167934,-0.0053634939135548,0.3663493384617743
wf2021,train,confirm2024,0.025,0.0975626343850185,0.2309325276170614,0.0218288899760672,0.4017561450463056,0.2099411169622477,0.0178302000080149,0.3954587218498615
wf2021,held,wf2021,0.025,0.0812096588218395,0.249610040670395,0.022788442753418,0.4005303429038289,0.2472773493828727,-0.0091366010092887,0.3998305355175722
wf2021,train,wf2022,0.05,0.097549960906854,0.2058858331282154,0.0164731801717206,0.39584378024969,0.1490884778145241,0.0511781040514551,0.3788045736555826
wf2021,train,wf2023,0.05,0.0696559912304495,0.1405150107712899,0.0121102162280611,0.3663838348551484,0.1415588239558066,-0.0056941693506055,0.36669697881050345
wf2021,train,confirm2024,0.05,0.0975150294874787,0.231775633932676,0.0219312455808003,0.4019593283005541,0.2103317485212287,0.0181743122663183,0.39552616267712
wf2021,held,wf2021,0.05,0.0812631307259261,0.2530773674570895,0.0227700825087503,0.4015974377748722,0.2524467595592651,-0.0107176858010109,0.4014082554055248
wf2021,train,wf2022,0.075,0.0976261994488371,0.2083443593884207,0.0165102051583581,0.3966007260485536,0.151207163573149,0.0514109635813097,0.3794595673039721
wf2021,train,wf2023,0.075,0.0693807330809211,0.137071596357148,0.0120751171861856,0.3652512369836571,0.138591866640756,-0.0062631253930668,0.3657073180687395
wf2021,train,confirm2024,0.075,0.0975444845402107,0.2307448153722488,0.0220022074754513,0.4016405761851235,0.2099753873014331,0.0176695138172883,0.3954097477638788
wf2021,held,wf2021,0.075,0.0812904453911181,0.2519745775563065,0.0228060883840326,0.4012667249081293,0.2514547242340698,-0.0105222877478106,0.40111076891145836
wf2021,train,wf2022,0.1,0.0975719599755036,0.2064633621063936,0.0164738298083258,0.3960256436796218,0.1491145002697896,0.0521615294251714,0.3788209851286406
wf2021,train,wf2023,0.1,0.0692307259604899,0.1407418781106156,0.0120927492822382,0.3662870290327091,0.1413213327662588,-0.0051768559579934,0.3664608654294021
wf2021,train,confirm2024,0.1,0.0974969413357699,0.2282920815189043,0.0217732085275003,0.4009544384317292,0.2079143113343105,0.0172747622171273,0.394841107376351
wf2021,held,wf2021,0.1,0.0812239610944066,0.2527381997470165,0.0228059420389178,0.4014692617501922,0.2517987115235766,-0.0104391806363729,0.40118741528316026
wf2021,train,wf2022,0.125,0.0975340249839264,0.2078451939374933,0.0165279803421522,0.3964087740721729,0.1509419836229868,0.0511277476390077,0.37933781097782093
wf2021,train,wf2023,0.125,0.0689917374456143,0.1395473600735571,0.0122872594959118,0.3657747251515393,0.1414827292570653,-0.0062270737178085,0.36635533590659175
wf2021,train,confirm2024,0.125,0.0974770210601901,0.230633788547432,0.0219117447213429,0.4016074215719027,0.2093792394971027,0.0182127317415224,0.39523105685680393
wf2021,held,wf2021,0.125,0.0810874346634035,0.2586695293482101,0.0228241923980337,0.4031885749504144,0.257783031262012,-0.0103403880324498,0.40292262552455493
wf2021,train,wf2022,0.15,0.0975260931454752,0.2067291586864635,0.0165098049656435,0.3960762433744361,0.1501232866463167,0.051012653047591,0.379094481762392
wf2021,train,wf2023,0.15,0.0690155392127245,0.1452874885646048,0.0122694314988627,0.3675116328048124,0.1462166233602832,-0.0054795855714858,0.36779037324351593
wf2021,train,confirm2024,0.15,0.0974299002924834,0.2290835835110085,0.0219472568695833,0.4011128581094209,0.2083272559450585,0.0178197044649362,0.3948859598396359
wf2021,held,wf2021,0.15,0.0811061009290115,0.2546593019020238,0.0227010432300757,0.402029917973189,0.2552240189199796,-0.0113315824434666,0.4021993330785757
wf2021,train,wf2022,0.175,0.0974905081427504,0.205772228468457,0.0164204557600842,0.3958017350696119,0.1487449614677906,0.0515131961298039,0.37869355496941204
wf2021,train,wf2023,0.175,0.0688840313024917,0.1444098029315839,0.0123058765872655,0.3671847904242922,0.144842917654023,-0.005190297982548,0.36731472484102395
wf2021,train,confirm2024,0.175,0.0973874318673632,0.226829398374811,0.021842718404521,0.4004509767380323,0.2066091585038687,0.0172816627939315,0.3943849047767496
wf2021,held,wf2021,0.175,0.0810555985922498,0.2542942970180024,0.0226663143817205,0.4019106342277845,0.2543617456817272,-0.0108932721144873,0.4019308688269019
wf2021,train,wf2022,0.2,0.0975392911183693,0.2065460768495796,0.016421053498493,0.3960532234526737,0.1490629113859563,0.051791078456673,0.37880827381358667
wf2021,train,wf2023,0.2,0.068787696937126,0.1439562725265779,0.0122178131509207,0.3670366165875475,0.1444310161981253,-0.0050783499237587,0.3671790396890117
wf2021,train,confirm2024,0.2,0.0972591295059071,0.2258313190692651,0.0216998676550419,0.4001430872266298,0.2053485632302593,0.0175372491991108,0.39399826047492803
wf2021,held,wf2021,0.2,0.0809359764196301,0.2529940049307539,0.0225602892923629,0.4015045052593694,0.2546575923958479,-0.0123536086860663,0.40200358149889753
wf2021,train,wf2022,0.225,0.0975605615313931,0.2095078109035193,0.0163853045931687,0.3969609765056624,0.1519546002083363,0.0518282285697362,0.37969501329710753
wf2021,train,wf2023,0.225,0.0686273262099326,0.144030814386237,0.0123238944451154,0.3669630064663094,0.1446095252649383,-0.0054077468267898,0.3671366197299199
wf2021,train,confirm2024,0.225,0.0972439271546923,0.2257186896950355,0.0217717232212131,0.4000816608040236,0.2050873056811534,0.0175536882790109,0.39389224559985897
wf2021,held,wf2021,0.225,0.0809458316784464,0.2540152081719032,0.0226847847503645,0.4017774596978402,0.2562796869470977,-0.012331506908254,0.40245680333039846
wf2021,train,wf2022,0.25,0.0974955268046166,0.2081600213458228,0.0163502015628687,0.3965411566567328,0.1503672808231978,0.0519757866525926,0.37920333449994537
wf2021,train,wf2023,0.25,0.0684666434618895,0.1414664893862059,0.0123061444621234,0.3661347608619805,0.142068422645085,-0.0058275516688271,0.36631534083964423
wf2021,train,confirm2024,0.25,0.0971879591583305,0.2234059757359046,0.0218050205079585,0.399355470231716,0.2040149569783885,0.016805327821731,0.39353816460446117
wf2021,held,wf2021,0.25,0.0808899436062624,0.2510932182506411,0.0227734467815916,0.4008519088832198,0.25489097508609,-0.0136629731995962,0.40199123593385444
wf2021,train,wf2022,0.275,0.0973835783771516,0.2087824156298634,0.0163502162369698,0.3966830911687287,0.151139156654942,0.0518268467842641,0.3793901134762523
wf2021,train,wf2023,0.275,0.0682673756031586,0.1408233108403777,0.0122876549915607,0.3658676469959085,0.1418635505359865,-0.006218748002354,0.36617971890459117
wf2021,train,confirm2024,0.275,0.0972418070055552,0.2240994415398144,0.021789105948369,0.3995898234796556,0.2045920661716974,0.0169447229847677,0.3937376108692206
wf2021,held,wf2021,0.275,0.0808427504455185,0.2509063437058622,0.0226318570466689,0.4008194461759654,0.2542111342180064,-0.0135755281875994,0.4018108833296086
wf2021,train,wf2022,0.3,0.0972570779793854,0.2058553432698434,0.0162976527863617,0.3957701383367986,0.1477096334532135,0.0520505308722913,0.3783264253918097
wf2021,train,wf2023,0.3,0.0683970691045046,0.1408701758401717,0.0123941549465188,0.3659016339098977,0.1413540714895557,-0.0057586206515903,0.3660468026047129
wf2021,train,confirm2024,0.3,0.0970826588031267,0.2214713944147473,0.0218071688090576,0.3987323312029576,0.2019961137145409,0.0172235169902895,0.39288974699289564
wf2021,held,wf2021,0.3,0.0807829910882659,0.2509873276195375,0.0228091473033889,0.4007666505301509,0.2544318585116739,-0.0133781132008623,0.40180000979779185
wf2021,train,wf2022,0.325,0.0973124477548287,0.2079578255571372,0.0162976527863617,0.3964230309331641,0.1496898146457254,0.052173838243929,0.37894262765974057
wf2021,train,wf2023,0.325,0.0682902577464382,0.1390934683858237,0.0123762161261812,0.365331278776468,0.1400352234935093,-0.0061536471070095,0.3656138053087737
wf2021,train,confirm2024,0.325,0.0970405168133749,0.2178708600550983,0.0216815952497448,0.397672986166956,0.1969232527675573,0.0184441179591622,0.3913887039806937
wf2021,held,wf2021,0.325,0.0805660535956502,0.2460438956030395,0.0227039343730281,0.3992284098072635,0.2495685887666864,-0.0136275656386136,0.4002858177563576
wf2021,train,wf2022,0.35,0.0973360421180896,0.2113986675140188,0.0164050002014033,0.3974325170410205,0.1527593776184503,0.0525371671070999,0.37984073007234986
wf2021,train,wf2023,0.35,0.0681076022173743,0.1409698222528141,0.0124119477679055,0.3658104032324223,0.1415382038307012,-0.0056716647531138,0.3659809177057884
wf2021,train,confirm2024,0.35,0.0969939609237998,0.2154831058427133,0.0216458554914884,0.3969487594748874,0.1945602850612174,0.0185295030954559,0.3906719132404386
wf2021,held,wf2021,0.35,0.0805029057440183,0.2451952536425775,0.0227389035754541,0.3989380673177444,0.2497989058710855,-0.0137170574195688,0.4003191629862968
wf2021,train,wf2022,0.375,0.0971322994821909,0.2113374934373259,0.0164405752038965,0.3973219952629052,0.1530720613225092,0.0521599173513753,0.3798423656284602
wf2021,train,wf2023,0.375,0.0680192247295155,0.1432373701139954,0.0122875399512925,0.366492638940617,0.1441324441726434,-0.0057813485711362,0.36676116115821145
wf2021,train,confirm2024,0.375,0.0968871258388602,0.2132506490931049,0.021504717839542,0.3962786297116129,0.1932039581534033,0.0177984440731765,0.39026462242970245
wf2021,held,wf2021,0.375,0.080366222014415,0.249893108277706,0.0226683261534701,0.4003139234430368,0.2546846375300726,-0.0138692569649252,0.40175138221874673
wf2021,train,wf2022,0.4,0.0971100085677042,0.2141912342677094,0.0164764222824795,0.3981584470226507,0.1553455042648979,0.052657392187137,0.38050472802180724
wf2021,train,wf2023,0.4,0.0678121477073657,0.1387920216346001,0.0123226093413906,0.3650656827709091,0.1394666029865315,-0.005741978783347,0.3652680571764885
wf2021,train,confirm2024,0.4,0.0968367370178254,0.214700960145804,0.0215782161571683,0.3966715180037209,0.1945885279619292,0.0176349620415637,0.3906377883485584
wf2021,held,wf2021,0.4,0.080353315441334,0.2488853372306297,0.0227923298594567,0.3999692283878855,0.2528093133490358,-0.0135844461043442,0.4011464212234074
wf2021,train,wf2022,0.425,0.0969971170460516,0.2104355396278578,0.0164942653040182,0.3969812291155725,0.1511518483327878,0.0530834719771224,0.3791961217270515
wf2021,train,wf2023,0.425,0.0674976874456936,0.1369548313309687,0.0121992968342691,0.3644257353272873,0.1372447036078848,-0.0052617538051632,0.3645126970103621
wf2021,train,confirm2024,0.425,0.096789163979073,0.2141996314176197,0.0216477260566511,0.3964812371999198,0.1937947885985098,0.0179300351459899,0.3903597843541868
wf2021,held,wf2021,0.425,0.0802507404936253,0.245110994747485,0.0226680003602256,0.3988331945136279,0.2486049568956643,-0.0131555490947594,0.3998813831580817
wf2021,train,wf2022,0.45,0.096865670766449,0.2087764887764937,0.0164585839234747,0.3964416397624853,0.1503778664269034,0.0523080222986759,0.3789220530576082
wf2021,train,wf2023,0.45,0.0674504091795926,0.1330815166888568,0.0121809560956128,0.3632503318498102,0.1337378894772018,-0.0056131402989759,0.3634472436863137
wf2021,train,confirm2024,0.45,0.0966877434788666,0.2132160210435252,0.0216827585957381,0.3961350761258828,0.193769922575619,0.0169790890352008,0.3903012465855109
wf2021,held,wf2021,0.45,0.0801631250371838,0.2436701467346531,0.0226680003602256,0.3983658939272018,0.2476849836276924,-0.0133520530329664,0.3995703449951135
wf2021,train,wf2022,0.475,0.09676126742474,0.207048920928379,0.0162809514285367,0.3959348978198487,0.1477635887566391,0.0531951895680157,0.3781492981683267
wf2021,train,wf2023,0.475,0.0674878196142226,0.1365038497405252,0.0120920051211373,0.3643186812315054,0.1374596388776529,-0.0059062902572595,0.36460541797264373
wf2021,train,confirm2024,0.475,0.0965627785286812,0.2137477289936201,0.0218394955480094,0.3961975814451557,0.1937109704395173,0.0175697003671468,0.39018655387892487
wf2021,held,wf2021,0.475,0.0801152519542575,0.2430414917345286,0.0226673898583488,0.3981583313445569,0.2464881283820432,-0.0129940282030064,0.3991923223388113
wf2021,train,wf2022,0.5,0.0966684153886589,0.2054478975415983,0.0163705092687779,0.3953905826373097,0.1463892108534865,0.0530067841023273,0.3776729766308761
wf2021,train,wf2023,0.5,0.0673799624076859,0.1377750926868761,0.0120921616417653,0.3646568642766076,0.139619948638952,-0.0063587255830321,0.36521032106223034
wf2021,train,confirm2024,0.5,0.0964279309577149,0.2141324540818387,0.0216643546292037,0.3963116022188764,0.193906691508943,0.0177682812035285,0.3902438734470077
wf2021,held,wf2021,0.5,0.0799424674655105,0.2462382299901699,0.0226837700817965,0.3990433249587162,0.2494363949143319,-0.0131089093177288,0.4000027744359648
wf2022,train,wf2021,0.0,0.0813148531279103,0.2479253121366945,0.0227183364095619,0.4000880339693038,0.2449386596964261,-0.0084818201331506,0.3991920382372233
wf2022,train,wf2023,0.0,0.070297357222783,0.14019650325137,0.0123251043811988,0.3664803625501646,0.1395516214935375,-0.0044895254959744,0.36628689802281483
wf2022,train,confirm2024,0.0,0.0976505474597683,0.2331835648457908,0.0219712960785604,0.4024238996140764,0.2106124710843244,0.0194625062644038,0.3956525714856365
wf2022,held,wf2022,0.0,0.0976155100282561,0.206105013162815,0.0165801289743527,0.3959036692678411,0.1497132687597706,0.0509434522401532,0.3789861459469278
wf2022,train,wf2021,0.025,0.0812096588218395,0.249610040670395,0.022788442753418,0.4005303429038289,0.2472773493828727,-0.0091366010092887,0.3998305355175722
wf2022,train,wf2023,0.025,0.0699324479597346,0.139897781370755,0.0121826643238585,0.3662875142979628,0.1401038619167934,-0.0053634939135548,0.3663493384617743
wf2022,train,confirm2024,0.025,0.0975626343850185,0.2309325276170614,0.0218288899760672,0.4017561450463056,0.2099411169622477,0.0178302000080149,0.3954587218498615
wf2022,held,wf2022,0.025,0.09755469531926,0.206662802355297,0.0165088190425617,0.3960680731215246,0.1508372451541815,0.0502139745121487,0.3793204059611899
wf2022,train,wf2021,0.05,0.0812631307259261,0.2530773674570895,0.0227700825087503,0.4015974377748722,0.2524467595592651,-0.0107176858010109,0.4014082554055248
wf2022,train,wf2023,0.05,0.0696559912304495,0.1405150107712899,0.0121102162280611,0.3663838348551484,0.1415588239558066,-0.0056941693506055,0.36669697881050345
wf2022,train,confirm2024,0.05,0.0975150294874787,0.231775633932676,0.0219312455808003,0.4019593283005541,0.2103317485212287,0.0181743122663183,0.39552616267712
wf2022,held,wf2022,0.05,0.097549960906854,0.2058858331282154,0.0164731801717206,0.39584378024969,0.1490884778145241,0.0511781040514551,0.3788045736555826
wf2022,train,wf2021,0.075,0.0812904453911181,0.2519745775563065,0.0228060883840326,0.4012667249081293,0.2514547242340698,-0.0105222877478106,0.40111076891145836
wf2022,train,wf2023,0.075,0.0693807330809211,0.137071596357148,0.0120751171861856,0.3652512369836571,0.138591866640756,-0.0062631253930668,0.3657073180687395
wf2022,train,confirm2024,0.075,0.0975444845402107,0.2307448153722488,0.0220022074754513,0.4016405761851235,0.2099753873014331,0.0176695138172883,0.3954097477638788
wf2022,held,wf2022,0.075,0.0976261994488371,0.2083443593884207,0.0165102051583581,0.3966007260485536,0.151207163573149,0.0514109635813097,0.3794595673039721
wf2022,train,wf2021,0.1,0.0812239610944066,0.2527381997470165,0.0228059420389178,0.4014692617501922,0.2517987115235766,-0.0104391806363729,0.40118741528316026
wf2022,train,wf2023,0.1,0.0692307259604899,0.1407418781106156,0.0120927492822382,0.3662870290327091,0.1413213327662588,-0.0051768559579934,0.3664608654294021
wf2022,train,confirm2024,0.1,0.0974969413357699,0.2282920815189043,0.0217732085275003,0.4009544384317292,0.2079143113343105,0.0172747622171273,0.394841107376351
wf2022,held,wf2022,0.1,0.0975719599755036,0.2064633621063936,0.0164738298083258,0.3960256436796218,0.1491145002697896,0.0521615294251714,0.3788209851286406
wf2022,train,wf2021,0.125,0.0810874346634035,0.2586695293482101,0.0228241923980337,0.4031885749504144,0.257783031262012,-0.0103403880324498,0.40292262552455493
wf2022,train,wf2023,0.125,0.0689917374456143,0.1395473600735571,0.0122872594959118,0.3657747251515393,0.1414827292570653,-0.0062270737178085,0.36635533590659175
wf2022,train,confirm2024,0.125,0.0974770210601901,0.230633788547432,0.0219117447213429,0.4016074215719027,0.2093792394971027,0.0182127317415224,0.39523105685680393
wf2022,held,wf2022,0.125,0.0975340249839264,0.2078451939374933,0.0165279803421522,0.3964087740721729,0.1509419836229868,0.0511277476390077,0.37933781097782093
wf2022,train,wf2021,0.15,0.0811061009290115,0.2546593019020238,0.0227010432300757,0.402029917973189,0.2552240189199796,-0.0113315824434666,0.4021993330785757
wf2022,train,wf2023,0.15,0.0690155392127245,0.1452874885646048,0.0122694314988627,0.3675116328048124,0.1462166233602832,-0.0054795855714858,0.36779037324351593
wf2022,train,confirm2024,0.15,0.0974299002924834,0.2290835835110085,0.0219472568695833,0.4011128581094209,0.2083272559450585,0.0178197044649362,0.3948859598396359
wf2022,held,wf2022,0.15,0.0975260931454752,0.2067291586864635,0.0165098049656435,0.3960762433744361,0.1501232866463167,0.051012653047591,0.379094481762392
wf2022,train,wf2021,0.175,0.0810555985922498,0.2542942970180024,0.0226663143817205,0.4019106342277845,0.2543617456817272,-0.0108932721144873,0.4019308688269019
wf2022,train,wf2023,0.175,0.0688840313024917,0.1444098029315839,0.0123058765872655,0.3671847904242922,0.144842917654023,-0.005190297982548,0.36731472484102395
wf2022,train,confirm2024,0.175,0.0973874318673632,0.226829398374811,0.021842718404521,0.4004509767380323,0.2066091585038687,0.0172816627939315,0.3943849047767496
wf2022,held,wf2022,0.175,0.0974905081427504,0.205772228468457,0.0164204557600842,0.3958017350696119,0.1487449614677906,0.0515131961298039,0.37869355496941204
wf2022,train,wf2021,0.2,0.0809359764196301,0.2529940049307539,0.0225602892923629,0.4015045052593694,0.2546575923958479,-0.0123536086860663,0.40200358149889753
wf2022,train,wf2023,0.2,0.068787696937126,0.1439562725265779,0.0122178131509207,0.3670366165875475,0.1444310161981253,-0.0050783499237587,0.3671790396890117
wf2022,train,confirm2024,0.2,0.0972591295059071,0.2258313190692651,0.0216998676550419,0.4001430872266298,0.2053485632302593,0.0175372491991108,0.39399826047492803
wf2022,held,wf2022,0.2,0.0975392911183693,0.2065460768495796,0.016421053498493,0.3960532234526737,0.1490629113859563,0.051791078456673,0.37880827381358667
wf2022,train,wf2021,0.225,0.0809458316784464,0.2540152081719032,0.0226847847503645,0.4017774596978402,0.2562796869470977,-0.012331506908254,0.40245680333039846
wf2022,train,wf2023,0.225,0.0686273262099326,0.144030814386237,0.0123238944451154,0.3669630064663094,0.1446095252649383,-0.0054077468267898,0.3671366197299199
wf2022,train,confirm2024,0.225,0.0972439271546923,0.2257186896950355,0.0217717232212131,0.4000816608040236,0.2050873056811534,0.0175536882790109,0.39389224559985897
wf2022,held,wf2022,0.225,0.0975605615313931,0.2095078109035193,0.0163853045931687,0.3969609765056624,0.1519546002083363,0.0518282285697362,0.37969501329710753
wf2022,train,wf2021,0.25,0.0808899436062624,0.2510932182506411,0.0227734467815916,0.4008519088832198,0.25489097508609,-0.0136629731995962,0.40199123593385444
wf2022,train,wf2023,0.25,0.0684666434618895,0.1414664893862059,0.0123061444621234,0.3661347608619805,0.142068422645085,-0.0058275516688271,0.36631534083964423
wf2022,train,confirm2024,0.25,0.0971879591583305,0.2234059757359046,0.0218050205079585,0.399355470231716,0.2040149569783885,0.016805327821731,0.39353816460446117
wf2022,held,wf2022,0.25,0.0974955268046166,0.2081600213458228,0.0163502015628687,0.3965411566567328,0.1503672808231978,0.0519757866525926,0.37920333449994537
wf2022,train,wf2021,0.275,0.0808427504455185,0.2509063437058622,0.0226318570466689,0.4008194461759654,0.2542111342180064,-0.0135755281875994,0.4018108833296086
wf2022,train,wf2023,0.275,0.0682673756031586,0.1408233108403777,0.0122876549915607,0.3658676469959085,0.1418635505359865,-0.006218748002354,0.36617971890459117
wf2022,train,confirm2024,0.275,0.0972418070055552,0.2240994415398144,0.021789105948369,0.3995898234796556,0.2045920661716974,0.0169447229847677,0.3937376108692206
wf2022,held,wf2022,0.275,0.0973835783771516,0.2087824156298634,0.0163502162369698,0.3966830911687287,0.151139156654942,0.0518268467842641,0.3793901134762523
wf2022,train,wf2021,0.3,0.0807829910882659,0.2509873276195375,0.0228091473033889,0.4007666505301509,0.2544318585116739,-0.0133781132008623,0.40180000979779185
wf2022,train,wf2023,0.3,0.0683970691045046,0.1408701758401717,0.0123941549465188,0.3659016339098977,0.1413540714895557,-0.0057586206515903,0.3660468026047129
wf2022,train,confirm2024,0.3,0.0970826588031267,0.2214713944147473,0.0218071688090576,0.3987323312029576,0.2019961137145409,0.0172235169902895,0.39288974699289564
wf2022,held,wf2022,0.3,0.0972570779793854,0.2058553432698434,0.0162976527863617,0.3957701383367986,0.1477096334532135,0.0520505308722913,0.3783264253918097
wf2022,train,wf2021,0.325,0.0805660535956502,0.2460438956030395,0.0227039343730281,0.3992284098072635,0.2495685887666864,-0.0136275656386136,0.4002858177563576
wf2022,train,wf2023,0.325,0.0682902577464382,0.1390934683858237,0.0123762161261812,0.365331278776468,0.1400352234935093,-0.0061536471070095,0.3656138053087737
wf2022,train,confirm2024,0.325,0.0970405168133749,0.2178708600550983,0.0216815952497448,0.397672986166956,0.1969232527675573,0.0184441179591622,0.3913887039806937
wf2022,held,wf2022,0.325,0.0973124477548287,0.2079578255571372,0.0162976527863617,0.3964230309331641,0.1496898146457254,0.052173838243929,0.37894262765974057
wf2022,train,wf2021,0.35,0.0805029057440183,0.2451952536425775,0.0227389035754541,0.3989380673177444,0.2497989058710855,-0.0137170574195688,0.4003191629862968
wf2022,train,wf2023,0.35,0.0681076022173743,0.1409698222528141,0.0124119477679055,0.3658104032324223,0.1415382038307012,-0.0056716647531138,0.3659809177057884
wf2022,train,confirm2024,0.35,0.0969939609237998,0.2154831058427133,0.0216458554914884,0.3969487594748874,0.1945602850612174,0.0185295030954559,0.3906719132404386
wf2022,held,wf2022,0.35,0.0973360421180896,0.2113986675140188,0.0164050002014033,0.3974325170410205,0.1527593776184503,0.0525371671070999,0.37984073007234986
wf2022,train,wf2021,0.375,0.080366222014415,0.249893108277706,0.0226683261534701,0.4003139234430368,0.2546846375300726,-0.0138692569649252,0.40175138221874673
wf2022,train,wf2023,0.375,0.0680192247295155,0.1432373701139954,0.0122875399512925,0.366492638940617,0.1441324441726434,-0.0057813485711362,0.36676116115821145
wf2022,train,confirm2024,0.375,0.0968871258388602,0.2132506490931049,0.021504717839542,0.3962786297116129,0.1932039581534033,0.0177984440731765,0.39026462242970245
wf2022,held,wf2022,0.375,0.0971322994821909,0.2113374934373259,0.0164405752038965,0.3973219952629052,0.1530720613225092,0.0521599173513753,0.3798423656284602
wf2022,train,wf2021,0.4,0.080353315441334,0.2488853372306297,0.0227923298594567,0.3999692283878855,0.2528093133490358,-0.0135844461043442,0.4011464212234074
wf2022,train,wf2023,0.4,0.0678121477073657,0.1387920216346001,0.0123226093413906,0.3650656827709091,0.1394666029865315,-0.005741978783347,0.3652680571764885
wf2022,train,confirm2024,0.4,0.0968367370178254,0.214700960145804,0.0215782161571683,0.3966715180037209,0.1945885279619292,0.0176349620415637,0.3906377883485584
wf2022,held,wf2022,0.4,0.0971100085677042,0.2141912342677094,0.0164764222824795,0.3981584470226507,0.1553455042648979,0.052657392187137,0.38050472802180724
wf2022,train,wf2021,0.425,0.0802507404936253,0.245110994747485,0.0226680003602256,0.3988331945136279,0.2486049568956643,-0.0131555490947594,0.3998813831580817
wf2022,train,wf2023,0.425,0.0674976874456936,0.1369548313309687,0.0121992968342691,0.3644257353272873,0.1372447036078848,-0.0052617538051632,0.3645126970103621
wf2022,train,confirm2024,0.425,0.096789163979073,0.2141996314176197,0.0216477260566511,0.3964812371999198,0.1937947885985098,0.0179300351459899,0.3903597843541868
wf2022,held,wf2022,0.425,0.0969971170460516,0.2104355396278578,0.0164942653040182,0.3969812291155725,0.1511518483327878,0.0530834719771224,0.3791961217270515
wf2022,train,wf2021,0.45,0.0801631250371838,0.2436701467346531,0.0226680003602256,0.3983658939272018,0.2476849836276924,-0.0133520530329664,0.3995703449951135
wf2022,train,wf2023,0.45,0.0674504091795926,0.1330815166888568,0.0121809560956128,0.3632503318498102,0.1337378894772018,-0.0056131402989759,0.3634472436863137
wf2022,train,confirm2024,0.45,0.0966877434788666,0.2132160210435252,0.0216827585957381,0.3961350761258828,0.193769922575619,0.0169790890352008,0.3903012465855109
wf2022,held,wf2022,0.45,0.096865670766449,0.2087764887764937,0.0164585839234747,0.3964416397624853,0.1503778664269034,0.0523080222986759,0.3789220530576082
wf2022,train,wf2021,0.475,0.0801152519542575,0.2430414917345286,0.0226673898583488,0.3981583313445569,0.2464881283820432,-0.0129940282030064,0.3991923223388113
wf2022,train,wf2023,0.475,0.0674878196142226,0.1365038497405252,0.0120920051211373,0.3643186812315054,0.1374596388776529,-0.0059062902572595,0.36460541797264373
wf2022,train,confirm2024,0.475,0.0965627785286812,0.2137477289936201,0.0218394955480094,0.3961975814451557,0.1937109704395173,0.0175697003671468,0.39018655387892487
wf2022,held,wf2022,0.475,0.09676126742474,0.207048920928379,0.0162809514285367,0.3959348978198487,0.1477635887566391,0.0531951895680157,0.3781492981683267
wf2022,train,wf2021,0.5,0.0799424674655105,0.2462382299901699,0.0226837700817965,0.3990433249587162,0.2494363949143319,-0.0131089093177288,0.4000027744359648
wf2022,train,wf2023,0.5,0.0673799624076859,0.1377750926868761,0.0120921616417653,0.3646568642766076,0.139619948638952,-0.0063587255830321,0.36521032106223034
wf2022,train,confirm2024,0.5,0.0964279309577149,0.2141324540818387,0.0216643546292037,0.3963116022188764,0.193906691508943,0.0177682812035285,0.3902438734470077
wf2022,held,wf2022,0.5,0.0966684153886589,0.2054478975415983,0.0163705092687779,0.3953905826373097,0.1463892108534865,0.0530067841023273,0.3776729766308761
wf2023,train,wf2021,0.0,0.0813148531279103,0.2479253121366945,0.0227183364095619,0.4000880339693038,0.2449386596964261,-0.0084818201331506,0.3991920382372233
wf2023,train,wf2022,0.0,0.0976155100282561,0.206105013162815,0.0165801289743527,0.3959036692678411,0.1497132687597706,0.0509434522401532,0.3789861459469278
wf2023,train,confirm2024,0.0,0.0976505474597683,0.2331835648457908,0.0219712960785604,0.4024238996140764,0.2106124710843244,0.0194625062644038,0.3956525714856365
wf2023,held,wf2023,0.0,0.070297357222783,0.14019650325137,0.0123251043811988,0.3664803625501646,0.1395516214935375,-0.0044895254959744,0.36628689802281483
wf2023,train,wf2021,0.025,0.0812096588218395,0.249610040670395,0.022788442753418,0.4005303429038289,0.2472773493828727,-0.0091366010092887,0.3998305355175722
wf2023,train,wf2022,0.025,0.09755469531926,0.206662802355297,0.0165088190425617,0.3960680731215246,0.1508372451541815,0.0502139745121487,0.3793204059611899
wf2023,train,confirm2024,0.025,0.0975626343850185,0.2309325276170614,0.0218288899760672,0.4017561450463056,0.2099411169622477,0.0178302000080149,0.3954587218498615
wf2023,held,wf2023,0.025,0.0699324479597346,0.139897781370755,0.0121826643238585,0.3662875142979628,0.1401038619167934,-0.0053634939135548,0.3663493384617743
wf2023,train,wf2021,0.05,0.0812631307259261,0.2530773674570895,0.0227700825087503,0.4015974377748722,0.2524467595592651,-0.0107176858010109,0.4014082554055248
wf2023,train,wf2022,0.05,0.097549960906854,0.2058858331282154,0.0164731801717206,0.39584378024969,0.1490884778145241,0.0511781040514551,0.3788045736555826
wf2023,train,confirm2024,0.05,0.0975150294874787,0.231775633932676,0.0219312455808003,0.4019593283005541,0.2103317485212287,0.0181743122663183,0.39552616267712
wf2023,held,wf2023,0.05,0.0696559912304495,0.1405150107712899,0.0121102162280611,0.3663838348551484,0.1415588239558066,-0.0056941693506055,0.36669697881050345
wf2023,train,wf2021,0.075,0.0812904453911181,0.2519745775563065,0.0228060883840326,0.4012667249081293,0.2514547242340698,-0.0105222877478106,0.40111076891145836
wf2023,train,wf2022,0.075,0.0976261994488371,0.2083443593884207,0.0165102051583581,0.3966007260485536,0.151207163573149,0.0514109635813097,0.3794595673039721
wf2023,train,confirm2024,0.075,0.0975444845402107,0.2307448153722488,0.0220022074754513,0.4016405761851235,0.2099753873014331,0.0176695138172883,0.3954097477638788
wf2023,held,wf2023,0.075,0.0693807330809211,0.137071596357148,0.0120751171861856,0.3652512369836571,0.138591866640756,-0.0062631253930668,0.3657073180687395
wf2023,train,wf2021,0.1,0.0812239610944066,0.2527381997470165,0.0228059420389178,0.4014692617501922,0.2517987115235766,-0.0104391806363729,0.40118741528316026
wf2023,train,wf2022,0.1,0.0975719599755036,0.2064633621063936,0.0164738298083258,0.3960256436796218,0.1491145002697896,0.0521615294251714,0.3788209851286406
wf2023,train,confirm2024,0.1,0.0974969413357699,0.2282920815189043,0.0217732085275003,0.4009544384317292,0.2079143113343105,0.0172747622171273,0.394841107376351
wf2023,held,wf2023,0.1,0.0692307259604899,0.1407418781106156,0.0120927492822382,0.3662870290327091,0.1413213327662588,-0.0051768559579934,0.3664608654294021
wf2023,train,wf2021,0.125,0.0810874346634035,0.2586695293482101,0.0228241923980337,0.4031885749504144,0.257783031262012,-0.0103403880324498,0.40292262552455493
wf2023,train,wf2022,0.125,0.0975340249839264,0.2078451939374933,0.0165279803421522,0.3964087740721729,0.1509419836229868,0.0511277476390077,0.37933781097782093
wf2023,train,confirm2024,0.125,0.0974770210601901,0.230633788547432,0.0219117447213429,0.4016074215719027,0.2093792394971027,0.0182127317415224,0.39523105685680393
wf2023,held,wf2023,0.125,0.0689917374456143,0.1395473600735571,0.0122872594959118,0.3657747251515393,0.1414827292570653,-0.0062270737178085,0.36635533590659175
wf2023,train,wf2021,0.15,0.0811061009290115,0.2546593019020238,0.0227010432300757,0.402029917973189,0.2552240189199796,-0.0113315824434666,0.4021993330785757
wf2023,train,wf2022,0.15,0.0975260931454752,0.2067291586864635,0.0165098049656435,0.3960762433744361,0.1501232866463167,0.051012653047591,0.379094481762392
wf2023,train,confirm2024,0.15,0.0974299002924834,0.2290835835110085,0.0219472568695833,0.4011128581094209,0.2083272559450585,0.0178197044649362,0.3948859598396359
wf2023,held,wf2023,0.15,0.0690155392127245,0.1452874885646048,0.0122694314988627,0.3675116328048124,0.1462166233602832,-0.0054795855714858,0.36779037324351593
wf2023,train,wf2021,0.175,0.0810555985922498,0.2542942970180024,0.0226663143817205,0.4019106342277845,0.2543617456817272,-0.0108932721144873,0.4019308688269019
wf2023,train,wf2022,0.175,0.0974905081427504,0.205772228468457,0.0164204557600842,0.3958017350696119,0.1487449614677906,0.0515131961298039,0.37869355496941204
wf2023,train,confirm2024,0.175,0.0973874318673632,0.226829398374811,0.021842718404521,0.4004509767380323,0.2066091585038687,0.0172816627939315,0.3943849047767496
wf2023,held,wf2023,0.175,0.0688840313024917,0.1444098029315839,0.0123058765872655,0.3671847904242922,0.144842917654023,-0.005190297982548,0.36731472484102395
wf2023,train,wf2021,0.2,0.0809359764196301,0.2529940049307539,0.0225602892923629,0.4015045052593694,0.2546575923958479,-0.0123536086860663,0.40200358149889753
wf2023,train,wf2022,0.2,0.0975392911183693,0.2065460768495796,0.016421053498493,0.3960532234526737,0.1490629113859563,0.051791078456673,0.37880827381358667
wf2023,train,confirm2024,0.2,0.0972591295059071,0.2258313190692651,0.0216998676550419,0.4001430872266298,0.2053485632302593,0.0175372491991108,0.39399826047492803
wf2023,held,wf2023,0.2,0.068787696937126,0.1439562725265779,0.0122178131509207,0.3670366165875475,0.1444310161981253,-0.0050783499237587,0.3671790396890117
wf2023,train,wf2021,0.225,0.0809458316784464,0.2540152081719032,0.0226847847503645,0.4017774596978402,0.2562796869470977,-0.012331506908254,0.40245680333039846
wf2023,train,wf2022,0.225,0.0975605615313931,0.2095078109035193,0.0163853045931687,0.3969609765056624,0.1519546002083363,0.0518282285697362,0.37969501329710753
wf2023,train,confirm2024,0.225,0.0972439271546923,0.2257186896950355,0.0217717232212131,0.4000816608040236,0.2050873056811534,0.0175536882790109,0.39389224559985897
wf2023,held,wf2023,0.225,0.0686273262099326,0.144030814386237,0.0123238944451154,0.3669630064663094,0.1446095252649383,-0.0054077468267898,0.3671366197299199
wf2023,train,wf2021,0.25,0.0808899436062624,0.2510932182506411,0.0227734467815916,0.4008519088832198,0.25489097508609,-0.0136629731995962,0.40199123593385444
wf2023,train,wf2022,0.25,0.0974955268046166,0.2081600213458228,0.0163502015628687,0.3965411566567328,0.1503672808231978,0.0519757866525926,0.37920333449994537
wf2023,train,confirm2024,0.25,0.0971879591583305,0.2234059757359046,0.0218050205079585,0.399355470231716,0.2040149569783885,0.016805327821731,0.39353816460446117
wf2023,held,wf2023,0.25,0.0684666434618895,0.1414664893862059,0.0123061444621234,0.3661347608619805,0.142068422645085,-0.0058275516688271,0.36631534083964423
wf2023,train,wf2021,0.275,0.0808427504455185,0.2509063437058622,0.0226318570466689,0.4008194461759654,0.2542111342180064,-0.0135755281875994,0.4018108833296086
wf2023,train,wf2022,0.275,0.0973835783771516,0.2087824156298634,0.0163502162369698,0.3966830911687287,0.151139156654942,0.0518268467842641,0.3793901134762523
wf2023,train,confirm2024,0.275,0.0972418070055552,0.2240994415398144,0.021789105948369,0.3995898234796556,0.2045920661716974,0.0169447229847677,0.3937376108692206
wf2023,held,wf2023,0.275,0.0682673756031586,0.1408233108403777,0.0122876549915607,0.3658676469959085,0.1418635505359865,-0.006218748002354,0.36617971890459117
wf2023,train,wf2021,0.3,0.0807829910882659,0.2509873276195375,0.0228091473033889,0.4007666505301509,0.2544318585116739,-0.0133781132008623,0.40180000979779185
wf2023,train,wf2022,0.3,0.0972570779793854,0.2058553432698434,0.0162976527863617,0.3957701383367986,0.1477096334532135,0.0520505308722913,0.3783264253918097
wf2023,train,confirm2024,0.3,0.0970826588031267,0.2214713944147473,0.0218071688090576,0.3987323312029576,0.2019961137145409,0.0172235169902895,0.39288974699289564
wf2023,held,wf2023,0.3,0.0683970691045046,0.1408701758401717,0.0123941549465188,0.3659016339098977,0.1413540714895557,-0.0057586206515903,0.3660468026047129
wf2023,train,wf2021,0.325,0.0805660535956502,0.2460438956030395,0.0227039343730281,0.3992284098072635,0.2495685887666864,-0.0136275656386136,0.4002858177563576
wf2023,train,wf2022,0.325,0.0973124477548287,0.2079578255571372,0.0162976527863617,0.3964230309331641,0.1496898146457254,0.052173838243929,0.37894262765974057
wf2023,train,confirm2024,0.325,0.0970405168133749,0.2178708600550983,0.0216815952497448,0.397672986166956,0.1969232527675573,0.0184441179591622,0.3913887039806937
wf2023,held,wf2023,0.325,0.0682902577464382,0.1390934683858237,0.0123762161261812,0.365331278776468,0.1400352234935093,-0.0061536471070095,0.3656138053087737
wf2023,train,wf2021,0.35,0.0805029057440183,0.2451952536425775,0.0227389035754541,0.3989380673177444,0.2497989058710855,-0.0137170574195688,0.4003191629862968
wf2023,train,wf2022,0.35,0.0973360421180896,0.2113986675140188,0.0164050002014033,0.3974325170410205,0.1527593776184503,0.0525371671070999,0.37984073007234986
wf2023,train,confirm2024,0.35,0.0969939609237998,0.2154831058427133,0.0216458554914884,0.3969487594748874,0.1945602850612174,0.0185295030954559,0.3906719132404386
wf2023,held,wf2023,0.35,0.0681076022173743,0.1409698222528141,0.0124119477679055,0.3658104032324223,0.1415382038307012,-0.0056716647531138,0.3659809177057884
wf2023,train,wf2021,0.375,0.080366222014415,0.249893108277706,0.0226683261534701,0.4003139234430368,0.2546846375300726,-0.0138692569649252,0.40175138221874673
wf2023,train,wf2022,0.375,0.0971322994821909,0.2113374934373259,0.0164405752038965,0.3973219952629052,0.1530720613225092,0.0521599173513753,0.3798423656284602
wf2023,train,confirm2024,0.375,0.0968871258388602,0.2132506490931049,0.021504717839542,0.3962786297116129,0.1932039581534033,0.0177984440731765,0.39026462242970245
wf2023,held,wf2023,0.375,0.0680192247295155,0.1432373701139954,0.0122875399512925,0.366492638940617,0.1441324441726434,-0.0057813485711362,0.36676116115821145
wf2023,train,wf2021,0.4,0.080353315441334,0.2488853372306297,0.0227923298594567,0.3999692283878855,0.2528093133490358,-0.0135844461043442,0.4011464212234074
wf2023,train,wf2022,0.4,0.0971100085677042,0.2141912342677094,0.0164764222824795,0.3981584470226507,0.1553455042648979,0.052657392187137,0.38050472802180724
wf2023,train,confirm2024,0.4,0.0968367370178254,0.214700960145804,0.0215782161571683,0.3966715180037209,0.1945885279619292,0.0176349620415637,0.3906377883485584
wf2023,held,wf2023,0.4,0.0678121477073657,0.1387920216346001,0.0123226093413906,0.3650656827709091,0.1394666029865315,-0.005741978783347,0.3652680571764885
wf2023,train,wf2021,0.425,0.0802507404936253,0.245110994747485,0.0226680003602256,0.3988331945136279,0.2486049568956643,-0.0131555490947594,0.3998813831580817
wf2023,train,wf2022,0.425,0.0969971170460516,0.2104355396278578,0.0164942653040182,0.3969812291155725,0.1511518483327878,0.0530834719771224,0.3791961217270515
wf2023,train,confirm2024,0.425,0.096789163979073,0.2141996314176197,0.0216477260566511,0.3964812371999198,0.1937947885985098,0.0179300351459899,0.3903597843541868
wf2023,held,wf2023,0.425,0.0674976874456936,0.1369548313309687,0.0121992968342691,0.3644257353272873,0.1372447036078848,-0.0052617538051632,0.3645126970103621
wf2023,train,wf2021,0.45,0.0801631250371838,0.2436701467346531,0.0226680003602256,0.3983658939272018,0.2476849836276924,-0.0133520530329664,0.3995703449951135
wf2023,train,wf2022,0.45,0.096865670766449,0.2087764887764937,0.0164585839234747,0.3964416397624853,0.1503778664269034,0.0523080222986759,0.3789220530576082
wf2023,train,confirm2024,0.45,0.0966877434788666,0.2132160210435252,0.0216827585957381,0.3961350761258828,0.193769922575619,0.0169790890352008,0.3903012465855109
wf2023,held,wf2023,0.45,0.0674504091795926,0.1330815166888568,0.0121809560956128,0.3632503318498102,0.1337378894772018,-0.0056131402989759,0.3634472436863137
wf2023,train,wf2021,0.475,0.0801152519542575,0.2430414917345286,0.0226673898583488,0.3981583313445569,0.2464881283820432,-0.0129940282030064,0.3991923223388113
wf2023,train,wf2022,0.475,0.09676126742474,0.207048920928379,0.0162809514285367,0.3959348978198487,0.1477635887566391,0.0531951895680157,0.3781492981683267
wf2023,train,confirm2024,0.475,0.0965627785286812,0.2137477289936201,0.0218394955480094,0.3961975814451557,0.1937109704395173,0.0175697003671468,0.39018655387892487
wf2023,held,wf2023,0.475,0.0674878196142226,0.1365038497405252,0.0120920051211373,0.3643186812315054,0.1374596388776529,-0.0059062902572595,0.36460541797264373
wf2023,train,wf2021,0.5,0.0799424674655105,0.2462382299901699,0.0226837700817965,0.3990433249587162,0.2494363949143319,-0.0131089093177288,0.4000027744359648
wf2023,train,wf2022,0.5,0.0966684153886589,0.2054478975415983,0.0163705092687779,0.3953905826373097,0.1463892108534865,0.0530067841023273,0.3776729766308761
wf2023,train,confirm2024,0.5,0.0964279309577149,0.2141324540818387,0.0216643546292037,0.3963116022188764,0.193906691508943,0.0177682812035285,0.3902438734470077
wf2023,held,wf2023,0.5,0.0673799624076859,0.1377750926868761,0.0120921616417653,0.3646568642766076,0.139619948638952,-0.0063587255830321,0.36521032106223034
confirm2024,train,wf2021,0.0,0.0813148531279103,0.2479253121366945,0.0227183364095619,0.4000880339693038,0.2449386596964261,-0.0084818201331506,0.3991920382372233
confirm2024,train,wf2022,0.0,0.0976155100282561,0.206105013162815,0.0165801289743527,0.3959036692678411,0.1497132687597706,0.0509434522401532,0.3789861459469278
confirm2024,train,wf2023,0.0,0.070297357222783,0.14019650325137,0.0123251043811988,0.3664803625501646,0.1395516214935375,-0.0044895254959744,0.36628689802281483
confirm2024,held,confirm2024,0.0,0.0976505474597683,0.2331835648457908,0.0219712960785604,0.4024238996140764,0.2106124710843244,0.0194625062644038,0.3956525714856365
confirm2024,train,wf2021,0.025,0.0812096588218395,0.249610040670395,0.022788442753418,0.4005303429038289,0.2472773493828727,-0.0091366010092887,0.3998305355175722
confirm2024,train,wf2022,0.025,0.09755469531926,0.206662802355297,0.0165088190425617,0.3960680731215246,0.1508372451541815,0.0502139745121487,0.3793204059611899
confirm2024,train,wf2023,0.025,0.0699324479597346,0.139897781370755,0.0121826643238585,0.3662875142979628,0.1401038619167934,-0.0053634939135548,0.3663493384617743
confirm2024,held,confirm2024,0.025,0.0975626343850185,0.2309325276170614,0.0218288899760672,0.4017561450463056,0.2099411169622477,0.0178302000080149,0.3954587218498615
confirm2024,train,wf2021,0.05,0.0812631307259261,0.2530773674570895,0.0227700825087503,0.4015974377748722,0.2524467595592651,-0.0107176858010109,0.4014082554055248
confirm2024,train,wf2022,0.05,0.097549960906854,0.2058858331282154,0.0164731801717206,0.39584378024969,0.1490884778145241,0.0511781040514551,0.3788045736555826
confirm2024,train,wf2023,0.05,0.0696559912304495,0.1405150107712899,0.0121102162280611,0.3663838348551484,0.1415588239558066,-0.0056941693506055,0.36669697881050345
confirm2024,held,confirm2024,0.05,0.0975150294874787,0.231775633932676,0.0219312455808003,0.4019593283005541,0.2103317485212287,0.0181743122663183,0.39552616267712
confirm2024,train,wf2021,0.075,0.0812904453911181,0.2519745775563065,0.0228060883840326,0.4012667249081293,0.2514547242340698,-0.0105222877478106,0.40111076891145836
confirm2024,train,wf2022,0.075,0.0976261994488371,0.2083443593884207,0.0165102051583581,0.3966007260485536,0.151207163573149,0.0514109635813097,0.3794595673039721
confirm2024,train,wf2023,0.075,0.0693807330809211,0.137071596357148,0.0120751171861856,0.3652512369836571,0.138591866640756,-0.0062631253930668,0.3657073180687395
confirm2024,held,confirm2024,0.075,0.0975444845402107,0.2307448153722488,0.0220022074754513,0.4016405761851235,0.2099753873014331,0.0176695138172883,0.3954097477638788
confirm2024,train,wf2021,0.1,0.0812239610944066,0.2527381997470165,0.0228059420389178,0.4014692617501922,0.2517987115235766,-0.0104391806363729,0.40118741528316026
confirm2024,train,wf2022,0.1,0.0975719599755036,0.2064633621063936,0.0164738298083258,0.3960256436796218,0.1491145002697896,0.0521615294251714,0.3788209851286406
confirm2024,train,wf2023,0.1,0.0692307259604899,0.1407418781106156,0.0120927492822382,0.3662870290327091,0.1413213327662588,-0.0051768559579934,0.3664608654294021
confirm2024,held,confirm2024,0.1,0.0974969413357699,0.2282920815189043,0.0217732085275003,0.4009544384317292,0.2079143113343105,0.0172747622171273,0.394841107376351
confirm2024,train,wf2021,0.125,0.0810874346634035,0.2586695293482101,0.0228241923980337,0.4031885749504144,0.257783031262012,-0.0103403880324498,0.40292262552455493
confirm2024,train,wf2022,0.125,0.0975340249839264,0.2078451939374933,0.0165279803421522,0.3964087740721729,0.1509419836229868,0.0511277476390077,0.37933781097782093
confirm2024,train,wf2023,0.125,0.0689917374456143,0.1395473600735571,0.0122872594959118,0.3657747251515393,0.1414827292570653,-0.0062270737178085,0.36635533590659175
confirm2024,held,confirm2024,0.125,0.0974770210601901,0.230633788547432,0.0219117447213429,0.4016074215719027,0.2093792394971027,0.0182127317415224,0.39523105685680393
confirm2024,train,wf2021,0.15,0.0811061009290115,0.2546593019020238,0.0227010432300757,0.402029917973189,0.2552240189199796,-0.0113315824434666,0.4021993330785757
confirm2024,train,wf2022,0.15,0.0975260931454752,0.2067291586864635,0.0165098049656435,0.3960762433744361,0.1501232866463167,0.051012653047591,0.379094481762392
confirm2024,train,wf2023,0.15,0.0690155392127245,0.1452874885646048,0.0122694314988627,0.3675116328048124,0.1462166233602832,-0.0054795855714858,0.36779037324351593
confirm2024,held,confirm2024,0.15,0.0974299002924834,0.2290835835110085,0.0219472568695833,0.4011128581094209,0.2083272559450585,0.0178197044649362,0.3948859598396359
confirm2024,train,wf2021,0.175,0.0810555985922498,0.2542942970180024,0.0226663143817205,0.4019106342277845,0.2543617456817272,-0.0108932721144873,0.4019308688269019
confirm2024,train,wf2022,0.175,0.0974905081427504,0.205772228468457,0.0164204557600842,0.3958017350696119,0.1487449614677906,0.0515131961298039,0.37869355496941204
confirm2024,train,wf2023,0.175,0.0688840313024917,0.1444098029315839,0.0123058765872655,0.3671847904242922,0.144842917654023,-0.005190297982548,0.36731472484102395
confirm2024,held,confirm2024,0.175,0.0973874318673632,0.226829398374811,0.021842718404521,0.4004509767380323,0.2066091585038687,0.0172816627939315,0.3943849047767496
confirm2024,train,wf2021,0.2,0.0809359764196301,0.2529940049307539,0.0225602892923629,0.4015045052593694,0.2546575923958479,-0.0123536086860663,0.40200358149889753
confirm2024,train,wf2022,0.2,0.0975392911183693,0.2065460768495796,0.016421053498493,0.3960532234526737,0.1490629113859563,0.051791078456673,0.37880827381358667
confirm2024,train,wf2023,0.2,0.068787696937126,0.1439562725265779,0.0122178131509207,0.3670366165875475,0.1444310161981253,-0.0050783499237587,0.3671790396890117
confirm2024,held,confirm2024,0.2,0.0972591295059071,0.2258313190692651,0.0216998676550419,0.4001430872266298,0.2053485632302593,0.0175372491991108,0.39399826047492803
confirm2024,train,wf2021,0.225,0.0809458316784464,0.2540152081719032,0.0226847847503645,0.4017774596978402,0.2562796869470977,-0.012331506908254,0.40245680333039846
confirm2024,train,wf2022,0.225,0.0975605615313931,0.2095078109035193,0.0163853045931687,0.3969609765056624,0.1519546002083363,0.0518282285697362,0.37969501329710753
confirm2024,train,wf2023,0.225,0.0686273262099326,0.144030814386237,0.0123238944451154,0.3669630064663094,0.1446095252649383,-0.0054077468267898,0.3671366197299199
confirm2024,held,confirm2024,0.225,0.0972439271546923,0.2257186896950355,0.0217717232212131,0.4000816608040236,0.2050873056811534,0.0175536882790109,0.39389224559985897
confirm2024,train,wf2021,0.25,0.0808899436062624,0.2510932182506411,0.0227734467815916,0.4008519088832198,0.25489097508609,-0.0136629731995962,0.40199123593385444
confirm2024,train,wf2022,0.25,0.0974955268046166,0.2081600213458228,0.0163502015628687,0.3965411566567328,0.1503672808231978,0.0519757866525926,0.37920333449994537
confirm2024,train,wf2023,0.25,0.0684666434618895,0.1414664893862059,0.0123061444621234,0.3661347608619805,0.142068422645085,-0.0058275516688271,0.36631534083964423
confirm2024,held,confirm2024,0.25,0.0971879591583305,0.2234059757359046,0.0218050205079585,0.399355470231716,0.2040149569783885,0.016805327821731,0.39353816460446117
confirm2024,train,wf2021,0.275,0.0808427504455185,0.2509063437058622,0.0226318570466689,0.4008194461759654,0.2542111342180064,-0.0135755281875994,0.4018108833296086
confirm2024,train,wf2022,0.275,0.0973835783771516,0.2087824156298634,0.0163502162369698,0.3966830911687287,0.151139156654942,0.0518268467842641,0.3793901134762523
confirm2024,train,wf2023,0.275,0.0682673756031586,0.1408233108403777,0.0122876549915607,0.3658676469959085,0.1418635505359865,-0.006218748002354,0.36617971890459117
confirm2024,held,confirm2024,0.275,0.0972418070055552,0.2240994415398144,0.021789105948369,0.3995898234796556,0.2045920661716974,0.0169447229847677,0.3937376108692206
confirm2024,train,wf2021,0.3,0.0807829910882659,0.2509873276195375,0.0228091473033889,0.4007666505301509,0.2544318585116739,-0.0133781132008623,0.40180000979779185
confirm2024,train,wf2022,0.3,0.0972570779793854,0.2058553432698434,0.0162976527863617,0.3957701383367986,0.1477096334532135,0.0520505308722913,0.3783264253918097
confirm2024,train,wf2023,0.3,0.0683970691045046,0.1408701758401717,0.0123941549465188,0.3659016339098977,0.1413540714895557,-0.0057586206515903,0.3660468026047129
confirm2024,held,confirm2024,0.3,0.0970826588031267,0.2214713944147473,0.0218071688090576,0.3987323312029576,0.2019961137145409,0.0172235169902895,0.39288974699289564
confirm2024,train,wf2021,0.325,0.0805660535956502,0.2460438956030395,0.0227039343730281,0.3992284098072635,0.2495685887666864,-0.0136275656386136,0.4002858177563576
confirm2024,train,wf2022,0.325,0.0973124477548287,0.2079578255571372,0.0162976527863617,0.3964230309331641,0.1496898146457254,0.052173838243929,0.37894262765974057
confirm2024,train,wf2023,0.325,0.0682902577464382,0.1390934683858237,0.0123762161261812,0.365331278776468,0.1400352234935093,-0.0061536471070095,0.3656138053087737
confirm2024,held,confirm2024,0.325,0.0970405168133749,0.2178708600550983,0.0216815952497448,0.397672986166956,0.1969232527675573,0.0184441179591622,0.3913887039806937
confirm2024,train,wf2021,0.35,0.0805029057440183,0.2451952536425775,0.0227389035754541,0.3989380673177444,0.2497989058710855,-0.0137170574195688,0.4003191629862968
confirm2024,train,wf2022,0.35,0.0973360421180896,0.2113986675140188,0.0164050002014033,0.3974325170410205,0.1527593776184503,0.0525371671070999,0.37984073007234986
confirm2024,train,wf2023,0.35,0.0681076022173743,0.1409698222528141,0.0124119477679055,0.3658104032324223,0.1415382038307012,-0.0056716647531138,0.3659809177057884
confirm2024,held,confirm2024,0.35,0.0969939609237998,0.2154831058427133,0.0216458554914884,0.3969487594748874,0.1945602850612174,0.0185295030954559,0.3906719132404386
confirm2024,train,wf2021,0.375,0.080366222014415,0.249893108277706,0.0226683261534701,0.4003139234430368,0.2546846375300726,-0.0138692569649252,0.40175138221874673
confirm2024,train,wf2022,0.375,0.0971322994821909,0.2113374934373259,0.0164405752038965,0.3973219952629052,0.1530720613225092,0.0521599173513753,0.3798423656284602
confirm2024,train,wf2023,0.375,0.0680192247295155,0.1432373701139954,0.0122875399512925,0.366492638940617,0.1441324441726434,-0.0057813485711362,0.36676116115821145
confirm2024,held,confirm2024,0.375,0.0968871258388602,0.2132506490931049,0.021504717839542,0.3962786297116129,0.1932039581534033,0.0177984440731765,0.39026462242970245
confirm2024,train,wf2021,0.4,0.080353315441334,0.2488853372306297,0.0227923298594567,0.3999692283878855,0.2528093133490358,-0.0135844461043442,0.4011464212234074
confirm2024,train,wf2022,0.4,0.0971100085677042,0.2141912342677094,0.0164764222824795,0.3981584470226507,0.1553455042648979,0.052657392187137,0.38050472802180724
confirm2024,train,wf2023,0.4,0.0678121477073657,0.1387920216346001,0.0123226093413906,0.3650656827709091,0.1394666029865315,-0.005741978783347,0.3652680571764885
confirm2024,held,confirm2024,0.4,0.0968367370178254,0.214700960145804,0.0215782161571683,0.3966715180037209,0.1945885279619292,0.0176349620415637,0.3906377883485584
confirm2024,train,wf2021,0.425,0.0802507404936253,0.245110994747485,0.0226680003602256,0.3988331945136279,0.2486049568956643,-0.0131555490947594,0.3998813831580817
confirm2024,train,wf2022,0.425,0.0969971170460516,0.2104355396278578,0.0164942653040182,0.3969812291155725,0.1511518483327878,0.0530834719771224,0.3791961217270515
confirm2024,train,wf2023,0.425,0.0674976874456936,0.1369548313309687,0.0121992968342691,0.3644257353272873,0.1372447036078848,-0.0052617538051632,0.3645126970103621
confirm2024,held,confirm2024,0.425,0.096789163979073,0.2141996314176197,0.0216477260566511,0.3964812371999198,0.1937947885985098,0.0179300351459899,0.3903597843541868
confirm2024,train,wf2021,0.45,0.0801631250371838,0.2436701467346531,0.0226680003602256,0.3983658939272018,0.2476849836276924,-0.0133520530329664,0.3995703449951135
confirm2024,train,wf2022,0.45,0.096865670766449,0.2087764887764937,0.0164585839234747,0.3964416397624853,0.1503778664269034,0.0523080222986759,0.3789220530576082
confirm2024,train,wf2023,0.45,0.0674504091795926,0.1330815166888568,0.0121809560956128,0.3632503318498102,0.1337378894772018,-0.0056131402989759,0.3634472436863137
confirm2024,held,confirm2024,0.45,0.0966877434788666,0.2132160210435252,0.0216827585957381,0.3961350761258828,0.193769922575619,0.0169790890352008,0.3903012465855109
confirm2024,train,wf2021,0.475,0.0801152519542575,0.2430414917345286,0.0226673898583488,0.3981583313445569,0.2464881283820432,-0.0129940282030064,0.3991923223388113
confirm2024,train,wf2022,0.475,0.09676126742474,0.207048920928379,0.0162809514285367,0.3959348978198487,0.1477635887566391,0.0531951895680157,0.3781492981683267
confirm2024,train,wf2023,0.475,0.0674878196142226,0.1365038497405252,0.0120920051211373,0.3643186812315054,0.1374596388776529,-0.0059062902572595,0.36460541797264373
confirm2024,held,confirm2024,0.475,0.0965627785286812,0.2137477289936201,0.0218394955480094,0.3961975814451557,0.1937109704395173,0.0175697003671468,0.39018655387892487
confirm2024,train,wf2021,0.5,0.0799424674655105,0.2462382299901699,0.0226837700817965,0.3990433249587162,0.2494363949143319,-0.0131089093177288,0.4000027744359648
confirm2024,train,wf2022,0.5,0.0966684153886589,0.2054478975415983,0.0163705092687779,0.3953905826373097,0.1463892108534865,0.0530067841023273,0.3776729766308761
confirm2024,train,wf2023,0.5,0.0673799624076859,0.1377750926868761,0.0120921616417653,0.3646568642766076,0.139619948638952,-0.0063587255830321,0.36521032106223034
confirm2024,held,confirm2024,0.5,0.0964279309577149,0.2141324540818387,0.0216643546292037,0.3963116022188764,0.193906691508943,0.0177682812035285,0.3902438734470077
wf2021,train,wf2022,0.1204,0.0975359567536873,0.2070122148087188,0.0165279803421522,0.3961596530414449,0.1500500235531301,0.051173252541835,0.3790709956647683
wf2021,train,wf2023,0.1204,0.069012139087224,0.1385166850920207,0.0122515648522401,0.3654843917068238,0.1403080149922298,-0.0060930099494037,0.3660217906768865
wf2021,train,confirm2024,0.1204,0.0974871057814475,0.230243796958774,0.0219132146529281,0.4014940170043328,0.2089998434887585,0.0181476085715472,0.3951208309633281
wf2021,held,wf2021,0.1204,0.0811564854639903,0.2573359482457167,0.0228241897586645,0.4028161217317118,0.256086496546649,-0.0099864274868229,0.4024412862219915
wf2022,train,wf2021,0.1204,0.0811564854639903,0.2573359482457167,0.0228241897586645,0.4028161217317118,0.256086496546649,-0.0099864274868229,0.4024412862219915
wf2022,train,wf2023,0.1204,0.069012139087224,0.1385166850920207,0.0122515648522401,0.3654843917068238,0.1403080149922298,-0.0060930099494037,0.3660217906768865
wf2022,train,confirm2024,0.1204,0.0974871057814475,0.230243796958774,0.0219132146529281,0.4014940170043328,0.2089998434887585,0.0181476085715472,0.3951208309633281
wf2022,held,wf2022,0.1204,0.0975359567536873,0.2070122148087188,0.0165279803421522,0.3961596530414449,0.1500500235531301,0.051173252541835,0.3790709956647683
wf2023,train,wf2021,0.1204,0.0811564854639903,0.2573359482457167,0.0228241897586645,0.4028161217317118,0.256086496546649,-0.0099864274868229,0.4024412862219915
wf2023,train,wf2022,0.1204,0.0975359567536873,0.2070122148087188,0.0165279803421522,0.3961596530414449,0.1500500235531301,0.051173252541835,0.3790709956647683
wf2023,train,confirm2024,0.1204,0.0974871057814475,0.230243796958774,0.0219132146529281,0.4014940170043328,0.2089998434887585,0.0181476085715472,0.3951208309633281
wf2023,held,wf2023,0.1204,0.069012139087224,0.1385166850920207,0.0122515648522401,0.3654843917068238,0.1403080149922298,-0.0060930099494037,0.3660217906768865
confirm2024,train,wf2021,0.1204,0.0811564854639903,0.2573359482457167,0.0228241897586645,0.4028161217317118,0.256086496546649,-0.0099864274868229,0.4024412862219915
confirm2024,train,wf2022,0.1204,0.0975359567536873,0.2070122148087188,0.0165279803421522,0.3961596530414449,0.1500500235531301,0.051173252541835,0.3790709956647683
confirm2024,train,wf2023,0.1204,0.069012139087224,0.1385166850920207,0.0122515648522401,0.3654843917068238,0.1403080149922298,-0.0060930099494037,0.3660217906768865
confirm2024,held,confirm2024,0.1204,0.0974871057814475,0.230243796958774,0.0219132146529281,0.4014940170043328,0.2089998434887585,0.0181476085715472,0.3951208309633281
