lam,K,fold,tag,ic,excess,turnover,final,alpha,profile,w,noprofile
0.0,40.0,wf2021,lam0.0,0.08893604870878297,0.24038246148714745,0.020231310992000033,0.4016197646320574,0.20518112981755665,0.02457639621892217,H05_F1T2:0.4398;H05_F2T2:0.5602,0.3910593651311801
0.0,40.0,wf2022,lam0.0,0.10437937188830522,0.1947275746106576,0.015063115582851788,0.3956510864636638,0.1110894102078031,0.07690746510677798,H05_F1T2:0.4651;H05_F2T2:0.5349,0.3705596371428075
0.0,40.0,wf2023,lam0.0,0.08279155840064105,0.14611328173984278,0.00937622747027576,0.3741377396411265,0.11985723174137779,0.021454534731509944,H05_F1T2:0.5291;H05_F2T2:0.4709,0.366260924641587
0.0,40.0,confirm2024,lam0.0,0.10303171500594914,0.21545237614342408,0.020750259419119753,0.3996233210196709,0.16299978632026402,0.04882158235759236,H05_F1T2:0.4770;H05_F2T2:0.5230,0.3838875440727229
0.1,40.0,wf2021,lam0.1,0.0896800286665845,0.258619790584975,0.020866105187577685,0.40719811708585296,0.2302369290872972,0.017346544071852682,H01:0.1000;H05_F1T2:0.3722;H05_F2T2:0.5278,0.39868325863654963
0.1,40.0,wf2022,lam0.1,0.10521255598906128,0.1993149372907191,0.015173194678082504,0.3973275451794155,0.11854753716813933,0.07530330061568391,H01:0.1000;H05_F1T2:0.3957;H05_F2T2:0.5043,0.37309732514264154
0.1,40.0,wf2023,lam0.1,0.08267907858191141,0.14007576351699663,0.01072960519984466,0.3718754789279101,0.11689863325291933,0.019283164079830637,H01:0.1000;H05_F1T2:0.4549;H05_F2T2:0.4451,0.36492233984868694
0.1,40.0,confirm2024,lam0.1,0.10408916907354596,0.22058347276066997,0.02110904602124616,0.40147799565124553,0.17143159533915137,0.04419737395171734,H01:0.1000;H05_F1T2:0.4063;H05_F2T2:0.4937,0.38673243242478994
0.2,40.0,wf2021,lam0.2,0.08982217307822099,0.25177966347720304,0.0220385630236837,0.40485119936734415,0.2240145959541488,0.015289075577529345,H01:0.2000;H05_F1T2:0.3032;H05_F2T2:0.4968,0.3965216791104279
0.2,40.0,wf2022,lam0.2,0.10502368153356102,0.20634377556345407,0.01557966617516291,0.3992387054299117,0.1272497587543963,0.07329471342992504,H01:0.2000;H05_F1T2:0.3253;H05_F2T2:0.4747,0.37551050038719436
0.2,40.0,wf2023,lam0.2,0.08119178619915242,0.1488049166181734,0.010922702540253636,0.3738413787030369,0.1268707932559507,0.017986132614441028,H01:0.2000;H05_F1T2:0.3814;H05_F2T2:0.4186,0.3672611416943701
0.2,40.0,confirm2024,lam0.2,0.10386881985152768,0.2327143921229474,0.021355158224721827,0.40495529811007874,0.18668714844903114,0.04314122399490098,H01:0.2000;H05_F1T2:0.3348;H05_F2T2:0.4633;H30_F2T2:0.0019,0.3911471250079039
0.3,40.0,wf2021,lam0.3,0.08825140453732887,0.2582939063882967,0.021930553636762006,0.40620956764039196,0.23801179619045135,0.008136878697431538,H01:0.3000;H05_F1T2:0.2278;H30_F1T2:0.0065;H05_F2T2:0.4657,0.40012493458103837
0.3,40.0,wf2022,lam0.3,0.10337023943865947,0.20610604462288112,0.0157251250890671,0.398462371635608,0.13373605467174363,0.0666023675601876,H01:0.3000;H05_F1T2:0.2537;H05_F2T2:0.4463,0.37675137465026676
0.3,40.0,wf2023,lam0.3,0.07812524830255925,0.13765104647317467,0.01117118351346207,0.36919405820893747,0.12049715131292334,0.013991682128517707,H01:0.3000;H05_F1T2:0.3087;H05_F2T2:0.3913,0.3640478896608621
0.3,40.0,confirm2024,lam0.3,0.10241384261427884,0.21070504120278902,0.02121185693629884,0.3978134923256586,0.17040140438360443,0.03784126323750475,H01:0.3000;H05_F1T2:0.2623;H05_F2T2:0.4377,0.3857224012799032
0.4,40.0,wf2021,lam0.4,0.08480311200257405,0.24220034631387954,0.022081109208097936,0.3999570159327641,0.2298796438844008,0.0001992803060075747,H01:0.4000;H05_F1T2:0.1425;H10_F1T2:0.0208;H05_F2T2:0.4367,0.3962608052039205
0.4,40.0,wf2022,lam0.4,0.10091960222379397,0.20503288143725484,0.015744504493406062,0.3971543539726722,0.14256696792873474,0.05725149831997636,H01:0.4000;H05_F1T2:0.1811;H05_F2T2:0.4189,0.3784145799201162
0.4,40.0,wf2023,lam0.4,0.07453957059126794,0.14757454414767582,0.0115774877063233,0.3706149451689129,0.13646156528054526,0.00598579757915328,H01:0.4000;H05_F1T2:0.2370;H05_F2T2:0.3630,0.36728105150877377
0.4,40.0,confirm2024,lam0.4,0.10068017391409512,0.22165532369974347,0.021497248426768933,0.4003194921475304,0.18897443687417317,0.02971425424705253,H01:0.4000;H05_F1T2:0.1887;H05_F2T2:0.4113,0.39051522609985934
0.5,40.0,wf2021,lam0.5,0.08121182686342776,0.25269785479087353,0.02278858479714379,0.40145751174349004,0.25210816074723374,-0.010512174628488467,H01:0.5000;H05_F1T2:0.0686;H10_F1T2:0.0217;H05_F2T2:0.4097,0.4012806035303981
0.5,40.0,wf2022,lam0.5,0.09762905652152289,0.20618067567748494,0.016492259689317324,0.3959581474050594,0.14844461295978292,0.05197333389948035,H01:0.5000;H05_F1T2:0.1075;H05_F2T2:0.3925,0.37863732858974886
0.5,40.0,wf2023,lam0.5,0.06898865330290042,0.1447904869696013,0.01225175787963576,0.3673570800481498,0.14546870141078763,-0.005152582700751437,H01:0.5000;H05_F1T2:0.1665;H05_F2T2:0.3335,0.3675605443805057
0.5,40.0,confirm2024,lam0.5,0.0974559581702875,0.22956020168574837,0.021895410909318003,0.4012818205010441,0.20837742473056722,0.018083959900639813,H01:0.5000;H05_F1T2:0.1139;H05_F2T2:0.3861,0.3949269874144897
0.6,40.0,wf2021,lam0.6,0.07694340694899048,0.24661670937755667,0.022879558023674345,0.3978985081857609,0.2517454528318348,-0.017197391916377484,H01:0.6000;H05_F1T2:0.0089;H10_F1T2:0.0053;H05_F2T2:0.3858,0.3994371312220443
0.6,40.0,wf2022,lam0.6,0.09354823945128303,0.20972032176250271,0.01654598586525504,0.3953715965496875,0.15672418478939518,0.047699767012095905,H01:0.6000;H05_F1T2:0.0330;H05_F2T2:0.3670,0.3794727554577553
0.6,40.0,wf2023,lam0.6,0.06303148283555597,0.13840145572204485,0.012501426985178907,0.3629826017552822,0.14908190656367326,-0.016034927012776055,H01:0.6000;H05_F1T2:0.0971;H05_F2T2:0.3029,0.3661867370077707
0.6,40.0,confirm2024,lam0.6,0.09330077212869378,0.21509626175810928,0.022264993285575286,0.3951696893932377,0.20515804311966881,0.006642842403900296,H01:0.6000;H05_F1T2:0.0378;H05_F2T2:0.3622,0.3921882238017056
0.7,40.0,wf2021,lam0.7,0.07444547661785804,0.2418887148154214,0.022846186027458748,0.395490949283532,0.25095819430414085,-0.019394928368429615,H01:0.7000;H05_F2T2:0.3000,0.3982117931301479
0.7,40.0,wf2022,lam0.7,0.09002131014995018,0.20916588275788006,0.01658177279662133,0.39378375704835766,0.15730458029859695,0.04699033677960517,H01:0.7000;H05_F2T2:0.3000,0.3782253663105728
0.7,40.0,wf2023,lam0.7,0.05945491710190698,0.13160494706231815,0.012413891672248791,0.3595392834577836,0.14445389835672945,-0.017717325586586934,H01:0.7000;H05_F1T2:0.0291;H05_F2T2:0.2709,0.363393968846107
0.7,40.0,confirm2024,lam0.7,0.09087340692109723,0.20610088548189393,0.022248083270686697,0.39150520343180106,0.1991436074110215,0.0036784597015753094,H01:0.7000;H05_F2T2:0.3000,0.3894180200105393
0.8,40.0,wf2021,lam0.8,0.0718447026389141,0.24195627341915574,0.02288077725576311,0.39446052990458347,0.2525971590582804,-0.020507867285070785,H01:0.8000;H05_F2T2:0.2000,0.39765279559632083
0.8,40.0,wf2022,lam0.8,0.08706134554832794,0.21231118112615927,0.016599301118635414,0.39353810222158836,0.16040051473881536,0.04662213540754808,H01:0.8000;H05_F2T2:0.2000,0.37796490230538515
0.8,40.0,wf2023,lam0.8,0.056257904136641904,0.13411053865545905,0.01223612398054424,0.3590654860571312,0.1474371928348429,-0.018052698283554852,H01:0.8000;H05_F2T2:0.2000,0.3630634823109463
0.8,40.0,confirm2024,lam0.8,0.08856201147801565,0.20588934662970854,0.022300377091243977,0.3905014954527456,0.19853641293256694,0.004079850748184694,H01:0.8000;H05_F2T2:0.2000,0.38829561534360313
0.9,40.0,wf2021,lam0.9,0.06918878574324655,0.2385766838701905,0.022951031528035664,0.39236320999994506,0.25169174135775396,-0.022297080130048143,H01:0.9000;H05_F2T2:0.1000,0.3962977272462141
0.9,40.0,wf2022,lam0.9,0.08429114035196571,0.20360353296546524,0.016759233747600126,0.3897697459061458,0.1537929763380427,0.04448486439251093,H01:0.9000;H05_F2T2:0.1000,0.37482657891791904
0.9,40.0,wf2023,lam0.9,0.0530928464567847,0.13521405447050006,0.012626528440530175,0.3580133963917049,0.15092983584519273,-0.019868636449771843,H01:0.9000;H05_F2T2:0.1000,0.3627281308041127
0.9,40.0,confirm2024,lam0.9,0.08665631788176532,0.20696597035441328,0.022311224049629718,0.39005895104414123,0.19968152599174918,0.004022743977819311,H01:0.9000;H05_F2T2:0.1000,0.387873617735342
1.0,40.0,wf2021,lam1.0,0.06646104149250961,0.2297282756123348,0.02321362592569483,0.3885388115029958,0.24273887971465172,-0.02247846584920318,H01:1.0000,0.3924419927336909
1.0,40.0,wf2022,lam1.0,0.0810647458623008,0.19602461052674738,0.016832177858706422,0.3861836281453326,0.1484028713751208,0.04226116222676438,H01:1.0000,0.37189710639984463
1.0,40.0,wf2023,lam1.0,0.050241865079573844,0.13578509610182815,0.012448662059633358,0.35709767624448796,0.1500668963816785,-0.020240143543318132,H01:1.0000,0.3613822163284431
1.0,40.0,confirm2024,lam1.0,0.08435622473599051,0.20116223377203254,0.022362706932013355,0.3873823479464019,0.19628653354554995,0.001963412274957546,H01:1.0000,0.3859196378784572
