axis,x,fold,tag,ic,excess,turnover,final,alpha,profile,np
keep_q,0.0005,wf2021,kq0.0005,0.08111263183702888,0.25638522214703796,0.02204854054803916,0.4027460572145112,0.2565570593265674,-0.010442185419354391,0.40279760836837
keep_q,0.0005,wf2022,kq0.0005,0.09770949987333266,0.20796344820972437,0.016261334417904345,0.3965944340868791,0.15158547379702766,0.05058943101948711,0.37968104176307005
keep_q,0.0005,wf2023,kq0.0005,0.06878618175223929,0.13687642296435154,0.011010331282070598,0.36527430020557994,0.1400163680672025,-0.008283717131471913,0.3662162837364352
keep_q,0.0005,confirm2024,kq0.0005,0.09708737757612382,0.22566874905038897,0.021684658128537322,0.400030178307005,0.20646684715209543,0.01616444757204249,0.39426960773751696
keep_q,0.001,wf2021,kq0.001,0.08101833603830288,0.25877465981805214,0.022120575280142662,0.40340355977669395,0.2592012203931913,-0.010848754503506896,0.40353152794923575
keep_q,0.001,wf2022,kq0.001,0.09765698630248248,0.20541334249013812,0.016350068544575772,0.3957817767046617,0.14866146221372034,0.050973254480555744,0.37875621262173637
keep_q,0.001,wf2023,kq0.001,0.06887797963384988,0.13566855399704433,0.011366680707448317,0.3648417538404188,0.13917954546771774,-0.008216821730446128,0.3658950512816208
keep_q,0.001,confirm2024,kq0.001,0.09713939143266714,0.22844350314264708,0.02168566295576539,0.4008831086291314,0.20913384071782729,0.01627353747572001,0.3950902099016854
keep_q,0.002278,wf2021,kq0.002278,0.08115648546399037,0.25733594824571676,0.022824189758664598,0.4028161217317118,0.256086496546649,-0.009986427486822992,0.40244128622199143
keep_q,0.002278,wf2022,kq0.002278,0.09753595675368734,0.20701221480871884,0.01652798034215222,0.39615965304144496,0.15005002355313016,0.05117325254183508,0.3790709956647683
keep_q,0.002278,wf2023,kq0.002278,0.06901213908722405,0.13851668509202072,0.012251564852240158,0.3654843917068238,0.1403080149922298,-0.006093009949403781,0.3660217906768865
keep_q,0.002278,confirm2024,kq0.002278,0.09748710578144759,0.23024379695877403,0.021913214652928146,0.40149401700433285,0.20899984348875852,0.0181476085715472,0.3951208309633282
keep_q,0.004,wf2021,kq0.004,0.08141217851265412,0.2542232572165722,0.0238632045877252,0.40167288719371574,0.2511099823394175,-0.007526878997898408,0.40073890473056933
keep_q,0.004,wf2022,kq0.004,0.09751891682512119,0.20609298931131637,0.016919002093853427,0.39575976289528736,0.1494534785375341,0.050828281815701565,0.37876790966315266
keep_q,0.004,wf2023,kq0.004,0.06902950131150856,0.13250850392417318,0.013882292808545452,0.36319966385929175,0.13630813428467503,-0.008347517697948188,0.3643395529674423
keep_q,0.004,confirm2024,kq0.004,0.09770408999028199,0.22518295841277913,0.0223171884804525,0.39994136697581073,0.20438084064104114,0.018916921194379422,0.39370073164428937
keep_q,0.006,wf2021,kq0.006,0.0820215312738835,0.24434218762355747,0.02478099136979215,0.398676971385683,0.24017182739602644,-0.006594199555264362,0.3974258633174237
keep_q,0.006,wf2022,kq0.006,0.09761372432990827,0.20651827989811378,0.01795096570133083,0.39561568399099817,0.1508425358489287,0.049930828427124,0.37891296077624265
keep_q,0.006,wf2023,kq0.006,0.06932460013827246,0.12490593579093696,0.015656444594279912,0.3605046874143061,0.1230684888884631,-0.003132586128954377,0.35995345334356393
keep_q,0.006,confirm2024,kq0.006,0.0981416386893664,0.22871867788858835,0.023233072481652985,0.4009023370978272,0.20637170902005245,0.02095566053613317,0.3941982464372664
keep_q,0.01,wf2021,kq0.01,0.08255690785997769,0.24006297541794303,0.027750701274218432,0.39671644538710843,0.23250866102368692,-0.002368142739362108,0.39445015106883163
keep_q,0.01,wf2022,kq0.01,0.09834526486365801,0.21096644308760112,0.020596065148508216,0.39644921932719107,0.1527594580517094,0.05209693912937298,0.3789871238164235
keep_q,0.01,wf2023,kq0.01,0.06957266361050479,0.1096086125960118,0.018428264577295874,0.35518316984981674,0.10422332212023885,0.0007839689457943314,0.3535675827070848
keep_q,0.01,confirm2024,kq0.01,0.09874611518470591,0.23192601684499578,0.025823736353957332,0.4013291302211939,0.2074709567477137,0.023002841996491857,0.3939926121920093
keep_q,0.02,wf2021,kq0.02,0.08402786073030538,0.2515130663809114,0.034985438687684736,0.39856943260009015,0.2381462513722528,0.001409496089854308,0.3945593880974925
keep_q,0.02,wf2022,kq0.02,0.09935183396456274,0.21877891299206803,0.028255184501855813,0.39689785213288875,0.1614031246915847,0.05082720240252016,0.37968511564274376
keep_q,0.02,wf2023,kq0.02,0.0713071900525935,0.10978369728716476,0.02572324893734262,0.35374101052598406,0.09900444517300919,0.005039168123539577,0.3505072348917374
keep_q,0.02,confirm2024,kq0.02,0.09987594204656339,0.21125440056592223,0.031373810451847006,0.3939145538528479,0.1811549929044103,0.028641953032664803,0.38488473155439434
keep_q,0.03,wf2021,kq0.03,0.08505836843721518,0.26680195676667573,0.04373463993701917,0.40094354242378305,0.24430574959503282,0.007215553252780329,0.3941946802722901
keep_q,0.03,wf2022,kq0.03,0.10048062906486192,0.23913742795686663,0.03650181308242833,0.4009829360882763,0.1806736350850739,0.05314487315531823,0.38344379822673846
keep_q,0.03,wf2023,kq0.03,0.07224624234369963,0.11745292321514049,0.0346113798134311,0.35375095995799266,0.10550763151175857,0.007013446843144305,0.3501673724469781
keep_q,0.03,confirm2024,kq0.03,0.10028377479826871,0.17743765173941958,0.037900615695844984,0.38197462073237987,0.1468749623152263,0.029049054345321283,0.37280581390512185
keep_q,0.06,wf2021,kq0.06,0.08740764225847872,0.3005314861281663,0.06797704165644841,0.40472939024490684,0.2679530631083863,0.01686749061212188,0.3949558633389728
keep_q,0.06,wf2022,kq0.06,0.10189918076118261,0.26427277741872796,0.061149859154471256,0.4016965477837501,0.20926669442395177,0.049581567568583736,0.3851947228853172
keep_q,0.06,wf2023,kq0.06,0.073756498094218,0.11449148353276806,0.06242017990210535,0.345123990326886,0.09655271510382576,0.012735266308406438,0.33974235979820333
keep_q,0.06,confirm2024,kq0.06,0.10171577407315031,0.18143021461126407,0.05517235478087394,0.37856366757837717,0.1378610327967024,0.0423755211674899,0.36549291303400866
F1 权重,0.0,wf2021,f1_0.0,0.08131485312791031,0.2479253121366945,0.022718336409561977,0.40008803396930387,0.24493865969642617,-0.008481820133150648,0.3991920382372234
F1 权重,0.0,wf2022,f1_0.0,0.09761551002825611,0.20610501316281502,0.01658012897435272,0.39590366926784115,0.14971326875977062,0.05094345224015324,0.3789861459469278
F1 权重,0.0,wf2023,f1_0.0,0.07029735722278303,0.14019650325137004,0.01232510438119882,0.3664803625501646,0.1395516214935375,-0.004489525495974479,0.36628689802281483
F1 权重,0.0,confirm2024,f1_0.0,0.09765054745976838,0.23318356484579086,0.021971296078560437,0.40242389961407643,0.21061247108432446,0.01946250626440385,0.39565257148563654
F1 权重,0.06,wf2021,f1_0.06,0.08128422890617547,0.25206405353646244,0.02282314596629733,0.40128596383351967,0.2516431849665146,-0.010698752584467956,0.40115970326253536
F1 权重,0.06,wf2022,f1_0.06,0.09756892872217467,0.20551888739970664,0.016509930954127828,0.3957302584225435,0.14822987060939108,0.05156077838633889,0.37854355338544887
F1 权重,0.06,wf2023,f1_0.06,0.0695888799210287,0.14003127564969442,0.012110216228061126,0.3662118697949015,0.14122597807676063,-0.005824243213456469,0.3665702805230214
F1 权重,0.06,confirm2024,f1_0.06,0.09751524057797174,0.2334524459472388,0.021880933973147026,0.4024775498234162,0.21252035701837166,0.017670827878579723,0.3961979231447561
F1 权重,0.1,wf2021,f1_0.1,0.08122396109440663,0.25273819974701656,0.022805942038917882,0.40146926175019226,0.2517987115235766,-0.010439180636372902,0.40118741528316026
F1 权重,0.1,wf2022,f1_0.1,0.09757195997550368,0.20646336210639366,0.016473829808325822,0.39602564367962184,0.1491145002697896,0.052161529425171445,0.3788209851286406
F1 权重,0.1,wf2023,f1_0.1,0.06923072596048997,0.14074187811061561,0.012092749282238227,0.36628702903270915,0.1413213327662588,-0.005176855957993496,0.36646086542940215
F1 权重,0.1,confirm2024,f1_0.1,0.09749694133576994,0.2282920815189043,0.021773208527500382,0.4009544384317292,0.20791431133431054,0.017274762217127357,0.39484110737635103
F1 权重,0.1204,wf2021,f1_0.1204,0.08115648546399037,0.25733594824571676,0.022824189758664598,0.4028161217317118,0.256086496546649,-0.009986427486822992,0.40244128622199143
F1 权重,0.1204,wf2022,f1_0.1204,0.09753595675368734,0.20701221480871884,0.01652798034215222,0.39615965304144496,0.15005002355313016,0.05117325254183508,0.3790709956647683
F1 权重,0.1204,wf2023,f1_0.1204,0.06901213908722405,0.13851668509202072,0.012251564852240158,0.3654843917068238,0.1403080149922298,-0.006093009949403781,0.3660217906768865
F1 权重,0.1204,confirm2024,f1_0.1204,0.09748710578144759,0.23024379695877403,0.021913214652928146,0.40149401700433285,0.20899984348875852,0.0181476085715472,0.3951208309633282
F1 权重,0.15,wf2021,f1_0.15,0.08110610092901155,0.25465930190202385,0.022701043230075775,0.402029917973189,0.25522401891997964,-0.011331582443466619,0.40219933307857575
F1 权重,0.15,wf2022,f1_0.15,0.09752609314547521,0.20672915868646358,0.016509804965643558,0.3960762433744361,0.1501232866463167,0.05101265304759108,0.379094481762392
F1 权重,0.15,wf2023,f1_0.15,0.06901553921272456,0.1452874885646048,0.012269431498862778,0.36751163280481247,0.14621662336028327,-0.005479585571485885,0.367790373243516
F1 权重,0.15,confirm2024,f1_0.15,0.09742990029248341,0.2290835835110085,0.021947256869583345,0.4011128581094209,0.20832725594505852,0.017819704464936244,0.3948859598396359
F1 权重,0.2,wf2021,f1_0.2,0.08093597641963017,0.25299400493075397,0.022560289292362912,0.4015045052593694,0.2546575923958479,-0.012353608686066365,0.4020035814988976
F1 权重,0.2,wf2022,f1_0.2,0.09753929111836933,0.2065460768495796,0.01642105349849303,0.3960532234526737,0.14906291138595631,0.051791078456673,0.3788082738135867
F1 权重,0.2,wf2023,f1_0.2,0.06878769693712601,0.14395627252657797,0.01221781315092073,0.36703661658754755,0.14443101619812532,-0.005078349923758759,0.3671790396890118
F1 权重,0.2,confirm2024,f1_0.2,0.09725912950590711,0.22583131906926515,0.02169986765504196,0.40014308722662983,0.2053485632302593,0.017537249199110882,0.39399826047492803
F1 权重,0.25,wf2021,f1_0.25,0.08088994360626246,0.2510932182506411,0.02277344678159169,0.4008519088832198,0.25489097508609,-0.013662973199596258,0.40199123593385444
F1 权重,0.25,wf2022,f1_0.25,0.09749552680461666,0.20816002134582282,0.01635020156286873,0.39654115665673284,0.15036728082319786,0.05197578665259261,0.37920333449994537
F1 权重,0.25,wf2023,f1_0.25,0.06846664346188955,0.14146648938620596,0.012306144462123433,0.36613476086198055,0.14206842264508507,-0.005827551668827161,0.3663153408396443
F1 权重,0.25,confirm2024,f1_0.25,0.09718795915833052,0.22340597573590465,0.021805020507958583,0.399355470231716,0.20401495697838853,0.016805327821731067,0.39353816460446117
F1 权重,0.35,wf2021,f1_0.35,0.08050290574401839,0.24519525364257758,0.022738903575454182,0.3989380673177444,0.24979890587108552,-0.013717057419568858,0.4003191629862968
F1 权重,0.35,wf2022,f1_0.35,0.09733604211808966,0.21139866751401887,0.016405000201403397,0.3974325170410205,0.15275937761845038,0.05253716710709991,0.37984073007235
F1 权重,0.35,wf2023,f1_0.35,0.06810760221737439,0.14096982225281415,0.012411947767905553,0.3658104032324223,0.14153820383070123,-0.005671664753113896,0.36598091770578844
F1 权重,0.35,confirm2024,f1_0.35,0.09699396092379989,0.21548310584271332,0.021645855491488463,0.3969487594748874,0.19456028506121742,0.018529503095455955,0.3906719132404386
F1 权重,0.5,wf2021,f1_0.5,0.07994246746551052,0.24623822999016998,0.022683770081796565,0.39904332495871625,0.24943639491433192,-0.013108909317728864,0.4000027744359648
F1 权重,0.5,wf2022,f1_0.5,0.09666841538865893,0.20544789754159834,0.016370509268777915,0.3953905826373097,0.14638921085348652,0.05300678410232734,0.3776729766308762
F1 权重,0.5,wf2023,f1_0.5,0.06737996240768596,0.13777509268687618,0.012092161641765358,0.3646568642766076,0.13961994863895208,-0.0063587255830321624,0.3652103210622304
F1 权重,0.5,confirm2024,f1_0.5,0.09642793095771492,0.21413245408183876,0.02166435462920375,0.39631160221887646,0.19390669150894307,0.017768281203528562,0.3902438734470077
