year,month,new_final,S003_final,final_delta,weighted_ic_delta,weighted_excess_delta,weighted_stability_delta
2021,202101,0.3831158309250839,0.430762385543135,-0.04764655461805112,0.009901150928729719,-0.055342113005859235,-0.0022055925409214983
2021,202102,0.4100770295555546,0.3584406965452656,0.05163633301028897,0.0198492799098758,0.03375386009921034,-0.0019668069987971697
2021,202103,0.4148113271919761,0.4075379492510463,0.007273377940929804,0.013237939443048003,-0.0031800013135658387,-0.0027845601885523497
2021,202104,0.4559875490807396,0.3708993842793516,0.08508816480138798,0.021095181851023725,0.06796675717127103,-0.0039737742209068495
2021,202105,0.4211513535524888,0.4249217745889463,-0.0037704210364575275,0.014010037017991757,-0.01387598115977165,-0.00390447689467761
2021,202106,0.4515400577144865,0.4210267969013203,0.030513260813166243,0.02716622139965424,0.0072435981851195095,-0.0038965587716074494
2021,202107,0.3937150418586889,0.4266847827862135,-0.03296974092752464,0.00942578517910272,-0.04013119274312223,-0.00226433336350509
2021,202108,0.3629632699602407,0.3178172701314796,0.04514599982876111,0.020811289474974237,0.02827548753416301,-0.00394077718037616
2021,202109,0.4356069184196318,0.3691984006632766,0.0664085177563552,0.029223399343045242,0.04082597904721771,-0.0036408606339078
2021,202110,0.3826693256785066,0.3934915189835888,-0.010822193305082217,0.009692285312037483,-0.015409046286197936,-0.005105432330921731
2021,202111,0.3779537099939428,0.4391170588221768,-0.06116334882823399,0.0074524625793735205,-0.0640908794970893,-0.00452493191051817
2021,202112,0.3784890277676641,0.306457450694088,0.0720315770735761,0.025466698586476922,0.05114086360276155,-0.00457598511566235
2022,202201,0.4973696946296017,0.4300159747511326,0.06735371987846905,0.015592997657537284,0.056657673631400625,-0.004896951410468789
2022,202202,0.3850789842508767,0.3676921056777089,0.01738687857316784,0.004350037134573959,0.016553391181049582,-0.0035165497424557495
2022,202203,0.3981183198727508,0.4023301563079652,-0.004211836435214389,0.0142952927997334,-0.014664259197098337,-0.0038428700378494497
2022,202204,0.4618063222080586,0.4382814686172541,0.02352485359080453,0.008086380571172364,0.018676664654076358,-0.0032381916344442303
2022,202205,0.5040530736004339,0.4252200118381719,0.07883306176226207,0.017325024630473047,0.06650401763981513,-0.0049959805080261
2022,202206,0.3782960625077883,0.3913546692795681,-0.01305860677177978,0.012129589583738843,-0.021166715494609165,-0.00402148086090939
2022,202207,0.3600718379652833,0.3459723972317803,0.014099440733503,0.007846453235270879,0.009494068763411067,-0.0032410812651789
2022,202208,0.4077707816825116,0.381902312882901,0.025868468799610578,0.018972216842296646,0.011242838081809925,-0.00434658612449595
2022,202209,0.4307589846008475,0.3542902690584362,0.0764687155424113,0.02099713440797004,0.06066863120846556,-0.005197050074024309
2022,202210,0.4597522106808318,0.4000105141934224,0.0597416964874094,0.015147836052919845,0.048191664097606855,-0.00359780366311728
2022,202211,0.406219583048848,0.3443962838560613,0.061823299192786674,0.013875928994408522,0.052854294433116206,-0.004906924234738049
2022,202212,0.4722630125206407,0.3662769133426717,0.10598609917796897,0.025171492788782886,0.08554461066129505,-0.00473000427210897
2023,202301,0.3594772322098932,0.4390801538877368,-0.07960292167784361,0.012433280858395963,-0.0894687276969957,-0.0025674748392439206
2023,202302,0.5451367424668986,0.386832180267293,0.1583045621996056,0.025770332635606203,0.1349086800637218,-0.00237445049972256
2023,202303,0.436962499404982,0.3137512791960273,0.1232112202089547,0.02044880444764488,0.10549372370071694,-0.00273130793940714
2023,202304,0.5265758559781785,0.2973776821371885,0.22919817384098995,0.022186080608897523,0.20930263819760195,-0.00229054496550957
2023,202305,0.3349556169477111,0.4443647635963809,-0.1094091466486698,0.004456965139504276,-0.11104190614737729,-0.00282420564079677
2023,202306,0.3154578401786169,0.38797357544523,-0.07251573526661309,0.012737915968014879,-0.0847930615846689,-0.00046058964995910056
2023,202307,0.3824483691397308,0.2603334297489679,0.1221149393907629,0.022145265048810044,0.10429315290121297,-0.00432347855926008
2023,202308,0.4476538933928784,0.3687147197215324,0.07893917367134601,0.028572004303865802,0.05553083110750227,-0.0051636617400220505
2023,202309,0.3106909356683082,0.3750428825399245,-0.06435194687161633,0.017957358288771843,-0.07801621783910942,-0.004293087321278729
2023,202310,0.2836906806773192,0.3025271940746212,-0.018836513397302024,0.018418543153820518,-0.033197094852783,-0.0040579616983395005
2023,202311,0.3871088895361281,0.4041072095621716,-0.016998320026043512,0.012250951357781559,-0.024412069042190038,-0.004837202341635
2023,202312,0.3811687002923178,0.31716509525977,0.06400360503254782,0.02010800909978168,0.04860079999729767,-0.00470520406453161
2024,202401,0.2771048166261362,0.1829258269021759,0.09417898972396027,0.01806974302036124,0.07891638328108903,-0.00280713657748995
2024,202402,0.5558628837728228,0.6005644867142695,-0.04470160294144676,-0.03743225477595216,-0.0026625770897680257,-0.004606771075726561
2024,202403,0.4402433526644612,0.4314080253928868,0.008835327271574378,0.003781733368646201,0.008585881768819414,-0.0035322878658911386
2024,202404,0.4691298240319278,0.3516632815785895,0.11746654245333832,0.01685143914297992,0.10399049051478636,-0.0033753872044279204
2024,202405,0.4291820019421692,0.3928140551486636,0.036367946793505634,0.01575994975984776,0.022916507868157927,-0.00230851083449997
2024,202406,0.3816196405130991,0.3357297219127228,0.04588991860037628,0.012570913542114679,0.03756932706888305,-0.00425032201062147
2024,202407,0.3243767564769023,0.3869522748475208,-0.06257551837061853,0.014372936670423359,-0.0741144754807665,-0.0028339795602753608
2024,202408,0.3578353184890022,0.3292780520869724,0.02855726640202977,0.01967214802317792,0.012686483780879729,-0.0038013654020278204
2024,202409,0.2284650771813494,0.613284848356012,-0.38481977117466265,0.0026121957951618815,-0.382502663154743,-0.004929303815081489
2024,202410,0.3701955199610414,0.3231830165092624,0.047012503451778986,0.011485781384833645,0.03597849279269181,-0.00045177072574656
2024,202411,0.2581343938164557,0.3563190988899443,-0.09818470507348859,0.0015726987608277233,-0.0953238382587056,-0.00443356557561075
2024,202412,0.5255982139293082,0.4223547918330158,0.10324342209629239,0.020047346730008637,0.08653896178547425,-0.0033428864191905904
