target,fold,months,positive_ic_months,positive_excess_months,months_predictive_above_Y0,worst_predictive_month,worst_month_predictive
Y0,wf2021,12,12,12,0,202112,0.0796008222264467
Y0,wf2022,12,12,12,0,202208,0.0465378002278473
Y0,wf2023,12,12,10,0,202309,-0.02504258117678
Y1,wf2021,12,12,12,8,202110,0.1328573393247392
Y1,wf2022,12,12,12,8,202206,0.1398367864066576
Y1,wf2023,12,12,12,9,202309,0.037425533280036
Y2,wf2021,12,12,12,6,202112,0.0834273887439975
Y2,wf2022,12,12,12,2,202208,0.0441716267367401
Y2,wf2023,12,12,10,8,202309,-0.0027168749505796
Y3,wf2021,12,12,12,11,202112,0.0540452595924813
Y3,wf2022,12,12,12,8,202208,0.0867479125335897
Y3,wf2023,12,12,11,9,202301,4.03232856590538e-05
Y4,wf2021,12,12,12,9,202110,0.1424905734656505
Y4,wf2022,12,12,12,9,202208,0.14481940625808
Y4,wf2023,12,12,12,9,202309,0.0327997740166424
Y5,wf2021,12,12,12,6,202110,0.0884399738142247
Y5,wf2022,12,12,11,4,202208,0.027901951310227
Y5,wf2023,12,12,11,6,202309,0.0232420965098627
