target,fold,exp_id,feature,gain,split_count,gain_share
Y0,wf2021,S003_T030_wf2021_raw,ret_1,244.85371040785685,1075,0.09795272832399092
Y0,wf2021,S003_T030_wf2021_raw,ret_2,65.63706910796463,849,0.026257841825660048
Y0,wf2021,S003_T030_wf2021_raw,ret_3,69.94494158867747,696,0.027981188643867467
Y0,wf2021,S003_T030_wf2021_raw,ret_5,36.28200819250196,566,0.014514469417715304
Y0,wf2021,S003_T030_wf2021_raw,ret_10,68.21553124766797,738,0.027289345089561386
Y0,wf2021,S003_T030_wf2021_raw,ret_20,80.67729784082621,857,0.032274623995498054
Y0,wf2021,S003_T030_wf2021_raw,ret_40,71.6301583382301,684,0.028655352732134726
Y0,wf2021,S003_T030_wf2021_raw,ret_60,34.254158737603575,598,0.013703236512946379
Y0,wf2021,S003_T030_wf2021_raw,intraday_ret,39.25297556258738,546,0.015702992798376645
Y0,wf2021,S003_T030_wf2021_raw,high_low_range,100.3382793883793,461,0.04013991948521129
Y0,wf2021,S003_T030_wf2021_raw,high_close,40.31322016427293,422,0.016127139327554784
Y0,wf2021,S003_T030_wf2021_raw,close_low,50.60202225018293,493,0.020243132643815817
Y0,wf2021,S003_T030_wf2021_raw,open_gap,109.99091845517978,914,0.044001418379979555
Y0,wf2021,S003_T030_wf2021_raw,close_position,149.1804998172447,713,0.05967905058696165
Y0,wf2021,S003_T030_wf2021_raw,ma_bias_5,31.737896971404552,407,0.012696616254809463
Y0,wf2021,S003_T030_wf2021_raw,ma_bias_10,54.09575516823679,634,0.02164078625008003
Y0,wf2021,S003_T030_wf2021_raw,ma_bias_20,43.06199868628755,541,0.01722677696564173
Y0,wf2021,S003_T030_wf2021_raw,ma_bias_60,36.08182846754789,469,0.014434388335089537
Y0,wf2021,S003_T030_wf2021_raw,volatility_5,19.754742642864585,385,0.007902804233530545
Y0,wf2021,S003_T030_wf2021_raw,volatility_10,20.16045845998451,283,0.008065109191641643
Y0,wf2021,S003_T030_wf2021_raw,volatility_20,33.831589590758085,403,0.01353418944900722
Y0,wf2021,S003_T030_wf2021_raw,volatility_60,65.32198425428942,742,0.02613179341487778
Y0,wf2021,S003_T030_wf2021_raw,vol_ratio_5,20.47236043447629,258,0.008189884304586507
Y0,wf2021,S003_T030_wf2021_raw,vol_ratio_10,29.81469569168985,266,0.011927247425762708
Y0,wf2021,S003_T030_wf2021_raw,vol_ratio_20,33.254691733047366,342,0.013303403813645998
Y0,wf2021,S003_T030_wf2021_raw,vol_ratio_60,69.97667198628187,753,0.02799388226003109
Y0,wf2021,S003_T030_wf2021_raw,amount_ratio_5,21.021272990386933,299,0.008409474534087956
Y0,wf2021,S003_T030_wf2021_raw,amount_ratio_20,38.18330447142944,321,0.015275075240526726
Y0,wf2021,S003_T030_wf2021_raw,vol_change_1,60.1720369560644,738,0.024071577999944374
Y0,wf2021,S003_T030_wf2021_raw,vol_change_5,40.87747409194708,552,0.016352866810267406
Y0,wf2021,S003_T030_wf2021_raw,price_position_20,44.2333528669551,362,0.017695372428781653
Y0,wf2021,S003_T030_wf2021_raw,price_position_60,36.44895504508168,517,0.014581255825272891
Y0,wf2021,S003_T030_wf2021_raw,flag_limit_up,140.6104249758646,88,0.05625062709582619
Y0,wf2021,S003_T030_wf2021_raw,flag_limit_down,87.98287342349067,84,0.035197189714870354
Y0,wf2021,S003_T030_wf2021_raw,zero_volume,0.0,0,0.0
Y0,wf2021,S003_T030_wf2021_raw,rank_ret_1,165.8552096891217,1001,0.06634970027097366
Y0,wf2021,S003_T030_wf2021_raw,rank_ret_5,50.7278400962241,702,0.020293465560033638
Y0,wf2021,S003_T030_wf2021_raw,rank_ret_20,70.32973187183961,698,0.028135122427454043
Y0,wf2021,S003_T030_wf2021_raw,rank_volatility_20,32.00529149733484,449,0.01280358634446072
Y0,wf2021,S003_T030_wf2021_raw,rank_vol_ratio_20,92.52778757177292,694,0.03701536408552211
Y0,wf2022,S003_T030_wf2022_raw,ret_1,267.8158227610402,1068,0.10160106382319183
Y0,wf2022,S003_T030_wf2022_raw,ret_2,63.44513671891764,811,0.024069128248637637
Y0,wf2022,S003_T030_wf2022_raw,ret_3,70.24649250227958,701,0.026649352881766057
Y0,wf2022,S003_T030_wf2022_raw,ret_5,38.338544126134366,546,0.014544461296161638
Y0,wf2022,S003_T030_wf2022_raw,ret_10,65.78430633200333,676,0.02495653706079152
Y0,wf2022,S003_T030_wf2022_raw,ret_20,71.52712851017714,723,0.027135186688862556
Y0,wf2022,S003_T030_wf2022_raw,ret_40,70.94064410636202,718,0.026912692592998423
Y0,wf2022,S003_T030_wf2022_raw,ret_60,47.47969989059493,695,0.018012333883627756
Y0,wf2022,S003_T030_wf2022_raw,intraday_ret,36.651191705372185,499,0.013904331824995026
Y0,wf2022,S003_T030_wf2022_raw,high_low_range,146.9963968838565,476,0.0557658996679287
Y0,wf2022,S003_T030_wf2022_raw,high_close,47.24254109617323,425,0.017922363150906076
Y0,wf2022,S003_T030_wf2022_raw,close_low,55.01213594246656,489,0.02086990782440707
Y0,wf2022,S003_T030_wf2022_raw,open_gap,98.29030045680702,884,0.03728830875994642
Y0,wf2022,S003_T030_wf2022_raw,close_position,157.70768888527527,665,0.0598294335213262
Y0,wf2022,S003_T030_wf2022_raw,ma_bias_5,42.36491737840697,488,0.016071943136340843
Y0,wf2022,S003_T030_wf2022_raw,ma_bias_10,51.55653081461787,618,0.01955895780837472
Y0,wf2022,S003_T030_wf2022_raw,ma_bias_20,48.43988510966301,597,0.0183765985440159
Y0,wf2022,S003_T030_wf2022_raw,ma_bias_60,33.398203239776194,482,0.012670248322004907
Y0,wf2022,S003_T030_wf2022_raw,volatility_5,21.215530602261424,382,0.008048518032060095
Y0,wf2022,S003_T030_wf2022_raw,volatility_10,15.602605219464747,275,0.0059191472421901755
Y0,wf2022,S003_T030_wf2022_raw,volatility_20,35.94674031343311,467,0.013637084691891172
Y0,wf2022,S003_T030_wf2022_raw,volatility_60,50.99105275887996,631,0.019344432873143746
Y0,wf2022,S003_T030_wf2022_raw,vol_ratio_5,22.82276109047234,297,0.008658251712944959
Y0,wf2022,S003_T030_wf2022_raw,vol_ratio_10,30.063418426550925,269,0.01140513380729073
Y0,wf2022,S003_T030_wf2022_raw,vol_ratio_20,29.68496776837856,341,0.011261561298846345
Y0,wf2022,S003_T030_wf2022_raw,vol_ratio_60,75.38674257043749,776,0.028599405234378778
Y0,wf2022,S003_T030_wf2022_raw,amount_ratio_5,21.23248984105885,295,0.00805495184424373
Y0,wf2022,S003_T030_wf2022_raw,amount_ratio_20,22.85922625567764,280,0.008672085472052808
Y0,wf2022,S003_T030_wf2022_raw,vol_change_1,68.65290242061019,781,0.026044793950458393
Y0,wf2022,S003_T030_wf2022_raw,vol_change_5,47.19801393244416,581,0.017905470918187102
Y0,wf2022,S003_T030_wf2022_raw,price_position_20,50.50273031741381,397,0.01915917839851934
Y0,wf2022,S003_T030_wf2022_raw,price_position_60,37.53709947504103,553,0.01424041791176779
Y0,wf2022,S003_T030_wf2022_raw,flag_limit_up,179.5685833785683,84,0.06812278271088064
Y0,wf2022,S003_T030_wf2022_raw,flag_limit_down,112.58530616946518,87,0.04271139307509748
Y0,wf2022,S003_T030_wf2022_raw,zero_volume,0.0,0,0.0
Y0,wf2022,S003_T030_wf2022_raw,rank_ret_1,175.17417372902855,981,0.06645567921167286
Y0,wf2022,S003_T030_wf2022_raw,rank_ret_5,53.86630930472165,718,0.020435216534879688
Y0,wf2022,S003_T030_wf2022_raw,rank_ret_20,63.95599218970165,685,0.024262931059675665
Y0,wf2022,S003_T030_wf2022_raw,rank_volatility_20,36.13909863913432,494,0.013710059508408748
Y0,wf2022,S003_T030_wf2022_raw,rank_vol_ratio_20,71.73159633297473,665,0.027212755475126478
Y0,wf2023,S003_T030_wf2023_raw,ret_1,304.7554825851694,1095,0.0999684987338827
Y0,wf2023,S003_T030_wf2023_raw,ret_2,80.0590621274896,890,0.02626165797916725
Y0,wf2023,S003_T030_wf2023_raw,ret_3,82.43918623495847,783,0.027042406636437064
Y0,wf2023,S003_T030_wf2023_raw,ret_5,52.8892439045012,608,0.01734918193252035
Y0,wf2023,S003_T030_wf2023_raw,ret_10,77.87000456312671,708,0.02554358460278345
Y0,wf2023,S003_T030_wf2023_raw,ret_20,73.98608800163493,757,0.02426954908891377
Y0,wf2023,S003_T030_wf2023_raw,ret_40,67.53491912037134,666,0.02215338152182684
Y0,wf2023,S003_T030_wf2023_raw,ret_60,62.34523938363418,721,0.020451018408322304
Y0,wf2023,S003_T030_wf2023_raw,intraday_ret,36.84384471690282,484,0.012085832919851498
Y0,wf2023,S003_T030_wf2023_raw,high_low_range,151.0216336362064,382,0.04953940734021332
Y0,wf2023,S003_T030_wf2023_raw,high_close,73.02639139816165,489,0.023954741204653913
Y0,wf2023,S003_T030_wf2023_raw,close_low,71.41865070397034,545,0.02342735635766676
Y0,wf2023,S003_T030_wf2023_raw,open_gap,97.801016011741,801,0.03208152536717632
Y0,wf2023,S003_T030_wf2023_raw,close_position,206.5948152290657,702,0.06776899745809081
Y0,wf2023,S003_T030_wf2023_raw,ma_bias_5,44.68247956503183,458,0.014657128934752748
Y0,wf2023,S003_T030_wf2023_raw,ma_bias_10,54.50290966872126,614,0.017878510371631403
Y0,wf2023,S003_T030_wf2023_raw,ma_bias_20,61.31823546625674,597,0.020114131803549422
Y0,wf2023,S003_T030_wf2023_raw,ma_bias_60,49.93248809268698,588,0.016379281614001408
Y0,wf2023,S003_T030_wf2023_raw,volatility_5,30.450275261886414,437,0.009988559608976197
Y0,wf2023,S003_T030_wf2023_raw,volatility_10,17.91139096254483,270,0.005875447586938267
Y0,wf2023,S003_T030_wf2023_raw,volatility_20,41.08377433568239,410,0.013476650880306933
Y0,wf2023,S003_T030_wf2023_raw,volatility_60,43.359447811730206,509,0.014223136748515846
Y0,wf2023,S003_T030_wf2023_raw,vol_ratio_5,25.260402580723166,288,0.008286133204191547
Y0,wf2023,S003_T030_wf2023_raw,vol_ratio_10,29.3900246322155,270,0.009640767133412663
Y0,wf2023,S003_T030_wf2023_raw,vol_ratio_20,36.12096958048642,314,0.011848709237788115
Y0,wf2023,S003_T030_wf2023_raw,vol_ratio_60,72.98560953838751,697,0.023941363590369132
Y0,wf2023,S003_T030_wf2023_raw,amount_ratio_5,20.113234764896333,282,0.006597715214415875
Y0,wf2023,S003_T030_wf2023_raw,amount_ratio_20,32.15487417206168,305,0.010547716716005472
Y0,wf2023,S003_T030_wf2023_raw,vol_change_1,73.86724090669304,743,0.024230563848814266
Y0,wf2023,S003_T030_wf2023_raw,vol_change_5,41.59767850115895,497,0.013645226118002365
Y0,wf2023,S003_T030_wf2023_raw,price_position_20,56.175170737318695,391,0.018427059743412053
Y0,wf2023,S003_T030_wf2023_raw,price_position_60,47.213899360504,520,0.015487506897019146
Y0,wf2023,S003_T030_wf2023_raw,flag_limit_up,215.59342149738225,91,0.0707207972147679
Y0,wf2023,S003_T030_wf2023_raw,flag_limit_down,156.59381916373968,86,0.05136724327323381
Y0,wf2023,S003_T030_wf2023_raw,zero_volume,0.1853249967098236,1,6.079188975300947e-05
Y0,wf2023,S003_T030_wf2023_raw,rank_ret_1,187.61132630892095,1102,0.06154187113379964
Y0,wf2023,S003_T030_wf2023_raw,rank_ret_5,77.73028657399118,759,0.025497753113546524
Y0,wf2023,S003_T030_wf2023_raw,rank_ret_20,70.28017977438867,700,0.02305390539062586
Y0,wf2023,S003_T030_wf2023_raw,rank_volatility_20,48.70828342344612,457,0.015977707532744915
Y0,wf2023,S003_T030_wf2023_raw,rank_vol_ratio_20,75.10682142619044,583,0.024637181647919126
Y1,wf2021,S005_Y1_wf2021_raw,ret_1,8736.52474194765,892,0.063346513418558
Y1,wf2021,S005_Y1_wf2021_raw,ret_2,3391.8523699641228,759,0.024593534387427424
Y1,wf2021,S005_Y1_wf2021_raw,ret_3,1850.980633676052,548,0.013421031017707795
Y1,wf2021,S005_Y1_wf2021_raw,ret_5,1774.964517921209,433,0.012869855803429479
Y1,wf2021,S005_Y1_wf2021_raw,ret_10,2154.093702107668,552,0.01561883353345539
Y1,wf2021,S005_Y1_wf2021_raw,ret_20,2598.446176052093,653,0.018840730201147404
Y1,wf2021,S005_Y1_wf2021_raw,ret_40,1915.002297401428,627,0.01388523724387294
Y1,wf2021,S005_Y1_wf2021_raw,ret_60,1645.0788545012474,561,0.011928085000537358
Y1,wf2021,S005_Y1_wf2021_raw,intraday_ret,1660.4287639558315,472,0.012039383631739047
Y1,wf2021,S005_Y1_wf2021_raw,high_low_range,2821.305024623871,422,0.020456627993288182
Y1,wf2021,S005_Y1_wf2021_raw,high_close,2222.963686108589,525,0.016118193804788822
Y1,wf2021,S005_Y1_wf2021_raw,close_low,5553.483033001423,518,0.04026701667548105
Y1,wf2021,S005_Y1_wf2021_raw,open_gap,2226.3632886111736,521,0.016142843533589305
Y1,wf2021,S005_Y1_wf2021_raw,close_position,5591.221291929483,630,0.04054064803305063
Y1,wf2021,S005_Y1_wf2021_raw,ma_bias_5,2651.2956394553185,605,0.01922392939550917
Y1,wf2021,S005_Y1_wf2021_raw,ma_bias_10,2257.229511588812,581,0.016366647353275768
Y1,wf2021,S005_Y1_wf2021_raw,ma_bias_20,3505.3782449662685,646,0.025416684161118072
Y1,wf2021,S005_Y1_wf2021_raw,ma_bias_60,2317.055542767048,597,0.01680043202152205
Y1,wf2021,S005_Y1_wf2021_raw,volatility_5,1196.5466650128365,426,0.008675882185422493
Y1,wf2021,S005_Y1_wf2021_raw,volatility_10,1165.554084897041,365,0.008451162179450954
Y1,wf2021,S005_Y1_wf2021_raw,volatility_20,1166.4534851908684,340,0.00845768352225767
Y1,wf2021,S005_Y1_wf2021_raw,volatility_60,4128.014230579138,748,0.02993127319766327
Y1,wf2021,S005_Y1_wf2021_raw,vol_ratio_5,1204.6042518615725,286,0.00873430587773849
Y1,wf2021,S005_Y1_wf2021_raw,vol_ratio_10,1783.0343904197216,324,0.012928368576140874
Y1,wf2021,S005_Y1_wf2021_raw,vol_ratio_20,3293.3191300034523,294,0.023879092731081686
Y1,wf2021,S005_Y1_wf2021_raw,vol_ratio_60,5117.625548779964,718,0.03710671520683799
Y1,wf2021,S005_Y1_wf2021_raw,amount_ratio_5,1612.1389365792274,364,0.011689245300051571
Y1,wf2021,S005_Y1_wf2021_raw,amount_ratio_20,2117.578707158565,294,0.015354071779114353
Y1,wf2021,S005_Y1_wf2021_raw,vol_change_1,3200.4001429080963,792,0.023205358719362672
Y1,wf2021,S005_Y1_wf2021_raw,vol_change_5,1228.3907924294472,375,0.00890677656325366
Y1,wf2021,S005_Y1_wf2021_raw,price_position_20,2115.114220917225,431,0.01533620236131172
Y1,wf2021,S005_Y1_wf2021_raw,price_position_60,2322.030655771494,463,0.01683650541134281
Y1,wf2021,S005_Y1_wf2021_raw,flag_limit_up,6281.694717288017,138,0.04554711060215694
Y1,wf2021,S005_Y1_wf2021_raw,flag_limit_down,5461.684169769287,132,0.0396014044219471
Y1,wf2021,S005_Y1_wf2021_raw,zero_volume,201.5848183631897,27,0.0014616447361625166
Y1,wf2021,S005_Y1_wf2021_raw,rank_ret_1,14268.739588350058,1502,0.10345931940871766
Y1,wf2021,S005_Y1_wf2021_raw,rank_ret_5,5878.724850594997,937,0.04262526961598317
Y1,wf2021,S005_Y1_wf2021_raw,rank_ret_20,5148.714045524597,825,0.03733213068202586
Y1,wf2021,S005_Y1_wf2021_raw,rank_volatility_20,3810.791636914015,653,0.027631165788845048
Y1,wf2021,S005_Y1_wf2021_raw,rank_vol_ratio_20,10340.019794791937,624,0.07497308392363361
Y1,wf2022,S005_Y1_wf2022_raw,ret_1,10419.2427546978,916,0.06608411212245266
Y1,wf2022,S005_Y1_wf2022_raw,ret_2,3423.4751391410828,755,0.021713412411033736
Y1,wf2022,S005_Y1_wf2022_raw,ret_3,2184.866294682026,569,0.01385752809389481
Y1,wf2022,S005_Y1_wf2022_raw,ret_5,1921.4172113239763,456,0.01218660064042502
Y1,wf2022,S005_Y1_wf2022_raw,ret_10,2212.130575954914,555,0.014030451967826364
Y1,wf2022,S005_Y1_wf2022_raw,ret_20,2372.564272224903,613,0.015048003686519665
Y1,wf2022,S005_Y1_wf2022_raw,ret_40,2013.8007064163685,577,0.012772543533942601
Y1,wf2022,S005_Y1_wf2022_raw,ret_60,1996.277748823166,611,0.012661404066174267
Y1,wf2022,S005_Y1_wf2022_raw,intraday_ret,2221.469575583935,523,0.014089684631190261
Y1,wf2022,S005_Y1_wf2022_raw,high_low_range,2739.136054456234,401,0.017372987500432653
Y1,wf2022,S005_Y1_wf2022_raw,high_close,2739.5080422759056,534,0.017375346835497792
Y1,wf2022,S005_Y1_wf2022_raw,close_low,9532.80703049898,556,0.06046188801591764
Y1,wf2022,S005_Y1_wf2022_raw,open_gap,2394.92538228631,551,0.015189829166477339
Y1,wf2022,S005_Y1_wf2022_raw,close_position,7790.616451799869,705,0.049412033410166874
Y1,wf2022,S005_Y1_wf2022_raw,ma_bias_5,3110.961988866329,663,0.01973129580729244
Y1,wf2022,S005_Y1_wf2022_raw,ma_bias_10,2675.4064159095287,600,0.0169687818706766
Y1,wf2022,S005_Y1_wf2022_raw,ma_bias_20,4891.305290877819,752,0.031023134298485872
Y1,wf2022,S005_Y1_wf2022_raw,ma_bias_60,2635.7930694818497,617,0.01671753397402
Y1,wf2022,S005_Y1_wf2022_raw,volatility_5,1139.2700639367104,390,0.007225827482424468
Y1,wf2022,S005_Y1_wf2022_raw,volatility_10,1325.4908566474917,385,0.008406934021043378
Y1,wf2022,S005_Y1_wf2022_raw,volatility_20,1202.8740079402924,326,0.007629235893757219
Y1,wf2022,S005_Y1_wf2022_raw,volatility_60,3768.1537568867207,656,0.023899538692720067
Y1,wf2022,S005_Y1_wf2022_raw,vol_ratio_5,1510.6790593266487,295,0.009581491350949822
Y1,wf2022,S005_Y1_wf2022_raw,vol_ratio_10,2575.088707983494,324,0.016332516182801873
Y1,wf2022,S005_Y1_wf2022_raw,vol_ratio_20,3406.66851490736,284,0.021606816292063336
Y1,wf2022,S005_Y1_wf2022_raw,vol_ratio_60,5469.782549738884,750,0.0346921299188852
Y1,wf2022,S005_Y1_wf2022_raw,amount_ratio_5,1459.17505133152,350,0.009254826859178463
Y1,wf2022,S005_Y1_wf2022_raw,amount_ratio_20,1553.5641021728516,256,0.009853490002535789
Y1,wf2022,S005_Y1_wf2022_raw,vol_change_1,3325.406340509653,784,0.021091410444379146
Y1,wf2022,S005_Y1_wf2022_raw,vol_change_5,1352.4800949692726,367,0.008578113433342992
Y1,wf2022,S005_Y1_wf2022_raw,price_position_20,2453.177691400051,458,0.015559294800160607
Y1,wf2022,S005_Y1_wf2022_raw,price_position_60,2888.1025260686874,482,0.018317808275251913
Y1,wf2022,S005_Y1_wf2022_raw,flag_limit_up,7834.865724444389,121,0.04969268469775292
Y1,wf2022,S005_Y1_wf2022_raw,flag_limit_down,7044.882725834847,135,0.044682212604528475
Y1,wf2022,S005_Y1_wf2022_raw,zero_volume,344.5740925073624,35,0.0021854633297109854
Y1,wf2022,S005_Y1_wf2022_raw,rank_ret_1,16183.43596753478,1454,0.10264354350731514
Y1,wf2022,S005_Y1_wf2022_raw,rank_ret_5,7111.995701700449,821,0.04510787707232045
Y1,wf2022,S005_Y1_wf2022_raw,rank_ret_20,4915.215144425631,819,0.03117478269366052
Y1,wf2022,S005_Y1_wf2022_raw,rank_volatility_20,4193.397099673748,586,0.02659664724520043
Y1,wf2022,S005_Y1_wf2022_raw,rank_vol_ratio_20,9332.39653006196,568,0.05919078316759021
Y1,wf2023,S005_Y1_wf2023_raw,ret_1,10095.316321521996,910,0.05598834078504795
Y1,wf2023,S005_Y1_wf2023_raw,ret_2,3649.163048565388,750,0.020238155778013408
Y1,wf2023,S005_Y1_wf2023_raw,ret_3,2347.4912136793137,572,0.013019120340111164
Y1,wf2023,S005_Y1_wf2023_raw,ret_5,1982.5056372880936,499,0.01099492058432402
Y1,wf2023,S005_Y1_wf2023_raw,ret_10,1849.090231180191,493,0.01025500248911582
Y1,wf2023,S005_Y1_wf2023_raw,ret_20,2594.991274893284,579,0.014391748728389228
Y1,wf2023,S005_Y1_wf2023_raw,ret_40,2163.0254105627537,529,0.011996078176879525
Y1,wf2023,S005_Y1_wf2023_raw,ret_60,2248.2005013227463,674,0.01246845683803166
Y1,wf2023,S005_Y1_wf2023_raw,intraday_ret,2563.8662852346897,538,0.014219130409910057
Y1,wf2023,S005_Y1_wf2023_raw,high_low_range,4436.391321241856,451,0.02460410166841318
Y1,wf2023,S005_Y1_wf2023_raw,high_close,3766.953169703484,523,0.02089141648162626
Y1,wf2023,S005_Y1_wf2023_raw,close_low,13914.561283230782,630,0.07716976607648357
Y1,wf2023,S005_Y1_wf2023_raw,open_gap,2888.2959528565407,527,0.016018408234703716
Y1,wf2023,S005_Y1_wf2023_raw,close_position,9417.31226697564,731,0.0522281493407582
Y1,wf2023,S005_Y1_wf2023_raw,ma_bias_5,3449.8466869592667,656,0.01913275283448712
Y1,wf2023,S005_Y1_wf2023_raw,ma_bias_10,2940.7297897338867,590,0.016309204821384014
Y1,wf2023,S005_Y1_wf2023_raw,ma_bias_20,5602.719202071428,732,0.031072523338348926
Y1,wf2023,S005_Y1_wf2023_raw,ma_bias_60,3466.081588357687,687,0.019222791141674047
Y1,wf2023,S005_Y1_wf2023_raw,volatility_5,1498.6111484766006,437,0.008311255339895116
Y1,wf2023,S005_Y1_wf2023_raw,volatility_10,1808.5211105942728,405,0.010030007285758818
Y1,wf2023,S005_Y1_wf2023_raw,volatility_20,1317.714310824871,305,0.007308006558894503
Y1,wf2023,S005_Y1_wf2023_raw,volatility_60,4627.096568226814,619,0.02566174761209975
Y1,wf2023,S005_Y1_wf2023_raw,vol_ratio_5,1298.762323975563,294,0.007202899372108222
Y1,wf2023,S005_Y1_wf2023_raw,vol_ratio_10,2585.895449280739,323,0.014341303535004762
Y1,wf2023,S005_Y1_wf2023_raw,vol_ratio_20,3438.926158607006,268,0.01907218789095626
Y1,wf2023,S005_Y1_wf2023_raw,vol_ratio_60,6575.869887322187,766,0.03646958970712301
Y1,wf2023,S005_Y1_wf2023_raw,amount_ratio_5,1551.8936092853546,327,0.008606758371064794
Y1,wf2023,S005_Y1_wf2023_raw,amount_ratio_20,1323.0620623230934,224,0.007337665038508254
Y1,wf2023,S005_Y1_wf2023_raw,vol_change_1,3548.1074620485306,785,0.019677704333408676
Y1,wf2023,S005_Y1_wf2023_raw,vol_change_5,1407.843533694744,332,0.007807860697587724
Y1,wf2023,S005_Y1_wf2023_raw,price_position_20,2498.6946834623814,438,0.013857690536871456
Y1,wf2023,S005_Y1_wf2023_raw,price_position_60,3515.608971476555,525,0.019497468617439638
Y1,wf2023,S005_Y1_wf2023_raw,flag_limit_up,8886.651638269424,137,0.04928512039793335
Y1,wf2023,S005_Y1_wf2023_raw,flag_limit_down,10045.691949486732,125,0.055713125411476036
Y1,wf2023,S005_Y1_wf2023_raw,zero_volume,334.00757694244385,35,0.0018523966408832972
Y1,wf2023,S005_Y1_wf2023_raw,rank_ret_1,17193.244737446308,1446,0.0953532524294146
Y1,wf2023,S005_Y1_wf2023_raw,rank_ret_5,9136.36016201973,841,0.05066999685741169
Y1,wf2023,S005_Y1_wf2023_raw,rank_ret_20,4455.878668963909,761,0.02471217795156372
Y1,wf2023,S005_Y1_wf2023_raw,rank_volatility_20,5273.422331094742,559,0.029246252140448202
Y1,wf2023,S005_Y1_wf2023_raw,rank_vol_ratio_20,8612.641020298004,577,0.047765465206446235
Y2,wf2021,S005_Y2_wf2021_raw,ret_1,238.57584307529032,1082,0.10273988943401377
Y2,wf2021,S005_Y2_wf2021_raw,ret_2,76.35504852142185,848,0.0328814063557306
Y2,wf2021,S005_Y2_wf2021_raw,ret_3,66.52258635731414,684,0.02864717181386312
Y2,wf2021,S005_Y2_wf2021_raw,ret_5,34.49671073816717,561,0.014855603993225613
Y2,wf2021,S005_Y2_wf2021_raw,ret_10,65.62147487932816,733,0.028259118721720076
Y2,wf2021,S005_Y2_wf2021_raw,ret_20,80.53931911662221,861,0.034683313425497145
Y2,wf2021,S005_Y2_wf2021_raw,ret_40,71.73197297658771,715,0.030890533079547904
Y2,wf2021,S005_Y2_wf2021_raw,ret_60,33.61054219212383,604,0.014473985899512492
Y2,wf2021,S005_Y2_wf2021_raw,intraday_ret,34.54543814389035,523,0.014876587879154192
Y2,wf2021,S005_Y2_wf2021_raw,high_low_range,97.67402282776312,428,0.04206217266822294
Y2,wf2021,S005_Y2_wf2021_raw,high_close,34.010377971455455,397,0.01464617048966536
Y2,wf2021,S005_Y2_wf2021_raw,close_low,41.37980825453997,476,0.017819729231892407
Y2,wf2021,S005_Y2_wf2021_raw,open_gap,103.24432229204103,911,0.04446095681877775
Y2,wf2021,S005_Y2_wf2021_raw,close_position,108.62918490218,641,0.0467798847624105
Y2,wf2021,S005_Y2_wf2021_raw,ma_bias_5,32.147320438642055,414,0.013843866608169489
Y2,wf2021,S005_Y2_wf2021_raw,ma_bias_10,50.210438751615584,630,0.021622536713184065
Y2,wf2021,S005_Y2_wf2021_raw,ma_bias_20,45.05047749634832,540,0.01940045990097868
Y2,wf2021,S005_Y2_wf2021_raw,ma_bias_60,36.12003143876791,465,0.015554668018928472
Y2,wf2021,S005_Y2_wf2021_raw,volatility_5,19.18170846952125,381,0.00826037784006561
Y2,wf2021,S005_Y2_wf2021_raw,volatility_10,16.680411328095943,261,0.007183223554706755
Y2,wf2021,S005_Y2_wf2021_raw,volatility_20,39.66725018294528,432,0.017082236178710825
Y2,wf2021,S005_Y2_wf2021_raw,volatility_60,58.673051160760224,691,0.02526686152005083
Y2,wf2021,S005_Y2_wf2021_raw,vol_ratio_5,19.504403077065945,243,0.008399342489096032
Y2,wf2021,S005_Y2_wf2021_raw,vol_ratio_10,27.449395350180566,270,0.011820760253661114
Y2,wf2021,S005_Y2_wf2021_raw,vol_ratio_20,33.44501090841368,363,0.014402701793095714
Y2,wf2021,S005_Y2_wf2021_raw,vol_ratio_60,61.33745235484093,777,0.02641425465323288
Y2,wf2021,S005_Y2_wf2021_raw,amount_ratio_5,20.27561589051038,276,0.008731456244462164
Y2,wf2021,S005_Y2_wf2021_raw,amount_ratio_20,22.94931959593669,293,0.009882855395079953
Y2,wf2021,S005_Y2_wf2021_raw,vol_change_1,59.01868781354278,725,0.025415705891859323
Y2,wf2021,S005_Y2_wf2021_raw,vol_change_5,37.915276151616126,567,0.0163277691046357
Y2,wf2021,S005_Y2_wf2021_raw,price_position_20,41.99160514725372,361,0.018083192390204072
Y2,wf2021,S005_Y2_wf2021_raw,price_position_60,38.00921334186569,543,0.016368222054169806
Y2,wf2021,S005_Y2_wf2021_raw,flag_limit_up,135.85516291856766,79,0.05850443296092116
Y2,wf2021,S005_Y2_wf2021_raw,flag_limit_down,63.10922673484311,76,0.027177248515297934
Y2,wf2021,S005_Y2_wf2021_raw,zero_volume,0.0522802006453275,2,2.2513855404018953e-05
Y2,wf2021,S005_Y2_wf2021_raw,rank_ret_1,137.09429757436737,1051,0.05903805177114806
Y2,wf2021,S005_Y2_wf2021_raw,rank_ret_5,49.431682522874326,710,0.021287174474469574
Y2,wf2021,S005_Y2_wf2021_raw,rank_ret_20,66.06530442414805,746,0.028450248711137965
Y2,wf2021,S005_Y2_wf2021_raw,rank_volatility_20,30.58742669411004,477,0.013172116657394076
Y2,wf2021,S005_Y2_wf2021_raw,rank_vol_ratio_20,93.37581038242206,763,0.04021119787670189
Y2,wf2022,S005_Y2_wf2022_raw,ret_1,261.33771698968485,1065,0.10649904489993564
Y2,wf2022,S005_Y2_wf2022_raw,ret_2,62.19736434798688,839,0.025346360160540326
Y2,wf2022,S005_Y2_wf2022_raw,ret_3,62.8763621551916,684,0.025623061965352172
Y2,wf2022,S005_Y2_wf2022_raw,ret_5,33.71235618274659,489,0.013738291495561907
Y2,wf2022,S005_Y2_wf2022_raw,ret_10,62.99884767923504,715,0.025672976656101573
Y2,wf2022,S005_Y2_wf2022_raw,ret_20,71.43173118401319,776,0.029109503344083403
Y2,wf2022,S005_Y2_wf2022_raw,ret_40,71.55258481996134,751,0.029158753015923425
Y2,wf2022,S005_Y2_wf2022_raw,ret_60,44.52823670068756,710,0.01814592525842209
Y2,wf2022,S005_Y2_wf2022_raw,intraday_ret,38.06275577796623,531,0.015511144672519314
Y2,wf2022,S005_Y2_wf2022_raw,high_low_range,120.23938932083549,401,0.048999357113561744
Y2,wf2022,S005_Y2_wf2022_raw,high_close,42.19373932527378,417,0.017194582514378807
Y2,wf2022,S005_Y2_wf2022_raw,close_low,47.54960049316287,471,0.019377176383978408
Y2,wf2022,S005_Y2_wf2022_raw,open_gap,101.20568954991175,890,0.041242838575537205
Y2,wf2022,S005_Y2_wf2022_raw,close_position,141.73605266679078,656,0.057759570301503756
Y2,wf2022,S005_Y2_wf2022_raw,ma_bias_5,37.97180079855025,475,0.015474079152286435
Y2,wf2022,S005_Y2_wf2022_raw,ma_bias_10,48.13808784075081,631,0.01961699381705213
Y2,wf2022,S005_Y2_wf2022_raw,ma_bias_20,44.324086965527385,578,0.018062731175066755
Y2,wf2022,S005_Y2_wf2022_raw,ma_bias_60,33.79754360252991,494,0.013773006648617185
Y2,wf2022,S005_Y2_wf2022_raw,volatility_5,19.44757095118985,353,0.007925177260223794
Y2,wf2022,S005_Y2_wf2022_raw,volatility_10,14.49247941095382,276,0.005905903033351608
Y2,wf2022,S005_Y2_wf2022_raw,volatility_20,38.01779503095895,460,0.01549282249281476
Y2,wf2022,S005_Y2_wf2022_raw,volatility_60,47.423744063358754,602,0.01932588799850138
Y2,wf2022,S005_Y2_wf2022_raw,vol_ratio_5,20.54615908348933,274,0.00837286842465268
Y2,wf2022,S005_Y2_wf2022_raw,vol_ratio_10,25.862811065278947,245,0.010539483962004655
Y2,wf2022,S005_Y2_wf2022_raw,vol_ratio_20,24.274576880037785,330,0.009892254676641734
Y2,wf2022,S005_Y2_wf2022_raw,vol_ratio_60,62.37391392420977,765,0.025418306764581292
Y2,wf2022,S005_Y2_wf2022_raw,amount_ratio_5,21.104684868827466,304,0.00860047607109449
Y2,wf2022,S005_Y2_wf2022_raw,amount_ratio_20,22.35227376269177,290,0.009108887283814926
Y2,wf2022,S005_Y2_wf2022_raw,vol_change_1,70.07179037947208,749,0.02855530704026479
Y2,wf2022,S005_Y2_wf2022_raw,vol_change_5,40.43569705681875,572,0.016478153884631627
Y2,wf2022,S005_Y2_wf2022_raw,price_position_20,48.44388957042247,385,0.019741612614958232
Y2,wf2022,S005_Y2_wf2022_raw,price_position_60,37.86771461647004,550,0.01543166246974053
Y2,wf2022,S005_Y2_wf2022_raw,flag_limit_up,175.21479418408126,82,0.0714026603120589
Y2,wf2022,S005_Y2_wf2022_raw,flag_limit_down,80.84510889137164,87,0.032945596146392496
Y2,wf2022,S005_Y2_wf2022_raw,zero_volume,0.0,0,0.0
Y2,wf2022,S005_Y2_wf2022_raw,rank_ret_1,154.2073705890216,1024,0.06284181967086461
Y2,wf2022,S005_Y2_wf2022_raw,rank_ret_5,55.04907623073086,755,0.022433325387272704
Y2,wf2022,S005_Y2_wf2022_raw,rank_ret_20,60.29536617454141,743,0.024571267337328128
Y2,wf2022,S005_Y2_wf2022_raw,rank_volatility_20,36.11520957946777,497,0.014717490344978169
Y2,wf2022,S005_Y2_wf2022_raw,rank_vol_ratio_20,73.6013109209016,684,0.029993639673406236
Y2,wf2023,S005_Y2_wf2023_raw,ret_1,296.315472392831,1104,0.10547309250706115
Y2,wf2023,S005_Y2_wf2023_raw,ret_2,72.83399297622964,907,0.025925161507112604
Y2,wf2023,S005_Y2_wf2023_raw,ret_3,78.5851244982332,774,0.027972269010956986
Y2,wf2023,S005_Y2_wf2023_raw,ret_5,47.19339609425515,616,0.016798425650122007
Y2,wf2023,S005_Y2_wf2023_raw,ret_10,75.93455444043502,691,0.027028802175948215
Y2,wf2023,S005_Y2_wf2023_raw,ret_20,70.95074806548655,745,0.02525482302265801
Y2,wf2023,S005_Y2_wf2023_raw,ret_40,65.4657416716218,629,0.02330244239902671
Y2,wf2023,S005_Y2_wf2023_raw,ret_60,51.68408217700198,691,0.018396879300891233
Y2,wf2023,S005_Y2_wf2023_raw,intraday_ret,39.01499671442434,525,0.01388733542799206
Y2,wf2023,S005_Y2_wf2023_raw,high_low_range,138.20910660736263,382,0.049195344977433976
Y2,wf2023,S005_Y2_wf2023_raw,high_close,63.28033285308629,464,0.022524549079377298
Y2,wf2023,S005_Y2_wf2023_raw,close_low,59.94587859231979,512,0.021337654585254693
Y2,wf2023,S005_Y2_wf2023_raw,open_gap,95.9273808505386,796,0.034145221755398726
Y2,wf2023,S005_Y2_wf2023_raw,close_position,165.4098536693491,710,0.058877414185506426
Y2,wf2023,S005_Y2_wf2023_raw,ma_bias_5,43.38833429664373,478,0.015444019038365665
Y2,wf2023,S005_Y2_wf2023_raw,ma_bias_10,56.39736162731424,646,0.02007456476044553
Y2,wf2023,S005_Y2_wf2023_raw,ma_bias_20,59.82127088075504,606,0.02129330063848698
Y2,wf2023,S005_Y2_wf2023_raw,ma_bias_60,50.2072332710959,627,0.017871196925908533
Y2,wf2023,S005_Y2_wf2023_raw,volatility_5,23.03716745693237,383,0.008200048666592925
Y2,wf2023,S005_Y2_wf2023_raw,volatility_10,15.889461578335611,278,0.00565583240525962
Y2,wf2023,S005_Y2_wf2023_raw,volatility_20,41.49040934443474,423,0.014768455212962663
Y2,wf2023,S005_Y2_wf2023_raw,volatility_60,39.971278802491724,503,0.014227722746693603
Y2,wf2023,S005_Y2_wf2023_raw,vol_ratio_5,21.7076974157244,264,0.007726825599605056
Y2,wf2023,S005_Y2_wf2023_raw,vol_ratio_10,27.9870078205131,257,0.009961937663975453
Y2,wf2023,S005_Y2_wf2023_raw,vol_ratio_20,32.28426376543939,321,0.011491540118230201
Y2,wf2023,S005_Y2_wf2023_raw,vol_ratio_60,59.32521345606074,653,0.021116729667619034
Y2,wf2023,S005_Y2_wf2023_raw,amount_ratio_5,19.747019490227103,268,0.007028924938048064
Y2,wf2023,S005_Y2_wf2023_raw,amount_ratio_20,24.156833870336413,282,0.008598592415403495
Y2,wf2023,S005_Y2_wf2023_raw,vol_change_1,68.71723708277568,735,0.02445980780258643
Y2,wf2023,S005_Y2_wf2023_raw,vol_change_5,34.27244743471965,460,0.01219923141216649
Y2,wf2023,S005_Y2_wf2023_raw,price_position_20,51.86524550803006,387,0.018461364144082545
Y2,wf2023,S005_Y2_wf2023_raw,price_position_60,45.79439024440944,551,0.016300451405891262
Y2,wf2023,S005_Y2_wf2023_raw,flag_limit_up,212.82778493594375,92,0.07575576282720228
Y2,wf2023,S005_Y2_wf2023_raw,flag_limit_down,115.68774148914964,93,0.04117889545720957
Y2,wf2023,S005_Y2_wf2023_raw,zero_volume,0.0,0,0.0
Y2,wf2023,S005_Y2_wf2023_raw,rank_ret_1,171.09874748438597,1118,0.060902368261548614
Y2,wf2023,S005_Y2_wf2023_raw,rank_ret_5,81.2620481532067,833,0.028925116373314942
Y2,wf2023,S005_Y2_wf2023_raw,rank_ret_20,64.36024482920766,710,0.022908942289887515
Y2,wf2023,S005_Y2_wf2023_raw,rank_volatility_20,49.43501965049654,491,0.017596328529793488
Y2,wf2023,S005_Y2_wf2023_raw,rank_vol_ratio_20,77.91187037387863,595,0.027732625113979947
Y3,wf2021,S005_Y3_wf2021_raw,ret_1,230312.96560239792,802,0.10836843572967939
Y3,wf2021,S005_Y3_wf2021_raw,ret_2,74665.36625623703,796,0.035132060078374286
Y3,wf2021,S005_Y3_wf2021_raw,ret_3,28244.064398765564,574,0.013289590838001368
Y3,wf2021,S005_Y3_wf2021_raw,ret_5,19134.978928089145,378,0.009003521485356655
Y3,wf2021,S005_Y3_wf2021_raw,ret_10,24985.842137813568,553,0.011756509759585039
Y3,wf2021,S005_Y3_wf2021_raw,ret_20,37475.24601459503,606,0.017633109706022918
Y3,wf2021,S005_Y3_wf2021_raw,ret_40,28761.31316757202,637,0.013532970275246888
Y3,wf2021,S005_Y3_wf2021_raw,ret_60,23469.88529109955,609,0.011043211349821584
Y3,wf2021,S005_Y3_wf2021_raw,intraday_ret,21403.91854000092,411,0.010071118508671718
Y3,wf2021,S005_Y3_wf2021_raw,high_low_range,156575.78083515167,550,0.07367310996963619
Y3,wf2021,S005_Y3_wf2021_raw,high_close,46732.44519138336,598,0.021988870535217774
Y3,wf2021,S005_Y3_wf2021_raw,close_low,54395.68801116943,478,0.025594632090260108
Y3,wf2021,S005_Y3_wf2021_raw,open_gap,41089.74616193771,668,0.019333829098384145
Y3,wf2021,S005_Y3_wf2021_raw,close_position,162228.41797161102,654,0.07633282755272312
Y3,wf2021,S005_Y3_wf2021_raw,ma_bias_5,26392.56862592697,524,0.012418412352075333
Y3,wf2021,S005_Y3_wf2021_raw,ma_bias_10,20334.869357585907,469,0.009568102157363005
Y3,wf2021,S005_Y3_wf2021_raw,ma_bias_20,34181.09219264984,573,0.0160831218631612
Y3,wf2021,S005_Y3_wf2021_raw,ma_bias_60,24071.67978858948,518,0.01132637182302003
Y3,wf2021,S005_Y3_wf2021_raw,volatility_5,18337.72270154953,472,0.008628391019210873
Y3,wf2021,S005_Y3_wf2021_raw,volatility_10,20501.481409549717,435,0.009646497602438383
Y3,wf2021,S005_Y3_wf2021_raw,volatility_20,15007.083573818209,390,0.007061235860107015
Y3,wf2021,S005_Y3_wf2021_raw,volatility_60,42369.50938415527,814,0.019935992064474
Y3,wf2021,S005_Y3_wf2021_raw,vol_ratio_5,27258.478318214417,368,0.012825846117651323
Y3,wf2021,S005_Y3_wf2021_raw,vol_ratio_10,37063.96860408783,406,0.017439592638883235
Y3,wf2021,S005_Y3_wf2021_raw,vol_ratio_20,32888.04072141647,314,0.015474706419032765
Y3,wf2021,S005_Y3_wf2021_raw,vol_ratio_60,72646.03483963013,874,0.03418191041456739
Y3,wf2021,S005_Y3_wf2021_raw,amount_ratio_5,19240.33214378357,401,0.009053093002765735
Y3,wf2021,S005_Y3_wf2021_raw,amount_ratio_20,29115.224930286407,338,0.013699495264456145
Y3,wf2021,S005_Y3_wf2021_raw,vol_change_1,56387.9048576355,925,0.026532023620611685
Y3,wf2021,S005_Y3_wf2021_raw,vol_change_5,26606.07515144348,516,0.012518872906381451
Y3,wf2021,S005_Y3_wf2021_raw,price_position_20,21553.68502807617,407,0.010141587663523648
Y3,wf2021,S005_Y3_wf2021_raw,price_position_60,24118.921710014343,450,0.01134860041580588
Y3,wf2021,S005_Y3_wf2021_raw,flag_limit_up,219143.26482772827,83,0.10311279153546934
Y3,wf2021,S005_Y3_wf2021_raw,flag_limit_down,106556.02623653412,84,0.05013747207249565
Y3,wf2021,S005_Y3_wf2021_raw,zero_volume,1167.5950164794922,11,0.0005493848128380593
Y3,wf2021,S005_Y3_wf2021_raw,rank_ret_1,123872.49670171738,1167,0.058285336487175245
Y3,wf2021,S005_Y3_wf2021_raw,rank_ret_5,44664.11540222168,741,0.02101566582119617
Y3,wf2021,S005_Y3_wf2021_raw,rank_ret_20,46973.87255239487,663,0.022102468592481855
Y3,wf2021,S005_Y3_wf2021_raw,rank_volatility_20,31354.97957086563,695,0.014753359974951339
Y3,wf2021,S005_Y3_wf2021_raw,rank_vol_ratio_20,53994.51735162735,648,0.025405870520882067
Y3,wf2022,S005_Y3_wf2022_raw,ret_1,270926.73261880875,869,0.11160884912091384
Y3,wf2022,S005_Y3_wf2022_raw,ret_2,55976.40928173065,766,0.02305960197233588
Y3,wf2022,S005_Y3_wf2022_raw,ret_3,28901.378941059116,516,0.011905985099512056
Y3,wf2022,S005_Y3_wf2022_raw,ret_5,31208.19301891327,413,0.012856282111093667
Y3,wf2022,S005_Y3_wf2022_raw,ret_10,27067.788877010345,552,0.011150633736322808
Y3,wf2022,S005_Y3_wf2022_raw,ret_20,29878.56453895569,553,0.012308538804362652
Y3,wf2022,S005_Y3_wf2022_raw,ret_40,33007.86084365845,653,0.013597659134978402
Y3,wf2022,S005_Y3_wf2022_raw,ret_60,28171.594164848328,684,0.011605348694268687
Y3,wf2022,S005_Y3_wf2022_raw,intraday_ret,32523.153449058533,525,0.013397982883215502
Y3,wf2022,S005_Y3_wf2022_raw,high_low_range,191226.35369491577,518,0.0787761069244766
Y3,wf2022,S005_Y3_wf2022_raw,high_close,59159.81297111511,589,0.02437101195622761
Y3,wf2022,S005_Y3_wf2022_raw,close_low,99042.20063400269,494,0.04080064717244619
Y3,wf2022,S005_Y3_wf2022_raw,open_gap,41971.43820953369,607,0.01729022407362985
Y3,wf2022,S005_Y3_wf2022_raw,close_position,183819.414791584,633,0.07572480254222166
Y3,wf2022,S005_Y3_wf2022_raw,ma_bias_5,27771.050599575043,501,0.011440343912677654
Y3,wf2022,S005_Y3_wf2022_raw,ma_bias_10,23397.79485797882,519,0.00963877182153327
Y3,wf2022,S005_Y3_wf2022_raw,ma_bias_20,40046.79537248612,584,0.016497363325133976
Y3,wf2022,S005_Y3_wf2022_raw,ma_bias_60,31045.61717414856,573,0.01278930864282917
Y3,wf2022,S005_Y3_wf2022_raw,volatility_5,25518.99073410034,486,0.010512603016430705
Y3,wf2022,S005_Y3_wf2022_raw,volatility_10,16270.833010673525,392,0.006702804588556037
Y3,wf2022,S005_Y3_wf2022_raw,volatility_20,18043.199979305267,422,0.007432934966156061
Y3,wf2022,S005_Y3_wf2022_raw,volatility_60,38810.6758556366,730,0.015988141236497982
Y3,wf2022,S005_Y3_wf2022_raw,vol_ratio_5,25702.439226150516,380,0.010588175016553314
Y3,wf2022,S005_Y3_wf2022_raw,vol_ratio_10,40288.90556192398,401,0.01659710113742888
Y3,wf2022,S005_Y3_wf2022_raw,vol_ratio_20,35948.40649366379,337,0.01480902322818646
Y3,wf2022,S005_Y3_wf2022_raw,vol_ratio_60,77435.70336198807,871,0.031899804236962814
Y3,wf2022,S005_Y3_wf2022_raw,amount_ratio_5,19178.54734277725,392,0.00790064374987309
Y3,wf2022,S005_Y3_wf2022_raw,amount_ratio_20,17863.558296203613,294,0.007358931189152154
Y3,wf2022,S005_Y3_wf2022_raw,vol_change_1,67419.53277635574,992,0.027773621261752177
Y3,wf2022,S005_Y3_wf2022_raw,vol_change_5,25527.77032661438,514,0.010516219788414667
Y3,wf2022,S005_Y3_wf2022_raw,price_position_20,24034.74036026001,414,0.009901162888576355
Y3,wf2022,S005_Y3_wf2022_raw,price_position_60,28305.577820301056,454,0.011660543548765131
Y3,wf2022,S005_Y3_wf2022_raw,flag_limit_up,267158.769575119,84,0.11005662865609896
Y3,wf2022,S005_Y3_wf2022_raw,flag_limit_down,126246.0044221878,103,0.05200731254342079
Y3,wf2022,S005_Y3_wf2022_raw,zero_volume,1552.9707946777344,13,0.0006397496527455631
Y3,wf2022,S005_Y3_wf2022_raw,rank_ret_1,160899.42797660828,1154,0.06628286476974964
Y3,wf2022,S005_Y3_wf2022_raw,rank_ret_5,51555.67184638977,741,0.021238469695520894
Y3,wf2022,S005_Y3_wf2022_raw,rank_ret_20,43661.08728504181,682,0.017986278637580934
Y3,wf2022,S005_Y3_wf2022_raw,rank_volatility_20,29335.864987373352,608,0.01208497255903476
Y3,wf2022,S005_Y3_wf2022_raw,rank_vol_ratio_20,51565.58078575134,587,0.021242551704363153
Y3,wf2023,S005_Y3_wf2023_raw,ret_1,305982.59377241135,822,0.11042108737592977
Y3,wf2023,S005_Y3_wf2023_raw,ret_2,56617.45416212082,782,0.02043175324439624
Y3,wf2023,S005_Y3_wf2023_raw,ret_3,30647.19128036499,547,0.01105976697718006
Y3,wf2023,S005_Y3_wf2023_raw,ret_5,33476.982555389404,442,0.012080964378583641
Y3,wf2023,S005_Y3_wf2023_raw,ret_10,25693.3328666687,536,0.009272049492983533
Y3,wf2023,S005_Y3_wf2023_raw,ret_20,30001.627212047577,524,0.010826799848182328
Y3,wf2023,S005_Y3_wf2023_raw,ret_40,32029.04183483124,600,0.011558440574700731
Y3,wf2023,S005_Y3_wf2023_raw,ret_60,30219.8202123642,673,0.010905539975376289
Y3,wf2023,S005_Y3_wf2023_raw,intraday_ret,30869.006106376648,509,0.011139814126210136
Y3,wf2023,S005_Y3_wf2023_raw,high_low_range,218733.5972957611,571,0.07893521445540602
Y3,wf2023,S005_Y3_wf2023_raw,high_close,74795.11841011047,570,0.02699159518661641
Y3,wf2023,S005_Y3_wf2023_raw,close_low,120203.37975978851,545,0.043378244937717185
Y3,wf2023,S005_Y3_wf2023_raw,open_gap,52587.46956253052,661,0.018977437572028293
Y3,wf2023,S005_Y3_wf2023_raw,close_position,226360.68551397324,664,0.08168763041535944
Y3,wf2023,S005_Y3_wf2023_raw,ma_bias_5,34855.234696388245,586,0.012578339403126679
Y3,wf2023,S005_Y3_wf2023_raw,ma_bias_10,28532.08177137375,519,0.010296479467839912
Y3,wf2023,S005_Y3_wf2023_raw,ma_bias_20,44405.90566492081,583,0.016024925891963013
Y3,wf2023,S005_Y3_wf2023_raw,ma_bias_60,37407.87543964386,606,0.013499520451614806
Y3,wf2023,S005_Y3_wf2023_raw,volatility_5,31297.036547660828,516,0.011294279078526192
Y3,wf2023,S005_Y3_wf2023_raw,volatility_10,15932.195296764374,417,0.00574951113154796
Y3,wf2023,S005_Y3_wf2023_raw,volatility_20,16311.775369167328,408,0.005886491617346911
Y3,wf2023,S005_Y3_wf2023_raw,volatility_60,45318.76308870316,745,0.01635435217765628
Y3,wf2023,S005_Y3_wf2023_raw,vol_ratio_5,26909.101354599,419,0.009710788431625596
Y3,wf2023,S005_Y3_wf2023_raw,vol_ratio_10,36140.95400857925,377,0.013042321758338558
Y3,wf2023,S005_Y3_wf2023_raw,vol_ratio_20,41860.48342418671,312,0.015106349811580506
Y3,wf2023,S005_Y3_wf2023_raw,vol_ratio_60,82967.32696199417,826,0.029940730767946438
Y3,wf2023,S005_Y3_wf2023_raw,amount_ratio_5,21955.41436433792,390,0.007923132809647716
Y3,wf2023,S005_Y3_wf2023_raw,amount_ratio_20,21393.70037651062,261,0.007720424973997776
Y3,wf2023,S005_Y3_wf2023_raw,vol_change_1,75744.48886823654,941,0.02733419806809547
Y3,wf2023,S005_Y3_wf2023_raw,vol_change_5,24426.90805053711,453,0.008815030015002622
Y3,wf2023,S005_Y3_wf2023_raw,price_position_20,25913.483340263367,413,0.009351496020908354
Y3,wf2023,S005_Y3_wf2023_raw,price_position_60,34451.42963504791,464,0.012432616754621161
Y3,wf2023,S005_Y3_wf2023_raw,flag_limit_up,322367.6222667694,104,0.11633401412358106
Y3,wf2023,S005_Y3_wf2023_raw,flag_limit_down,165220.57018089294,104,0.059623767454612175
Y3,wf2023,S005_Y3_wf2023_raw,zero_volume,2040.4859104156492,19,0.0007363578111601561
Y3,wf2023,S005_Y3_wf2023_raw,rank_ret_1,166572.04729270935,1160,0.060111480073851704
Y3,wf2023,S005_Y3_wf2023_raw,rank_ret_5,65536.52395868301,721,0.023650411447060996
Y3,wf2023,S005_Y3_wf2023_raw,rank_ret_20,39103.33698320389,613,0.014111368024170585
Y3,wf2023,S005_Y3_wf2023_raw,rank_volatility_20,38214.97514867783,654,0.013790781553736895
Y3,wf2023,S005_Y3_wf2023_raw,rank_vol_ratio_20,57955.14932441712,543,0.02091449231977039
Y4,wf2021,S005_Y4_wf2021_raw,ret_1,65269.544880867004,989,0.06136418342460134
Y4,wf2021,S005_Y4_wf2021_raw,ret_2,28622.42830324173,811,0.026909823619323137
Y4,wf2021,S005_Y4_wf2021_raw,ret_3,13475.38453245163,486,0.012669093520963026
Y4,wf2021,S005_Y4_wf2021_raw,ret_5,19031.84964966774,392,0.01789309110310641
Y4,wf2021,S005_Y4_wf2021_raw,ret_10,11100.497626066208,453,0.01043630645308753
Y4,wf2021,S005_Y4_wf2021_raw,ret_20,14914.29721736908,628,0.014021909786043854
Y4,wf2021,S005_Y4_wf2021_raw,ret_40,10441.054366111755,524,0.009816320558658163
Y4,wf2021,S005_Y4_wf2021_raw,ret_60,6366.997582912445,407,0.0059860323563610965
Y4,wf2021,S005_Y4_wf2021_raw,intraday_ret,9687.26667189598,430,0.009107635268826712
Y4,wf2021,S005_Y4_wf2021_raw,high_low_range,76767.837631464,521,0.07217448318546625
Y4,wf2021,S005_Y4_wf2021_raw,high_close,14054.371942043304,538,0.013213437589357675
Y4,wf2021,S005_Y4_wf2021_raw,close_low,50705.88827776909,584,0.04767193389602556
Y4,wf2021,S005_Y4_wf2021_raw,open_gap,22888.73897099495,616,0.021519205919661343
Y4,wf2021,S005_Y4_wf2021_raw,close_position,72759.77706384659,678,0.06840624235741836
Y4,wf2021,S005_Y4_wf2021_raw,ma_bias_5,12546.202776432036,541,0.011795508760792684
Y4,wf2021,S005_Y4_wf2021_raw,ma_bias_10,12092.535200357435,486,0.01136898609386052
Y4,wf2021,S005_Y4_wf2021_raw,ma_bias_20,25975.96980023384,643,0.02442171426754831
Y4,wf2021,S005_Y4_wf2021_raw,ma_bias_60,11226.810515642166,476,0.010555061491735006
Y4,wf2021,S005_Y4_wf2021_raw,volatility_5,7612.93443441391,418,0.007157419373545865
Y4,wf2021,S005_Y4_wf2021_raw,volatility_10,6744.062879562378,313,0.006340536192245218
Y4,wf2021,S005_Y4_wf2021_raw,volatility_20,8718.742292404175,286,0.008197061925886866
Y4,wf2021,S005_Y4_wf2021_raw,volatility_60,32803.7101726532,866,0.030840921163405123
Y4,wf2021,S005_Y4_wf2021_raw,vol_ratio_5,10461.281559467316,344,0.009835337470841341
Y4,wf2021,S005_Y4_wf2021_raw,vol_ratio_10,18614.193853855133,369,0.017500425474605827
Y4,wf2021,S005_Y4_wf2021_raw,vol_ratio_20,20897.836383342743,308,0.019647427714493928
Y4,wf2021,S005_Y4_wf2021_raw,vol_ratio_60,61229.932388067245,917,0.0575662785606264
Y4,wf2021,S005_Y4_wf2021_raw,amount_ratio_5,12769.537356615068,415,0.012005480259267547
Y4,wf2021,S005_Y4_wf2021_raw,amount_ratio_20,17830.894063472748,289,0.01676399392599905
Y4,wf2021,S005_Y4_wf2021_raw,vol_change_1,24696.46729850769,941,0.023218769979343603
Y4,wf2021,S005_Y4_wf2021_raw,vol_change_5,6820.144030094147,361,0.006412065075814234
Y4,wf2021,S005_Y4_wf2021_raw,price_position_20,7995.426280260086,359,0.007517025064527164
Y4,wf2021,S005_Y4_wf2021_raw,price_position_60,10823.242347240448,421,0.010175640566472926
Y4,wf2021,S005_Y4_wf2021_raw,flag_limit_up,80113.35766458511,177,0.07531982616798338
Y4,wf2021,S005_Y4_wf2021_raw,flag_limit_down,43563.34921312332,250,0.04095676408627276
Y4,wf2021,S005_Y4_wf2021_raw,zero_volume,2087.7004051208496,34,0.0019627841871623698
Y4,wf2021,S005_Y4_wf2021_raw,rank_ret_1,79052.0861992836,1542,0.0743220552017705
Y4,wf2021,S005_Y4_wf2021_raw,rank_ret_5,23502.85575556755,771,0.02209657741936191
Y4,wf2021,S005_Y4_wf2021_raw,rank_ret_20,22866.021369457245,674,0.02149784761127615
Y4,wf2021,S005_Y4_wf2021_raw,rank_volatility_20,21728.81641793251,626,0.020428686590403384
Y4,wf2021,S005_Y4_wf2021_raw,rank_vol_ratio_20,64782.31468510628,716,0.06090610633585746
Y4,wf2022,S005_Y4_wf2022_raw,ret_1,72190.29093265533,1051,0.05792546718218705
Y4,wf2022,S005_Y4_wf2022_raw,ret_2,25116.55520129204,775,0.020153516148026934
Y4,wf2022,S005_Y4_wf2022_raw,ret_3,14405.073496103289,472,0.01155862653101004
Y4,wf2022,S005_Y4_wf2022_raw,ret_5,24833.67431163788,395,0.019926532609403767
Y4,wf2022,S005_Y4_wf2022_raw,ret_10,14858.730074167252,424,0.01192264042934911
Y4,wf2022,S005_Y4_wf2022_raw,ret_20,14941.967161893845,579,0.01198942984287212
Y4,wf2022,S005_Y4_wf2022_raw,ret_40,11023.369159698486,477,0.008845148014335074
Y4,wf2022,S005_Y4_wf2022_raw,ret_60,8687.294078111649,465,0.006970682089272953
Y4,wf2022,S005_Y4_wf2022_raw,intraday_ret,15533.048618793488,507,0.0124637134216096
Y4,wf2022,S005_Y4_wf2022_raw,high_low_range,104102.39229869844,567,0.08353172747718714
Y4,wf2022,S005_Y4_wf2022_raw,high_close,17896.30832195282,571,0.014359992278638245
Y4,wf2022,S005_Y4_wf2022_raw,close_low,77293.4387421608,584,0.062020231410816064
Y4,wf2022,S005_Y4_wf2022_raw,open_gap,29361.69962477684,617,0.02355981872430564
Y4,wf2022,S005_Y4_wf2022_raw,close_position,89372.734872818,756,0.07171265490101969
Y4,wf2022,S005_Y4_wf2022_raw,ma_bias_5,16436.17856311798,598,0.01318838461042669
Y4,wf2022,S005_Y4_wf2022_raw,ma_bias_10,14468.565660476685,490,0.011609572624123423
Y4,wf2022,S005_Y4_wf2022_raw,ma_bias_20,30938.845982074738,701,0.02482532047503816
Y4,wf2022,S005_Y4_wf2022_raw,ma_bias_60,16265.67505645752,557,0.013051572649262521
Y4,wf2022,S005_Y4_wf2022_raw,volatility_5,7399.05969953537,407,0.005937003221171451
Y4,wf2022,S005_Y4_wf2022_raw,volatility_10,7030.375904083252,304,0.005641171457396062
Y4,wf2022,S005_Y4_wf2022_raw,volatility_20,8603.43933725357,255,0.006903397071067712
Y4,wf2022,S005_Y4_wf2022_raw,volatility_60,32461.40885400772,766,0.026047024453946428
Y4,wf2022,S005_Y4_wf2022_raw,vol_ratio_5,11067.555610656738,300,0.008880603208957675
Y4,wf2022,S005_Y4_wf2022_raw,vol_ratio_10,19417.201186656952,345,0.015580356244261084
Y4,wf2022,S005_Y4_wf2022_raw,vol_ratio_20,20991.074201107025,322,0.016843231465701946
Y4,wf2022,S005_Y4_wf2022_raw,vol_ratio_60,69397.75150370598,952,0.05568473440556657
Y4,wf2022,S005_Y4_wf2022_raw,amount_ratio_5,11753.51724433899,352,0.009431018612286193
Y4,wf2022,S005_Y4_wf2022_raw,amount_ratio_20,13533.525443792343,268,0.010859296642605341
Y4,wf2022,S005_Y4_wf2022_raw,vol_change_1,30634.277545928955,949,0.02458093485579816
Y4,wf2022,S005_Y4_wf2022_raw,vol_change_5,8738.264879703522,366,0.007011581044751802
Y4,wf2022,S005_Y4_wf2022_raw,price_position_20,9279.990487098694,382,0.007446261505067342
Y4,wf2022,S005_Y4_wf2022_raw,price_position_60,13351.93682050705,466,0.010713589987279858
Y4,wf2022,S005_Y4_wf2022_raw,flag_limit_up,101154.07915258408,173,0.08116600191795123
Y4,wf2022,S005_Y4_wf2022_raw,flag_limit_down,59272.61180400848,243,0.04756032543293862
Y4,wf2022,S005_Y4_wf2022_raw,zero_volume,2755.8412923812866,57,0.002211286203155304
Y4,wf2022,S005_Y4_wf2022_raw,rank_ret_1,94604.06419539452,1574,0.07591027193620807
Y4,wf2022,S005_Y4_wf2022_raw,rank_ret_5,25715.530175685883,694,0.02063413348276754
Y4,wf2022,S005_Y4_wf2022_raw,rank_ret_20,21169.89658021927,662,0.016986718487556035
Y4,wf2022,S005_Y4_wf2022_raw,rank_volatility_20,27124.811665296555,564,0.02176494051543431
Y4,wf2022,S005_Y4_wf2022_raw,rank_vol_ratio_20,53079.63957881928,613,0.042591086429247055
Y4,wf2023,S005_Y4_wf2023_raw,ret_1,74940.32327079773,1005,0.05151245886308102
Y4,wf2023,S005_Y4_wf2023_raw,ret_2,27943.978578090668,846,0.01920812433345392
Y4,wf2023,S005_Y4_wf2023_raw,ret_3,16662.18661594391,487,0.01145324926770433
Y4,wf2023,S005_Y4_wf2023_raw,ret_5,27593.31429862976,470,0.018967084817181633
Y4,wf2023,S005_Y4_wf2023_raw,ret_10,11127.23264837265,357,0.007648634127023919
Y4,wf2023,S005_Y4_wf2023_raw,ret_20,15899.03684091568,560,0.01092867558458239
Y4,wf2023,S005_Y4_wf2023_raw,ret_40,11985.787133693697,432,0.008238787073749303
Y4,wf2023,S005_Y4_wf2023_raw,ret_60,9674.207487106323,495,0.006649854090056558
Y4,wf2023,S005_Y4_wf2023_raw,intraday_ret,18715.9777033329,560,0.012864983622254595
Y4,wf2023,S005_Y4_wf2023_raw,high_low_range,116127.42940616608,578,0.07982364058591547
Y4,wf2023,S005_Y4_wf2023_raw,high_close,26362.347959041595,587,0.01812094351217632
Y4,wf2023,S005_Y4_wf2023_raw,close_low,106607.84792518616,644,0.07328007327755542
Y4,wf2023,S005_Y4_wf2023_raw,open_gap,43755.88400650024,627,0.030076907551597157
Y4,wf2023,S005_Y4_wf2023_raw,close_position,112745.11264634132,777,0.07749870461889549
Y4,wf2023,S005_Y4_wf2023_raw,ma_bias_5,19713.29435133934,619,0.01355051886632148
Y4,wf2023,S005_Y4_wf2023_raw,ma_bias_10,20112.44175052643,572,0.013824884696138266
Y4,wf2023,S005_Y4_wf2023_raw,ma_bias_20,39015.39689016342,677,0.02681839281729494
Y4,wf2023,S005_Y4_wf2023_raw,ma_bias_60,20068.226371765137,616,0.013794491941208104
Y4,wf2023,S005_Y4_wf2023_raw,volatility_5,9071.035409927368,405,0.006235245833020288
Y4,wf2023,S005_Y4_wf2023_raw,volatility_10,7452.159782886505,277,0.005122463548360959
Y4,wf2023,S005_Y4_wf2023_raw,volatility_20,7437.227711200714,240,0.005112199545019588
Y4,wf2023,S005_Y4_wf2023_raw,volatility_60,41095.30065155029,792,0.02824807649453841
Y4,wf2023,S005_Y4_wf2023_raw,vol_ratio_5,10621.783425807953,283,0.0073011985789991855
Y4,wf2023,S005_Y4_wf2023_raw,vol_ratio_10,19264.058844089508,319,0.013241723486517457
Y4,wf2023,S005_Y4_wf2023_raw,vol_ratio_20,24479.87438583374,290,0.01682696934355282
Y4,wf2023,S005_Y4_wf2023_raw,vol_ratio_60,85180.48872375488,917,0.058551340984532324
Y4,wf2023,S005_Y4_wf2023_raw,amount_ratio_5,13533.436051368712,375,0.009302609562453353
Y4,wf2023,S005_Y4_wf2023_raw,amount_ratio_20,10934.52596759796,208,0.007516171461628461
Y4,wf2023,S005_Y4_wf2023_raw,vol_change_1,34062.29222583771,908,0.023413729091150633
Y4,wf2023,S005_Y4_wf2023_raw,vol_change_5,8142.701804637909,323,0.005597128133942741
Y4,wf2023,S005_Y4_wf2023_raw,price_position_20,9347.112730503082,362,0.006425015785943987
Y4,wf2023,S005_Y4_wf2023_raw,price_position_60,17754.4683470726,518,0.012204061584570691
Y4,wf2023,S005_Y4_wf2023_raw,flag_limit_up,115249.83537006378,190,0.07922040023799426
Y4,wf2023,S005_Y4_wf2023_raw,flag_limit_down,81998.68842935562,239,0.056364235970539814
Y4,wf2023,S005_Y4_wf2023_raw,zero_volume,3357.308928489685,66,0.0023077460907734164
Y4,wf2023,S005_Y4_wf2023_raw,rank_ret_1,99281.97902870178,1440,0.0682444195240637
Y4,wf2023,S005_Y4_wf2023_raw,rank_ret_5,36273.94343614578,741,0.02493397329371164
Y4,wf2023,S005_Y4_wf2023_raw,rank_ret_20,20509.01775979996,607,0.014097483004661286
Y4,wf2023,S005_Y4_wf2023_raw,rank_volatility_20,33817.64041566849,561,0.023245560396954044
Y4,wf2023,S005_Y4_wf2023_raw,rank_vol_ratio_20,46885.05812740326,630,0.03222783840088062
Y5,wf2021,S005_Y5_wf2021_raw,ret_1,165710.18045806885,832,0.049849356061644284
Y5,wf2021,S005_Y5_wf2021_raw,ret_2,115968.83994102478,818,0.0348860400628119
Y5,wf2021,S005_Y5_wf2021_raw,ret_3,96453.86641693117,634,0.029015496315608257
Y5,wf2021,S005_Y5_wf2021_raw,ret_5,68595.742685318,538,0.020635144998219366
Y5,wf2021,S005_Y5_wf2021_raw,ret_10,74697.25695419312,534,0.022470617969545487
Y5,wf2021,S005_Y5_wf2021_raw,ret_20,90117.77019119264,651,0.027109455806059703
Y5,wf2021,S005_Y5_wf2021_raw,ret_40,112863.45270061491,807,0.033951869610347456
Y5,wf2021,S005_Y5_wf2021_raw,ret_60,56064.8119392395,557,0.01686555868301325
Y5,wf2021,S005_Y5_wf2021_raw,intraday_ret,84536.01439762115,703,0.02543033789529683
Y5,wf2021,S005_Y5_wf2021_raw,high_low_range,116608.702460289,756,0.03507852512598141
Y5,wf2021,S005_Y5_wf2021_raw,high_close,72776.80289936066,506,0.021892902118203474
Y5,wf2021,S005_Y5_wf2021_raw,close_low,111581.91486740112,881,0.03356635415452121
Y5,wf2021,S005_Y5_wf2021_raw,open_gap,155864.29910373688,977,0.04688749310297716
Y5,wf2021,S005_Y5_wf2021_raw,close_position,184041.09465789795,905,0.05536370808489825
Y5,wf2021,S005_Y5_wf2021_raw,ma_bias_5,36444.97716712952,324,0.01096347030967386
Y5,wf2021,S005_Y5_wf2021_raw,ma_bias_10,90550.20223903656,521,0.027239541109605022
Y5,wf2021,S005_Y5_wf2021_raw,ma_bias_20,81026.47039794922,469,0.024374587983190962
Y5,wf2021,S005_Y5_wf2021_raw,ma_bias_60,54941.72500228882,448,0.016527708826996692
Y5,wf2021,S005_Y5_wf2021_raw,volatility_5,61187.10473823547,349,0.01840645977239296
Y5,wf2021,S005_Y5_wf2021_raw,volatility_10,30759.38689994812,242,0.009253116649651977
Y5,wf2021,S005_Y5_wf2021_raw,volatility_20,64692.93903064728,394,0.0194610937209679
Y5,wf2021,S005_Y5_wf2021_raw,volatility_60,119900.13672447205,711,0.0360686627152062
Y5,wf2021,S005_Y5_wf2021_raw,vol_ratio_5,39405.94548034668,249,0.011854196294793149
Y5,wf2021,S005_Y5_wf2021_raw,vol_ratio_10,45823.982270240784,240,0.013784886372323538
Y5,wf2021,S005_Y5_wf2021_raw,vol_ratio_20,73430.30687046051,369,0.02208949083745418
Y5,wf2021,S005_Y5_wf2021_raw,vol_ratio_60,77055.56384277344,628,0.02318004981897381
Y5,wf2021,S005_Y5_wf2021_raw,amount_ratio_5,27110.246230125427,208,0.008155372913774215
Y5,wf2021,S005_Y5_wf2021_raw,amount_ratio_20,39806.75559902191,298,0.011974769009539588
Y5,wf2021,S005_Y5_wf2021_raw,vol_change_1,96139.12468528748,551,0.0289208149109728
Y5,wf2021,S005_Y5_wf2021_raw,vol_change_5,66812.91111564636,438,0.020098829091321966
Y5,wf2021,S005_Y5_wf2021_raw,price_position_20,24641.26376914978,191,0.00741264735842867
Y5,wf2021,S005_Y5_wf2021_raw,price_position_60,43547.91514396668,394,0.013100194096422293
Y5,wf2021,S005_Y5_wf2021_raw,flag_limit_up,66548.76725578308,233,0.020019368666588714
Y5,wf2021,S005_Y5_wf2021_raw,flag_limit_down,32993.70290565491,84,0.009925249247750812
Y5,wf2021,S005_Y5_wf2021_raw,zero_volume,24585.376760482788,103,0.00739583528697621
Y5,wf2021,S005_Y5_wf2021_raw,rank_ret_1,222262.1780796051,1430,0.06686147117515452
Y5,wf2021,S005_Y5_wf2021_raw,rank_ret_5,99472.89568519592,821,0.029923688344234624
Y5,wf2021,S005_Y5_wf2021_raw,rank_ret_20,92728.282913208,714,0.027894756852884187
Y5,wf2021,S005_Y5_wf2021_raw,rank_volatility_20,78330.8177576065,528,0.02356367493056196
Y5,wf2021,S005_Y5_wf2021_raw,rank_vol_ratio_20,128139.35000228882,564,0.038547203715031154
Y5,wf2022,S005_Y5_wf2022_raw,ret_1,171547.4041442871,737,0.04300274497333385
Y5,wf2022,S005_Y5_wf2022_raw,ret_2,92689.07091140749,612,0.023234886579024058
Y5,wf2022,S005_Y5_wf2022_raw,ret_3,82890.00270271301,519,0.020778499475664763
Y5,wf2022,S005_Y5_wf2022_raw,ret_5,75653.34773635864,500,0.01896444679716196
Y5,wf2022,S005_Y5_wf2022_raw,ret_10,75258.38125801086,506,0.01886543834625518
Y5,wf2022,S005_Y5_wf2022_raw,ret_20,78933.08221054077,507,0.019786596137614118
Y5,wf2022,S005_Y5_wf2022_raw,ret_40,120577.3755531311,900,0.030225803510870976
Y5,wf2022,S005_Y5_wf2022_raw,ret_60,70653.45623779297,594,0.017711096097513264
Y5,wf2022,S005_Y5_wf2022_raw,intraday_ret,159825.94393730164,832,0.04006446114146588
Y5,wf2022,S005_Y5_wf2022_raw,high_low_range,176433.54782676697,909,0.044227581873249974
Y5,wf2022,S005_Y5_wf2022_raw,high_close,65776.53143501282,547,0.016488570145609692
Y5,wf2022,S005_Y5_wf2022_raw,close_low,333594.22134780884,1023,0.08362392480816469
Y5,wf2022,S005_Y5_wf2022_raw,open_gap,172065.8121433258,948,0.043132697198994145
Y5,wf2022,S005_Y5_wf2022_raw,close_position,211763.12106132507,985,0.053083843123024284
Y5,wf2022,S005_Y5_wf2022_raw,ma_bias_5,50958.92919158936,365,0.012774159114042602
Y5,wf2022,S005_Y5_wf2022_raw,ma_bias_10,97006.4962978363,440,0.02431715969041336
Y5,wf2022,S005_Y5_wf2022_raw,ma_bias_20,93031.33052253725,483,0.023320682705438807
Y5,wf2022,S005_Y5_wf2022_raw,ma_bias_60,79372.65557098389,517,0.019896786444547048
Y5,wf2022,S005_Y5_wf2022_raw,volatility_5,70287.72518348694,338,0.017619416253474806
Y5,wf2022,S005_Y5_wf2022_raw,volatility_10,58775.31530189514,226,0.01473353623310338
Y5,wf2022,S005_Y5_wf2022_raw,volatility_20,123235.03574752808,506,0.03089201402064534
Y5,wf2022,S005_Y5_wf2022_raw,volatility_60,99719.2762298584,664,0.0249971873723677
Y5,wf2022,S005_Y5_wf2022_raw,vol_ratio_5,31399.776304244995,190,0.007871157126315196
Y5,wf2022,S005_Y5_wf2022_raw,vol_ratio_10,43654.8319606781,205,0.0109432003067783
Y5,wf2022,S005_Y5_wf2022_raw,vol_ratio_20,62352.56000328064,282,0.015630264122215035
Y5,wf2022,S005_Y5_wf2022_raw,vol_ratio_60,81039.80172348022,612,0.02031469927270489
Y5,wf2022,S005_Y5_wf2022_raw,amount_ratio_5,28383.527381896973,194,0.007115057179301545
Y5,wf2022,S005_Y5_wf2022_raw,amount_ratio_20,35963.78779792786,218,0.009015243353076937
Y5,wf2022,S005_Y5_wf2022_raw,vol_change_1,81070.80918502808,487,0.020322472086102234
Y5,wf2022,S005_Y5_wf2022_raw,vol_change_5,73411.49862861633,413,0.01840246997256453
Y5,wf2022,S005_Y5_wf2022_raw,price_position_20,35269.76335334778,223,0.008841268373132417
Y5,wf2022,S005_Y5_wf2022_raw,price_position_60,62150.070499420166,435,0.015579504948459394
Y5,wf2022,S005_Y5_wf2022_raw,flag_limit_up,101661.40258407591,232,0.025484031021987496
Y5,wf2022,S005_Y5_wf2022_raw,flag_limit_down,37237.1275177002,83,0.009334438525437172
Y5,wf2022,S005_Y5_wf2022_raw,zero_volume,32054.354541778564,137,0.008035243905442876
Y5,wf2022,S005_Y5_wf2022_raw,rank_ret_1,274713.98892974854,1395,0.06886408841615017
Y5,wf2022,S005_Y5_wf2022_raw,rank_ret_5,134890.9227695465,1105,0.03381386025636142
Y5,wf2022,S005_Y5_wf2022_raw,rank_ret_20,76087.02634811401,629,0.01907315943455063
Y5,wf2022,S005_Y5_wf2022_raw,rank_volatility_20,106968.2017879486,597,0.026814315988566675
Y5,wf2022,S005_Y5_wf2022_raw,rank_vol_ratio_20,130862.3429260254,505,0.03280399366887321
Y5,wf2023,S005_Y5_wf2023_raw,ret_1,186663.69845199585,771,0.04396447828265022
Y5,wf2023,S005_Y5_wf2023_raw,ret_2,106375.54325675964,701,0.025054390864968547
Y5,wf2023,S005_Y5_wf2023_raw,ret_3,85212.51392364502,494,0.020069910480047408
Y5,wf2023,S005_Y5_wf2023_raw,ret_5,80990.43753242493,506,0.019075494386565677
Y5,wf2023,S005_Y5_wf2023_raw,ret_10,80926.98662948608,441,0.01906054993905176
Y5,wf2023,S005_Y5_wf2023_raw,ret_20,102273.20316314696,509,0.024088175990574733
Y5,wf2023,S005_Y5_wf2023_raw,ret_40,98281.79751205444,634,0.023148089254267874
Y5,wf2023,S005_Y5_wf2023_raw,ret_60,80447.71956062317,603,0.01894766925140144
Y5,wf2023,S005_Y5_wf2023_raw,intraday_ret,136565.88465499878,927,0.03216505362240889
Y5,wf2023,S005_Y5_wf2023_raw,high_low_range,171890.5304298401,747,0.04048498746540897
Y5,wf2023,S005_Y5_wf2023_raw,high_close,88755.17001914978,654,0.02090430424951283
Y5,wf2023,S005_Y5_wf2023_raw,close_low,190000.99323272705,1060,0.04475050376659289
Y5,wf2023,S005_Y5_wf2023_raw,open_gap,145987.23230171204,882,0.03438404230334806
Y5,wf2023,S005_Y5_wf2023_raw,close_position,309073.5282611847,1170,0.07279538835707476
Y5,wf2023,S005_Y5_wf2023_raw,ma_bias_5,56797.38666152954,333,0.013377359888935618
Y5,wf2023,S005_Y5_wf2023_raw,ma_bias_10,111221.9330997467,392,0.026195850092275437
Y5,wf2023,S005_Y5_wf2023_raw,ma_bias_20,94679.85519218443,436,0.022299731934603984
Y5,wf2023,S005_Y5_wf2023_raw,ma_bias_60,145570.1785888672,636,0.03428581458658726
Y5,wf2023,S005_Y5_wf2023_raw,volatility_5,72656.09508895874,322,0.01711252558012595
Y5,wf2023,S005_Y5_wf2023_raw,volatility_10,58131.261810302734,290,0.013691524482781844
Y5,wf2023,S005_Y5_wf2023_raw,volatility_20,93768.33617782591,477,0.022085043924866012
Y5,wf2023,S005_Y5_wf2023_raw,volatility_60,177198.15349006653,785,0.04173507990812261
Y5,wf2023,S005_Y5_wf2023_raw,vol_ratio_5,25533.45125770569,157,0.006013835966017778
Y5,wf2023,S005_Y5_wf2023_raw,vol_ratio_10,42213.5342464447,202,0.009942458148010008
Y5,wf2023,S005_Y5_wf2023_raw,vol_ratio_20,60180.36541175842,268,0.014174145214783824
Y5,wf2023,S005_Y5_wf2023_raw,vol_ratio_60,91297.86265182497,514,0.021503178888533505
Y5,wf2023,S005_Y5_wf2023_raw,amount_ratio_5,21839.76315689087,167,0.005143869970283912
Y5,wf2023,S005_Y5_wf2023_raw,amount_ratio_20,41714.377840042114,262,0.00982489296971919
Y5,wf2023,S005_Y5_wf2023_raw,vol_change_1,78704.99297714233,432,0.0185372088047938
Y5,wf2023,S005_Y5_wf2023_raw,vol_change_5,58737.91491508484,327,0.013834408115065356
Y5,wf2023,S005_Y5_wf2023_raw,price_position_20,32085.33501625061,171,0.007556986313952594
Y5,wf2023,S005_Y5_wf2023_raw,price_position_60,70955.67075157166,524,0.016712028485766868
Y5,wf2023,S005_Y5_wf2023_raw,flag_limit_up,149339.29932785034,240,0.03517354706080654
Y5,wf2023,S005_Y5_wf2023_raw,flag_limit_down,50847.08907318115,94,0.011975899769653107
Y5,wf2023,S005_Y5_wf2023_raw,zero_volume,32482.59731292725,106,0.007650552603271818
Y5,wf2023,S005_Y5_wf2023_raw,rank_ret_1,343516.00245666504,1562,0.08090754632525814
Y5,wf2023,S005_Y5_wf2023_raw,rank_ret_5,142344.07941627502,958,0.03352597875247847
Y5,wf2023,S005_Y5_wf2023_raw,rank_ret_20,116367.89121055604,826,0.027407865955468496
Y5,wf2023,S005_Y5_wf2023_raw,rank_volatility_20,91667.69238471983,568,0.02159028404821358
Y5,wf2023,S005_Y5_wf2023_raw,rank_vol_ratio_20,122488.09626579285,452,0.028849343995750235
