signal,components,weights,fold,exp_id,ic_mean,ic_std,icir,ic_positive_ratio,annual_excess,top1_annual_ret,mean_turnover,final_score,predictive_score
U000,T030,[1.0],wf2021,S003_T030_wf2021_raw,0.07949828843038295,0.06366410271730644,1.248714503735119,0.8930041152263375,0.5222501877326923,0.6799568257347779,0.8662557951396305,0.22859763315007173,0.18847437169196088
U000,T030,[1.0],wf2022,S003_T030_wf2022_raw,0.09185711099303821,0.08535856204975446,1.076132361970857,0.8636363636363636,0.5177466409582051,0.3866184238934349,0.8664525496910525,0.23213107177736106,0.1920668366846768
U000,T030,[1.0],wf2023,S003_T030_wf2023_raw,0.06141873589505943,0.08038444455643338,0.7640624530526028,0.7892561983471075,0.23246622356079796,0.251889460880915,0.8839403796024691,0.12912524754552243,0.09430736142626316
U001,Y4,[1.0],wf2021,S005_Y4_wf2021_raw,0.12401582921011269,0.0860006677464791,1.4420333290399356,0.9382716049382716,0.678477336153563,0.8361839741556485,0.8726151415783494,0.29136499005660915,0.25314953253011396
U001,Y4,[1.0],wf2022,S005_Y4_wf2022_raw,0.13031902698378248,0.09488643756594961,1.373421010702461,0.9173553719008265,0.6227346847778025,0.49160646771303235,0.8632617264216998,0.2799694983003438,0.23894801622685374
U001,Y4,[1.0],wf2023,S005_Y4_wf2023_raw,0.1043339342357677,0.0984441442197341,1.0598287492132308,0.8512396694214877,0.33647418578933724,0.35589742310945427,0.8607638693769785,0.1844466686180147,0.14267582943110824
U002,Y1,[1.0],wf2021,S005_Y1_wf2021_raw,0.12967209877020408,0.08419763498428397,1.5400919371952457,0.9382716049382716,0.6791810430912879,0.8368876810933736,0.8417776291314748,0.30308986369602553,0.25562315243546796
U002,Y1,[1.0],wf2022,S005_Y1_wf2022_raw,0.13160063831160695,0.09611451426849298,1.369206714648576,0.9008264462809917,0.617175329605467,0.4860471125406969,0.8370063671246648,0.2866909440688834,0.23779285420628285
U002,Y1,[1.0],wf2023,S005_Y1_wf2023_raw,0.10570851993429999,0.09872733702122057,1.0707117514126698,0.8512396694214877,0.3277386157510917,0.3471618530712088,0.8348562681710651,0.19014811224772799,0.1406049926990475
U003,T008,[1.0],wf2021,S003_T008_wf2021_raw,0.07978204076640273,0.058002272975012474,1.3754985222867566,0.9094650205761317,0.56487994849316,0.7225865864952457,0.8671901353903466,0.2412197602374051,0.2013768008545091
U003,T008,[1.0],wf2022,S003_T008_wf2022_raw,0.08913240123237987,0.07828959345170307,1.1384961564191254,0.859504132231405,0.5289716937024151,0.3978434766376452,0.8711416141967121,0.23300198434466285,0.1943444686036765
U003,T008,[1.0],wf2023,S003_T008_wf2023_raw,0.060943446618861384,0.07521726016425137,0.8102322058232331,0.78099173553719,0.2724512873272371,0.2918745246473542,0.8774282177964569,0.1428842995067786,0.10611276484571568
U004,T016,[1.0],wf2021,S003_T016_wf2021_raw,0.0791155883778141,0.05918568865703793,1.3367351157517748,0.9218106995884774,0.5625248623940718,0.7202315003961576,0.8673902667322055,0.24018661404968553,0.2004036940693472
U004,T016,[1.0],wf2022,S003_T016_wf2022_raw,0.0878004455652422,0.07913728704071087,1.109469996363089,0.8512396694214877,0.48959803589264206,0.3584698188278719,0.8742554300178971,0.2197229599885204,0.18199958899388952
U004,T016,[1.0],wf2023,S003_T016_wf2023_raw,0.059914694582863776,0.07612140976433111,0.7870938645035255,0.7851239669421488,0.27646681138027407,0.295890048700391,0.8785215459341483,0.14334945746698322,0.10690592124722773
U005,T030+Y4,"[0.25, 0.75]",wf2021,S006_U005_wf2021_raw,0.12166633019721854,0.08197448226407052,1.4841976043872496,0.9300411522633745,0.6967246215166571,0.854431259518743,0.877337125253299,0.2944827809578949,0.25768391853388456
U005,T030+Y4,"[0.25, 0.75]",wf2022,S006_U005_wf2022_raw,0.1277270186798839,0.09506960559213243,1.3435105561272473,0.9090909090909091,0.612054745506144,0.48092652844137374,0.8686607273447605,0.2741090129203686,0.23470723112379677
U005,T030+Y4,"[0.25, 0.75]",wf2023,S006_U005_wf2023_raw,0.0993156670477379,0.09588389075412608,1.035790957861857,0.8512396694214877,0.31227412012283073,0.3316973574429478,0.8724858712571002,0.17166274147881433,0.13340850285594438
U006,T030+Y4,"[0.5, 0.5]",wf2021,S006_U006_wf2021_raw,0.11102455523954102,0.07451271346262117,1.4900082157823413,0.9423868312757202,0.6932222079148088,0.8509288459168944,0.8797391880985862,0.28845472804068323,0.25237648447025907
U006,T030+Y4,"[0.5, 0.5]",wf2022,S006_U006_wf2022_raw,0.11889046060775596,0.09301523060960909,1.2781827215668247,0.9008264462809917,0.5995358973267773,0.46840768026200696,0.8669198869994289,0.2673409873413069,0.22741695344113555
U006,T030+Y4,"[0.5, 0.5]",wf2023,S006_U006_wf2023_raw,0.08898230546333459,0.09084875083867724,0.9794554646254084,0.8305785123966942,0.2924432182215221,0.31186645554163905,0.8828654777599519,0.15846624432380485,0.12332588765179045
U007,T030+Y4,"[0.75, 0.25]",wf2021,S006_U007_wf2021_raw,0.09619400549975082,0.068442770683919,1.405466268219795,0.9300411522633745,0.6605097088386429,0.8182163468407284,0.8753027399024907,0.274039692880746,0.23663051485149322
U007,T030+Y4,"[0.75, 0.25]",wf2022,S006_U007_wf2022_raw,0.10610015386064935,0.08951178939735144,1.1853204429827737,0.8801652892561983,0.5740328876125774,0.44290467054780724,0.87097549123155,0.253357280458568,0.21464992782803297
U007,T030+Y4,"[0.75, 0.25]",wf2023,S006_U007_wf2023_raw,0.07537473676631634,0.08514878885638108,0.8852120832094224,0.8140495867768595,0.26738312923248697,0.28680636655260394,0.8872096237811565,0.14420194634192568,0.11036483347627263
U008,T030+Y1,"[0.25, 0.75]",wf2021,S006_U008_wf2021_raw,0.12528657357603004,0.0801355301921992,1.5634335141420963,0.9465020576131687,0.7089036269556966,0.8666102649577823,0.8645280431751317,0.3034273045645815,0.262785717517121
U008,T030+Y1,"[0.25, 0.75]",wf2022,S006_U008_wf2022_raw,0.12803825807121805,0.09597388272818091,1.334094801956179,0.9008264462809917,0.6050450554391916,0.47391683837442145,0.8547128299476999,0.2763149708759347,0.2327288198602447
U008,T030+Y1,"[0.25, 0.75]",wf2023,S006_U008_wf2023_raw,0.10005103445963479,0.09561743337306039,1.046368124830085,0.8553719008264463,0.3147785787230333,0.3342018160431502,0.8579778941543873,0.1770606191544477,0.1344539874007639
U009,T030+Y1,"[0.5, 0.5]",wf2021,S006_U009_wf2021_raw,0.11200652477678193,0.07273661678973165,1.539891869050941,0.9382716049382716,0.6935870773114675,0.851293715313553,0.8746635503615163,0.2904796679956981,0.252878733104153
U009,T030+Y1,"[0.5, 0.5]",wf2022,S006_U009_wf2022_raw,0.11845973498749737,0.09334834404549643,1.269007353036301,0.8966942148760331,0.5997242179110464,0.4685960008462763,0.8670747760499024,0.2671787265533421,0.22730115936831286
U009,T030+Y1,"[0.5, 0.5]",wf2023,S006_U009_wf2023_raw,0.08908471189047552,0.09022975409241744,0.9873097049475595,0.8388429752066116,0.2877790373926972,0.3072022747128143,0.8775613254003639,0.1586991983538902,0.12196759597399938
U010,T030+Y1,"[0.75, 0.25]",wf2021,S006_U010_wf2021_raw,0.09616481896801884,0.06752044818853427,1.4242325332246346,0.9259259259259259,0.6542650567097786,0.8119716947118641,0.8762667531741202,0.2718654186479051,0.23474544460014113
U010,T030+Y1,"[0.75, 0.25]",wf2022,S006_U010_wf2022_raw,0.10561846489379703,0.08943842567154275,1.1809070217947988,0.8801652892561983,0.5715767941314537,0.4404485770666836,0.8730784243406314,0.2517968968947655,0.21372042419695492
U010,T030+Y1,"[0.75, 0.25]",wf2023,S006_U010_wf2023_raw,0.07527893517258101,0.08464331427463687,0.8893665827915027,0.8181818181818182,0.263840448766238,0.28326368608635505,0.8886377091393167,0.1426723959571088,0.10926370869890381
U011,T030+T008,"[0.25, 0.75]",wf2021,S006_U011_wf2021_raw,0.08113213570549349,0.060023005943654326,1.3516839823326248,0.9094650205761317,0.56721307703394,0.7249197150360256,0.8677563061415239,0.24228988554992223,0.2026167773923794
U011,T030+T008,"[0.25, 0.75]",wf2022,S006_U011_wf2022_raw,0.0913417144859658,0.08093909389102191,1.1285240554947427,0.8512396694214877,0.5295585698357713,0.39843035277100114,0.8707492112136098,0.23417949338103478,0.19540425674511772
U011,T030+T008,"[0.25, 0.75]",wf2023,S006_U011_wf2023_raw,0.06205172592577825,0.07748044437195808,0.8008695152532729,0.7768595041322314,0.266756684242956,0.28617992156307304,0.8823273336127334,0.14014949555937806,0.1048476956431981
U012,T030+T008,"[0.5, 0.5]",wf2021,S006_U012_wf2021_raw,0.08148203616699241,0.06161117939541281,1.3225203115176702,0.9012345679012346,0.5582117565559632,0.715918394558049,0.8676505924649777,0.23976116369409262,0.20005634143358592
U012,T030+T008,"[0.5, 0.5]",wf2022,S006_U012_wf2022_raw,0.09254608888241948,0.08306040906426261,1.1142021803771511,0.8677685950413223,0.5293981757263234,0.39826995866155335,0.8699978011488418,0.23483854792621225,0.19583788827086482
U012,T030+T008,"[0.5, 0.5]",wf2023,S006_U012_wf2023_raw,0.06254297513092683,0.07916807132716983,0.7900025108918195,0.78099173553719,0.25707636086266195,0.27649959818277897,0.8851434990188619,0.13659704860551075,0.10214009831116931
U013,T030+T008,"[0.75, 0.25]",wf2021,S006_U013_wf2021_raw,0.0809826726998674,0.06291459200038534,1.287184262426297,0.8930041152263375,0.5518572994676567,0.7095639374697423,0.8673425469970124,0.23774749482114027,0.19795025892024398
U013,T030+T008,"[0.75, 0.25]",wf2022,S006_U013_wf2022_raw,0.09276765662299429,0.0846211348883065,1.096270532715504,0.859504132231405,0.5250727565496554,0.3939445394848854,0.8685802674251293,0.23405480938655554,0.19462888961409433
U013,T030+T008,"[0.75, 0.25]",wf2023,S006_U013_wf2023_raw,0.06238754903534842,0.0801839627386468,0.7780551983779554,0.78099173553719,0.24838504844289666,0.26780828576301374,0.8856165171622795,0.1337855789983245,0.09947053414700836
U014,T030+T016,"[0.25, 0.75]",wf2021,S006_U014_wf2021_raw,0.08082060310872347,0.06096954108527941,1.3255898219026767,0.9053497942386831,0.5489658068643044,0.7066724448663901,0.8672837766275618,0.23683285031451215,0.1970179833027807
U014,T030+T016,"[0.25, 0.75]",wf2022,S006_U014_wf2022_raw,0.0905697197043496,0.08170742656660251,1.1084637408145896,0.8512396694214877,0.5170839934115977,0.3859557763468276,0.8724810880081867,0.22960875950276316,0.19135308590521916
U014,T030+T016,"[0.25, 0.75]",wf2023,S006_U014_wf2023_raw,0.06129628975692698,0.07808348818918608,0.7850096246778075,0.7933884297520661,0.27439870364668256,0.2938219409667996,0.8828795190352323,0.14197427128620585,0.10683812699677556
U015,T030+T016,"[0.5, 0.5]",wf2021,S006_U015_wf2021_raw,0.08140884805131253,0.062354308926431054,1.3055849620170281,0.9012345679012346,0.5566663840589535,0.7143730220610393,0.8673386026363337,0.23936187364731099,0.19956345443821108
U015,T030+T016,"[0.5, 0.5]",wf2022,S006_U015_wf2022_raw,0.09217227060149029,0.08367840757293049,1.1015060309454014,0.8636363636363636,0.5247884657511572,0.3936602486863872,0.87060841239426,0.2331229242476653,0.1943054479659433
U015,T030+T016,"[0.5, 0.5]",wf2023,S006_U015_wf2023_raw,0.062076267654007984,0.07952344318809235,0.7806033688353063,0.78099173553719,0.2537424257473071,0.2731656630674241,0.8856469754452764,0.1352591421522124,0.10095323478579532
U016,T030+T016,"[0.75, 0.25]",wf2021,S006_U016_wf2021_raw,0.08101390939676298,0.0632903372220183,1.2800359889468051,0.8930041152263375,0.5498254694034416,0.7075321074055272,0.8679915461246266,0.23695574074234968,0.19735320457973765
U016,T030+T016,"[0.75, 0.25]",wf2022,S006_U016_wf2022_raw,0.09264188587723286,0.08496170340183799,1.0903958156190725,0.859504132231405,0.5194228330884236,0.3882946160236535,0.8690121547018279,0.23217995786687187,0.19288360427742024
U016,T030+T016,"[0.75, 0.25]",wf2023,S006_U016_wf2023_raw,0.06214710920061512,0.08032604529458837,0.7736856579045605,0.7768595041322314,0.2517101986468129,0.27113343596692985,0.8859151771201375,0.13459735013824867,0.10037190327428991
U017,T030+Y4+T008,"[0.3333333333333333, 0.3333333333333333, 0.3333333333333333]",wf2021,S006_U017_wf2021_raw,0.10312855167501876,0.06845207798905442,1.506580292442096,0.9423868312757202,0.6956401122415735,0.8533467502436591,0.8759414739615794,0.28716101215400575,0.24994345434247955
U017,T030+Y4+T008,"[0.3333333333333333, 0.3333333333333333, 0.3333333333333333]",wf2022,S006_U017_wf2022_raw,0.11177332935004511,0.08890383793328326,1.2572385169009686,0.8884297520661157,0.5783809368278913,0.44725271976312125,0.8715180320298532,0.25676820317942944,0.21822361278838542
U017,T030+Y4+T008,"[0.3333333333333333, 0.3333333333333333, 0.3333333333333333]",wf2023,S006_U017_wf2023_raw,0.08161029066031454,0.08598244655906653,0.9491505990615364,0.8347107438016529,0.2929437923100705,0.3123670296301876,0.888112067402016,0.15409363373654217,0.12052725395714697
