candidate,family,method,params,alias_of,cv_mean,cv_std,cv_worst,mean_ic,mean_excess,mean_turnover,wf2021,wf2022,wf2023,cv_delta_vs_S003,ic_component_change,excess_component_change,stability_component_change,pareto
C018,band,band_minimal,"{""keep_q"": 0.0022778298112255263, ""method"": ""band_minimal""}",,0.3772752566889346,0.014298883168530898,0.3570993660943539,0.06592726262311753,0.18717932741363677,0.017498155281344872,0.38854098330615555,0.38618542066629424,0.3570993660943539,1.8847246625042224e-06,1.8847246624431603e-06,0.0,-0.0,True
C002,band,band,"{""keep_q"": 0.0022778298112255263, ""method"": ""band""}",,0.3772733719642721,0.014298735270296688,0.357097676244488,0.06592255081146142,0.18717932741363677,0.017498155281344872,0.3885388115029958,0.3861836281453326,0.357097676244488,0.0,0.0,0.0,-0.0,False
C017,band,band_minimal,"{""keep_q"": 0.0, ""method"": ""band_minimal""}",,0.37628193060391024,0.014006369056556134,0.3567148004869514,0.06578794694331742,0.18281265895005192,0.016256819528107543,0.3887325399931389,0.38339845133164047,0.3567148004869514,-0.0009914413603618333,-5.3841547257599265e-05,-0.0013100005390754565,0.00037240072597119895,True
C001,band,band,"{""keep_q"": 0.0, ""method"": ""band""}",,0.37628005345979515,0.014006216796346085,0.3567131080334212,0.06578325408302967,0.18281265895005192,0.016256819528107543,0.3887303873299134,0.38339666501605085,0.3567131080334212,-0.0009933185044769255,-5.571869137270258e-05,-0.0013100005390754565,0.00037240072597119895,False
C019,band,band_minimal,"{""keep_q"": 0.005, ""method"": ""band_minimal""}",,0.3750991356606665,0.01710639370437924,0.35099108361198794,0.06604899571499039,0.18201404080069128,0.0197489162184568,0.3888979906644454,0.3854083327055662,0.35099108361198794,-0.002174236303605581,5.0577961411585326e-05,-0.0015495859838836473,-0.0006752282811335782,True
C003,band,band,"{""keep_q"": 0.005, ""method"": ""band""}",,0.375097134233715,0.017106208864597943,0.3509893402701407,0.06604399214761163,0.18201404080069128,0.0197489162184568,0.38889581637026005,0.38540624606074414,0.3509893402701407,-0.0021762377305570846,4.857653446008192e-05,-0.0015495859838836473,-0.0006752282811335782,False
C062,gap,gap,"{""delta"": 0.2, ""method"": ""gap"", ""rho"": 0.01}",C042,0.37411145040514354,0.023888746480539277,0.3403279087212525,0.06793815046145096,0.19162483720074083,0.035170869798863566,0.39111523056283004,0.3908912119313482,0.3403279087212525,-0.0031619215591285332,0.0008062398599958166,0.0013336529361312188,-0.005301814355255608,True
C052,gap,gap,"{""delta"": 0.05, ""method"": ""gap"", ""rho"": 0.01}",C042,0.37411145040514354,0.023888746480539277,0.3403279087212525,0.06793815046145096,0.19162483720074083,0.035170869798863566,0.39111523056283004,0.3908912119313482,0.3403279087212525,-0.0031619215591285332,0.0008062398599958166,0.0013336529361312188,-0.005301814355255608,True
C057,gap,gap,"{""delta"": 0.1, ""method"": ""gap"", ""rho"": 0.01}",C042,0.37411145040514354,0.023888746480539277,0.3403279087212525,0.06793815046145096,0.19162483720074083,0.035170869798863566,0.39111523056283004,0.3908912119313482,0.3403279087212525,-0.0031619215591285332,0.0008062398599958166,0.0013336529361312188,-0.005301814355255608,True
C047,gap,gap,"{""delta"": 0.025, ""method"": ""gap"", ""rho"": 0.01}",C042,0.37411145040514354,0.023888746480539277,0.3403279087212525,0.06793815046145096,0.19162483720074083,0.035170869798863566,0.39111523056283004,0.3908912119313482,0.3403279087212525,-0.0031619215591285332,0.0008062398599958166,0.0013336529361312188,-0.005301814355255608,True
C042,gap,gap,"{""delta"": 0.0, ""method"": ""gap"", ""rho"": 0.01}",,0.37411145040514354,0.023888746480539277,0.3403279087212525,0.06793815046145096,0.19162483720074083,0.035170869798863566,0.39111523056283004,0.3908912119313482,0.3403279087212525,-0.0031619215591285332,0.0008062398599958166,0.0013336529361312188,-0.005301814355255608,True
C021,band,band_minimal,"{""keep_q"": 0.02, ""method"": ""band_minimal""}",,0.3736469476585442,0.021376148648104346,0.34354943944242966,0.06781399990682668,0.19064681638123657,0.0355756573951914,0.38624323445296244,0.3911481690802405,0.34354943944242966,-0.003626424305727849,0.0007565796381461044,0.001040246690279939,-0.005423250634153957,False
C005,band,band,"{""keep_q"": 0.02, ""method"": ""band""}",,0.37364420484493593,0.021375638244567327,0.34354739749722585,0.06780714287280594,0.19064681638123657,0.0355756573951914,0.3862403633944133,0.39114485364316853,0.34354739749722585,-0.0036291671193361408,0.0007538368245378069,0.001040246690279939,-0.005423250634153957,False
C041,bonus,bonus,"{""beta"": 1.0, ""method"": ""bonus""}",,0.37278308751267347,0.013724694806338167,0.353398077393389,0.06437946618370836,0.17302782299207495,0.016256819528107543,0.3833222969464135,0.3816288881982181,0.353398077393389,-0.004490284451598603,-0.0006172338511012233,-0.0042454513264685466,0.00037240072597119895,False
C020,band,band_minimal,"{""keep_q"": 0.01, ""method"": ""band_minimal""}",,0.37276745017704255,0.017732906669430563,0.3477201606419869,0.06652993263832795,0.17840042691592695,0.02454883651022238,0.38636763274252345,0.3842145571466173,0.3477201606419869,-0.004505921787229528,0.00024295273074660952,-0.0026336701493129473,-0.002115204368663252,True
C004,band,band,"{""keep_q"": 0.01, ""method"": ""band""}",,0.3727652917938277,0.01773267625634286,0.34771833086969417,0.06652453668029094,0.17840042691592695,0.02454883651022238,0.38636535117408544,0.3842121933377036,0.34771833086969417,-0.004508080170444351,0.00024079434753180863,-0.0026336701493129473,-0.002115204368663252,False
C063,gap,gap,"{""delta"": 0.2, ""method"": ""gap"", ""rho"": 0.025}",C043,0.37170765934965955,0.02212538452576603,0.3404572058801153,0.06975898113886099,0.2113767717726289,0.06536321545891151,0.38869517426260697,0.3859705979062565,0.3404572058801153,-0.005565712614612528,0.001534572130959827,0.007259233307697638,-0.01435951805326999,True
C043,gap,gap,"{""delta"": 0.0, ""method"": ""gap"", ""rho"": 0.025}",,0.37170765934965955,0.02212538452576603,0.3404572058801153,0.06975898113886099,0.2113767717726289,0.06536321545891151,0.38869517426260697,0.3859705979062565,0.3404572058801153,-0.005565712614612528,0.001534572130959827,0.007259233307697638,-0.01435951805326999,True
C048,gap,gap,"{""delta"": 0.025, ""method"": ""gap"", ""rho"": 0.025}",C043,0.37170765934965955,0.02212538452576603,0.3404572058801153,0.06975898113886099,0.2113767717726289,0.06536321545891151,0.38869517426260697,0.3859705979062565,0.3404572058801153,-0.005565712614612528,0.001534572130959827,0.007259233307697638,-0.01435951805326999,True
C058,gap,gap,"{""delta"": 0.1, ""method"": ""gap"", ""rho"": 0.025}",C043,0.37170765934965955,0.02212538452576603,0.3404572058801153,0.06975898113886099,0.2113767717726289,0.06536321545891151,0.38869517426260697,0.3859705979062565,0.3404572058801153,-0.005565712614612528,0.001534572130959827,0.007259233307697638,-0.01435951805326999,True
C053,gap,gap,"{""delta"": 0.05, ""method"": ""gap"", ""rho"": 0.025}",C043,0.37170765934965955,0.02212538452576603,0.3404572058801153,0.06975898113886099,0.2113767717726289,0.06536321545891151,0.38869517426260697,0.3859705979062565,0.3404572058801153,-0.005565712614612528,0.001534572130959827,0.007259233307697638,-0.01435951805326999,True
C022,band,band_minimal,"{""keep_q"": 0.05, ""method"": ""band_minimal""}",,0.3680261749127079,0.02277396883549523,0.33582646436075064,0.06967686669157765,0.206681440678494,0.07283001322490441,0.3847297396037122,0.3835223207736609,0.33582646436075064,-0.009247197051564182,0.0015017263520464897,0.00585063397945717,-0.016599557383067863,False
C006,band,band,"{""keep_q"": 0.05, ""method"": ""band""}",,0.36802179718938044,0.022772843037863186,0.3358236942563194,0.06966592238325904,0.206681440678494,0.07283001322490441,0.38472516287445546,0.3835165344373665,0.3358236942563194,-0.009251574774891635,0.0014973486287190474,0.00585063397945717,-0.016599557383067863,False
C059,gap,gap,"{""delta"": 0.1, ""method"": ""gap"", ""rho"": 0.05}",C044,0.3672001786322971,0.02723578925000333,0.3287848488744086,0.07113934582651059,0.2415032995000633,0.1123551651610873,0.38883254015214624,0.3839831468703362,0.3287848488744086,-0.010073193331974983,0.0020867180060196665,0.016297191625927958,-0.02845710296392273,True
C054,gap,gap,"{""delta"": 0.05, ""method"": ""gap"", ""rho"": 0.05}",C044,0.3672001786322971,0.02723578925000333,0.3287848488744086,0.07113934582651059,0.2415032995000633,0.1123551651610873,0.38883254015214624,0.3839831468703362,0.3287848488744086,-0.010073193331974983,0.0020867180060196665,0.016297191625927958,-0.02845710296392273,True
C044,gap,gap,"{""delta"": 0.0, ""method"": ""gap"", ""rho"": 0.05}",,0.3672001786322971,0.02723578925000333,0.3287848488744086,0.07113934582651059,0.2415032995000633,0.1123551651610873,0.38883254015214624,0.3839831468703362,0.3287848488744086,-0.010073193331974983,0.0020867180060196665,0.016297191625927958,-0.02845710296392273,True
C064,gap,gap,"{""delta"": 0.2, ""method"": ""gap"", ""rho"": 0.05}",C044,0.3672001786322971,0.02723578925000333,0.3287848488744086,0.07113934582651059,0.2415032995000633,0.1123551651610873,0.38883254015214624,0.3839831468703362,0.3287848488744086,-0.010073193331974983,0.0020867180060196665,0.016297191625927958,-0.02845710296392273,True
C049,gap,gap,"{""delta"": 0.025, ""method"": ""gap"", ""rho"": 0.05}",C044,0.3672001786322971,0.02723578925000333,0.3287848488744086,0.07113934582651059,0.2415032995000633,0.1123551651610873,0.38883254015214624,0.3839831468703362,0.3287848488744086,-0.010073193331974983,0.0020867180060196665,0.016297191625927958,-0.02845710296392273,True
C023,band,band_minimal,"{""keep_q"": 0.1, ""method"": ""band_minimal""}",,0.3631397766272408,0.029441500460731688,0.3219983361356086,0.07154744626765665,0.2519461466746169,0.1368768196073565,0.3892548029409081,0.37816619080520564,0.3219983361356086,-0.01413359533703129,0.00224995818247809,0.019430045778294037,-0.035813599297803485,True
C007,band,band,"{""keep_q"": 0.1, ""method"": ""band""}",,0.36313360603989686,0.029439552752980463,0.32199517326947635,0.07153201979929698,0.2519461466746169,0.1368768196073565,0.38924835317864837,0.378157291671566,0.32199517326947635,-0.014139765924375214,0.0022437875951342224,0.019430045778294037,-0.035813599297803485,False
C050,gap,gap,"{""delta"": 0.025, ""method"": ""gap"", ""rho"": 0.1}",C045,0.3552356063143048,0.03293178377290873,0.30927461245584786,0.07254194191961721,0.2867119689950663,0.19931587050687302,0.384730998204742,0.37170120828232467,0.30927461245584786,-0.02203776564996729,0.002647756443262317,0.029859792474428853,-0.05454531456765844,True
C060,gap,gap,"{""delta"": 0.1, ""method"": ""gap"", ""rho"": 0.1}",C045,0.3552356063143048,0.03293178377290873,0.30927461245584786,0.07254194191961721,0.2867119689950663,0.19931587050687302,0.384730998204742,0.37170120828232467,0.30927461245584786,-0.02203776564996729,0.002647756443262317,0.029859792474428853,-0.05454531456765844,True
C055,gap,gap,"{""delta"": 0.05, ""method"": ""gap"", ""rho"": 0.1}",C045,0.3552356063143048,0.03293178377290873,0.30927461245584786,0.07254194191961721,0.2867119689950663,0.19931587050687302,0.384730998204742,0.37170120828232467,0.30927461245584786,-0.02203776564996729,0.002647756443262317,0.029859792474428853,-0.05454531456765844,True
C065,gap,gap,"{""delta"": 0.2, ""method"": ""gap"", ""rho"": 0.1}",C045,0.3552356063143048,0.03293178377290873,0.30927461245584786,0.07254194191961721,0.2867119689950663,0.19931587050687302,0.384730998204742,0.37170120828232467,0.30927461245584786,-0.02203776564996729,0.002647756443262317,0.029859792474428853,-0.05454531456765844,True
C045,gap,gap,"{""delta"": 0.0, ""method"": ""gap"", ""rho"": 0.1}",,0.3552356063143048,0.03293178377290873,0.30927461245584786,0.07254194191961721,0.2867119689950663,0.19931587050687302,0.384730998204742,0.37170120828232467,0.30927461245584786,-0.02203776564996729,0.002647756443262317,0.029859792474428853,-0.05454531456765844,True
C024,band,band_minimal,"{""keep_q"": 0.2, ""method"": ""band_minimal""}",,0.34096667067310205,0.03790111701994071,0.2873891449349394,0.07318441226633111,0.28754905713252144,0.2485727045772894,0.36910767570660763,0.3664031913777591,0.2873891449349394,-0.03630670129117003,0.002904744581947877,0.030110918915665398,-0.06932236478878336,True
C008,band,band,"{""keep_q"": 0.2, ""method"": ""band""}",,0.3409579316720684,0.03789786281811939,0.2873851619531435,0.07316256476374693,0.28754905713252144,0.2485727045772894,0.369101065496439,0.3663875675666226,0.2873851619531435,-0.03631544029220368,0.002896005580914202,0.030110918915665398,-0.06932236478878336,False
C061,gap,gap,"{""delta"": 0.1, ""method"": ""gap"", ""rho"": 0.2}",C046,0.3246939084232039,0.04353246577875583,0.26341850874770095,0.07465058022802169,0.3317898661027419,0.34901094499609114,0.36048984547180074,0.35017337105011004,0.26341850874770095,-0.05257946354106818,0.0034912117666241085,0.04338316160673154,-0.09945383691442389,True
C066,gap,gap,"{""delta"": 0.2, ""method"": ""gap"", ""rho"": 0.2}",C046,0.3246939084232039,0.04353246577875583,0.26341850874770095,0.07465058022802169,0.3317898661027419,0.34901094499609114,0.36048984547180074,0.35017337105011004,0.26341850874770095,-0.05257946354106818,0.0034912117666241085,0.04338316160673154,-0.09945383691442389,True
C046,gap,gap,"{""delta"": 0.0, ""method"": ""gap"", ""rho"": 0.2}",,0.3246939084232039,0.04353246577875583,0.26341850874770095,0.07465058022802169,0.3317898661027419,0.34901094499609114,0.36048984547180074,0.35017337105011004,0.26341850874770095,-0.05257946354106818,0.0034912117666241085,0.04338316160673154,-0.09945383691442389,True
C056,gap,gap,"{""delta"": 0.05, ""method"": ""gap"", ""rho"": 0.2}",C046,0.3246939084232039,0.04353246577875583,0.26341850874770095,0.07465058022802169,0.3317898661027419,0.34901094499609114,0.36048984547180074,0.35017337105011004,0.26341850874770095,-0.05257946354106818,0.0034912117666241085,0.04338316160673154,-0.09945383691442389,True
C051,gap,gap,"{""delta"": 0.025, ""method"": ""gap"", ""rho"": 0.2}",C046,0.3246939084232039,0.04353246577875583,0.26341850874770095,0.07465058022802169,0.3317898661027419,0.34901094499609114,0.36048984547180074,0.35017337105011004,0.26341850874770095,-0.05257946354106818,0.0034912117666241085,0.04338316160673154,-0.09945383691442389,True
C040,bonus,bonus,"{""beta"": 0.75, ""method"": ""bonus""}",,0.3192869250054223,0.03365627496180251,0.27178501981338526,0.06817159991257525,0.24145546535831505,0.26806118189034106,0.340431343734075,0.34564441146880664,0.27178501981338526,-0.0579864469588498,0.0008996196404455315,0.016282841383403485,-0.07516890798269886,False
C025,band,band_minimal,"{""keep_q"": 0.4, ""method"": ""band_minimal""}",,0.3012298757557998,0.045899869647623937,0.23635926850929218,0.07569068166720679,0.3430507554737938,0.4398720785107369,0.3316526468686774,0.33567771188942974,0.23635926850929218,-0.07604349620847228,0.0039072523422981455,0.04676142841804711,-0.12671217696881762,True
C009,band,band,"{""keep_q"": 0.4, ""method"": ""band""}",,0.301218401516561,0.04589507021426467,0.23635429566893196,0.07566199606910982,0.3430507554737938,0.4398720785107369,0.33164495340594313,0.33565595547480787,0.23635429566893196,-0.07605497044771109,0.003895778103059361,0.04676142841804711,-0.12671217696881762,False
C039,bonus,bonus,"{""beta"": 0.5, ""method"": ""bonus""}",,0.27971388409191705,0.04413308202067074,0.2173928064158675,0.07105915342139174,0.3204875703016657,0.4828534945571312,0.30793234017503407,0.3138165056848496,0.2173928064158675,-0.09755948787235502,0.0020546410439721274,0.039992472866408675,-0.1396066017827359,False
C026,band,band_minimal,"{""keep_q"": 0.6, ""method"": ""band_minimal""}",,0.2697754567458078,0.05519095464165257,0.1917370639209165,0.07680208506688703,0.3948340170002145,0.5979852746033713,0.30754199783199854,0.3100473084845083,0.1917370639209165,-0.1074979152184643,0.004351813702170243,0.062296406875973306,-0.1741461357966079,True
C010,band,band,"{""keep_q"": 0.6, ""method"": ""band""}",,0.2697592767340061,0.05518411648366403,0.1917304556448779,0.07676163503738286,0.3948340170002145,0.5979852746033713,0.30752573787874854,0.3100216366783919,0.1917304556448779,-0.10751409523026595,0.004335633690368573,0.062296406875973306,-0.1741461357966079,False
C038,bonus,bonus,"{""beta"": 0.3, ""method"": ""bonus""}",,0.2536502584664985,0.05403654431552116,0.17734280453003132,0.0737426872391893,0.3737213259194799,0.6265440473500706,0.28822606178471094,0.29538190908475315,0.17734280453003132,-0.12362311349777355,0.003128054571091149,0.05596259955175293,-0.18271376762061772,False
C037,bonus,bonus,"{""beta"": 0.2, ""method"": ""bonus""}",,0.23923108625563141,0.05362732975822901,0.16339495093002865,0.07506720390717411,0.39770029278047575,0.7003529438046031,0.27785355412740476,0.27644475370946087,0.16339495093002865,-0.13804228570864066,0.0036578612382850762,0.0631562896100517,-0.20485643655697747,True
C027,band,band_minimal,"{""keep_q"": 0.75, ""method"": ""band_minimal""}",,0.23694974700221094,0.053466861896594865,0.1613551330273674,0.07737232358987808,0.40687831348747333,0.7202089215999409,0.2732811975505117,0.27621291042875373,0.1613551330273674,-0.14032362496206113,0.004579909111366665,0.06590969582215096,-0.2108132298955788,True
C011,band,band,"{""keep_q"": 0.75, ""method"": ""band""}",,0.236932397647477,0.053460108330513845,0.16134704064925295,0.07732895020304317,0.40687831348747333,0.7202089215999409,0.2732707276141927,0.2761794246789853,0.16134704064925295,-0.14034097431679507,0.004562559756632701,0.06590969582215096,-0.2108132298955788,False
C028,band,band_minimal,"{""keep_q"": 0.8, ""method"": ""band_minimal""}",,0.22378345907801522,0.051565105126138204,0.1508620920591594,0.07748233337164258,0.4088134715259346,0.7661783857614073,0.25970029143085727,0.26078799374402906,0.1508620920591594,-0.15348991288625685,0.004623913024072462,0.06649024323368935,-0.2246040691440187,True
C012,band,band,"{""keep_q"": 0.8, ""method"": ""band""}",,0.22376528510531415,0.051558604159118164,0.1508529867706136,0.07743689843988981,0.4088134715259346,0.7661783857614073,0.2596903430199844,0.26075252552534445,0.1508529867706136,-0.15350808685895792,0.004605739051371355,0.06649024323368935,-0.2246040691440187,False
C036,bonus,bonus,"{""beta"": 0.1, ""method"": ""bonus""}",,0.21859904551296272,0.05166669682323026,0.14553169099311272,0.07637834323958985,0.40824932068756886,0.7814236266304796,0.25533916535159623,0.25492628019417923,0.14553169099311272,-0.15867432645130936,0.004182316971251371,0.06632099798217962,-0.2291776414047404,False
C029,band,band_minimal,"{""keep_q"": 0.85, ""method"": ""band_minimal""}",,0.21275686715086276,0.04982040026699769,0.1423204411735653,0.07754704194690591,0.42293759380433543,0.8171440925640008,0.24651191719427365,0.24943824308474932,0.1423204411735653,-0.16451650481340932,0.004649796454177796,0.0707274799172096,-0.23989378118479676,True
C013,band,band,"{""keep_q"": 0.85, ""method"": ""band""}",,0.21273786604630432,0.04981321076649464,0.1423113010557211,0.07749953918550985,0.42293759380433543,0.8171440925640008,0.24649919881064977,0.2494030982725421,0.1423113010557211,-0.16453550591796776,0.004630795349619371,0.0707274799172096,-0.23989378118479676,False
C035,bonus,bonus,"{""beta"": 0.05, ""method"": ""bonus""}",,0.206580726664523,0.04961438945496063,0.136415865605938,0.07707694259817037,0.41187952627441243,0.8260463608568963,0.24188824818621046,0.24143806620142058,0.136415865605938,-0.17069264529974906,0.0044617567146835796,0.0674100596582327,-0.2425644616726654,False
C034,bonus,bonus,"{""beta"": 0.025, ""method"": ""bonus""}",,0.20214158534646898,0.04900504617010012,0.13283952641853736,0.07737160461216157,0.4195580951159244,0.8489149501105765,0.23639224440370604,0.2371929852171636,0.13283952641853736,-0.1751317866178031,0.0045796215202800585,0.06971363031068628,-0.24942503844876945,False
C030,band,band_minimal,"{""keep_q"": 0.9, ""method"": ""band_minimal""}",,0.19669450451479342,0.047753798759026224,0.1291912371002787,0.07759135544747905,0.4241543507505651,0.8719611429645591,0.22867989640685482,0.23221238003724679,0.1291912371002787,-0.18057886744947865,0.004667521854407053,0.0710925070010785,-0.25633889630496426,True
C014,band,band,"{""keep_q"": 0.9, ""method"": ""band""}",,0.19667740440526896,0.047746741323781525,0.12918387706452844,0.07754860517366796,0.4241543507505651,0.8719611429645591,0.22866496772073674,0.2321833684305418,0.12918387706452844,-0.18059596755900312,0.004650421744882616,0.0710925070010785,-0.25633889630496426,False
C000,raw,raw,"{""method"": ""raw""}",,0.19661798415765175,0.047746367531495006,0.12912524754552243,0.07759137843949353,0.4241543507505651,0.8722162414777173,0.22859763315007173,0.23213107177736106,0.12912524754552243,-0.18065538780662033,0.004667531051212842,0.0710925070010785,-0.2564154258589117,True
C016,band,band,"{""keep_q"": 1.0, ""method"": ""band""}",,0.19661798415765175,0.047746367531495006,0.12912524754552243,0.07759137843949353,0.4241543507505651,0.8722162414777173,0.22859763315007173,0.23213107177736106,0.12912524754552243,-0.18065538780662033,0.004667531051212842,0.0710925070010785,-0.2564154258589117,True
C031,band,band_minimal,"{""keep_q"": 0.95, ""method"": ""band_minimal""}",C016,0.19661798415765175,0.047746367531495006,0.12912524754552243,0.07759137843949353,0.4241543507505651,0.8722162414777173,0.22859763315007173,0.23213107177736106,0.12912524754552243,-0.18065538780662033,0.004667531051212842,0.0710925070010785,-0.2564154258589117,True
C033,bonus,bonus,"{""beta"": 0.0, ""method"": ""bonus""}",C000,0.19661798415765175,0.047746367531495006,0.12912524754552243,0.07759137843949353,0.4241543507505651,0.8722162414777173,0.22859763315007173,0.23213107177736106,0.12912524754552243,-0.18065538780662033,0.004667531051212842,0.0710925070010785,-0.2564154258589117,True
C032,band,band_minimal,"{""keep_q"": 1.0, ""method"": ""band_minimal""}",C016,0.19661798415765175,0.047746367531495006,0.12912524754552243,0.07759137843949353,0.4241543507505651,0.8722162414777173,0.22859763315007173,0.23213107177736106,0.12912524754552243,-0.18065538780662033,0.004667531051212842,0.0710925070010785,-0.2564154258589117,True
C015,band,band,"{""keep_q"": 0.95, ""method"": ""band""}",,0.1966107782222745,0.04774337637691872,0.12912219961576038,0.07757336360105037,0.4241543507505651,0.8722162414777173,0.22859047123842863,0.2321196638126344,0.12912219961576038,-0.18066259374199758,0.004660325115835579,0.0710925070010785,-0.2564154258589117,False
