window,variant,ic,excess,final
wf2021H1,H01/H05/H10 均权,0.0933256267824316,0.3365521617309572,0.4324562623340197
wf2021H2,H01/H05/H10 均权,0.08866684652419013,0.19279098637687644,0.3873478166790646
wf2021H1,H01,0.07044415493054888,0.26846797568310293,0.40159611299076414
wf2021H2,H01,0.06251057652527395,0.191306114066737,0.3755872431921053
wf2022H1,H01/H05/H10 均权,0.1155259571515216,0.2958633845066877,0.4297043689005975
wf2022H2,H01/H05/H10 均权,0.1068985508502105,0.13148806946189132,0.37938161344649457
wf2022H1,H01,0.08974777939166,0.25890633757435483,0.4072140297100448
wf2022H2,H01,0.07238171233294156,0.13314288347913994,0.3651424222007748
wf2023H1,H01/H05/H10 均权,0.09298005286310364,0.1968153565077883,0.39295255411503377
wf2023H2,H01/H05/H10 均权,0.08799424378176864,0.13100314193947632,0.372515575822458
wf2023H1,H01,0.06252276994903735,0.1861343314893899,0.37640180007896656
wf2023H2,H01,0.03796096021011033,0.08543586071426643,0.33778765977588066
confirm2024H1,H01/H05/H10 均权,0.11009246043774991,0.2135046060909122,0.40260792600280876
confirm2024H2,H01/H05/H10 均权,0.10167336532645758,0.30160173625607234,0.4251747738740621
confirm2024H1,H01,0.08857245239446165,0.1478073705206307,0.3730319605277648
confirm2024H2,H01,0.08013999707751937,0.2545170970234344,0.4017324839641581
