fold,model,ic,excess,top1,n_days
wf2021,H01,0.0794982884303829,0.5222501877326923,0.6799568257347779,243
wf2021,H05_F2T2,0.0976143366939398,0.4265892139205344,0.58429585192262,243
wf2021,H20_F2T2,0.0652118981077402,0.3451404090184632,0.5028470470205488,243
wf2022,H01,0.0918571109930382,0.5177466409582051,0.3866184238934349,242
wf2022,H05_F2T2,0.1191264252815518,0.554351649090314,0.4232234320255437,242
wf2022,H20_F2T2,0.092977447452988,0.4043910449046826,0.2732628278399124,242
wf2023,H01,0.0614187358950594,0.2324662235607979,0.251889460880915,242
wf2023,H05_F2T2,0.1008473243403321,0.2767557413373227,0.2961789786574397,242
wf2023,H20_F2T2,0.0813708436328734,0.2335467852617925,0.2529700225819096,242
confirm2024,H01,0.0987252994269382,0.4522342575001437,0.4381896064998467,242
confirm2024,H05_F2T2,0.1128122871582167,0.5075458350249205,0.4935011840246232,242
confirm2024,H20_F2T2,0.0815639530216167,0.3328694910264131,0.3188248400261161,242
