fold,variant,te_ann,excess_mdd,exc_ann,tail_q05
wf2021,H01,0.04508411114038193,-0.017525653060480373,0.2297282756123348,0.015521696208506179
wf2021,H05_F2T2,0.05655478203058973,-0.023191313638015354,0.247603221382595,0.02881261491945914
wf2021,H10_F2T2,0.06827744449345488,-0.023991028874114917,0.23718271819757736,0.018950069158066737
wf2021,mix,0.051761809687108626,-0.018657216541705213,0.2650112116347699,0.030291644275600604
wf2022,H01,0.02913154836729276,-0.006304004785212827,0.19602461052674738,0.0181136654388931
wf2022,H05_F2T2,0.051793557668823424,-0.01695218024256196,0.2101192771966021,0.03276468513275531
wf2022,H10_F2T2,0.0494746706189859,-0.01279706716887491,0.21765639299453182,0.03217486691106177
wf2022,mix,0.047980349516619426,-0.013938066101181201,0.21374788688890037,0.0334029927646772
wf2023,H01,0.04406198685691373,-0.022374727809653633,0.13578509610182815,0.012753742256560186
wf2023,H05_F2T2,0.035623466817897596,-0.016916432309785637,0.16814289593154944,0.014032077838570002
wf2023,H10_F2T2,0.034536395167733214,-0.01672528381586802,0.15311476673801164,0.011292699656857794
wf2023,mix,0.030695027047450845,-0.013558382552607079,0.16469482584100514,0.014584073209306622
confirm2024,H01,0.07124220019171665,-0.054670443892796905,0.20116223377203254,-0.020606539059146303
confirm2024,H05_F2T2,0.07056868408875308,-0.06889341792049654,0.23783545189507954,-0.004834017609527232
confirm2024,H10_F2T2,0.061916306659643164,-0.036279850487835545,0.2739732256338156,0.011642369325917298
confirm2024,mix,0.08008938500624392,-0.0910876436060074,0.25755301777866846,-0.018460589278698307
