fold,variant,beta
wf2021,H01,1.0571475627357148
wf2021,H05_F2T2,0.9804655083143334
wf2021,H10_F2T2,1.0197279247230453
wf2021,mix,1.0108804695285634
wf2022,H01,0.9896817808043183
wf2022,H05_F2T2,0.8978382636131063
wf2022,H10_F2T2,0.8942155135294828
wf2022,mix,0.9157262684684173
wf2023,H01,1.143550224498419
wf2023,H05_F2T2,0.9130958926296923
wf2023,H10_F2T2,0.9106006139032901
wf2023,mix,0.9561213614632805
confirm2024,H01,1.1150813723776976
confirm2024,H05_F2T2,1.061244901788372
confirm2024,H10_F2T2,1.0200642398814084
confirm2024,mix,1.1093661087894553
