fold,tag,ic,excess,turnover,final,alpha,profile
wf2021,H01,0.06646104149250961,0.2297282756123348,0.02321362592569483,0.3885388115029958,0.24273887971465172,-0.02247846584920318
wf2021,mix_lam0.3,0.09496657019182642,0.2696821577036685,0.019486029449468364,0.4130454665529906,0.19204479079148454,0.06338843923664873
wf2021,mix_lam0.4,0.09319013821157132,0.28202322688847115,0.02038986172232699,0.41576606483447176,0.20973829923249296,0.057968303415142405
wf2021,mix_lam0.5,0.09005951004768238,0.2868457867429108,0.020687361887008867,0.41587133147584354,0.21907355173213178,0.05344740758079596
wf2021,mix_lam0.6,0.08628792455234811,0.289099723903703,0.02111279728817694,0.41491124780559707,0.22949716270116655,0.04782144256382267
wf2021,TS_mix_lam0.3_K40,0.0882649940777052,0.258049452226497,0.021927986275592202,0.4061424374163535,0.23813811254536416,0.008523932202912662
wf2021,TS_mix_lam0.4_K40,0.0849577809606115,0.25100929210401135,0.022081368501093795,0.40266148946511987,0.24000075778726296,-0.0010767718207235148
wf2021,TS_mix_lam0.5_K40,0.08115647994941383,0.25733594824571676,0.022824189758664598,0.40281611952588114,0.256086496546649,-0.009986427486822992
wf2021,TS_mix_lam0.6_K40,0.07714944114781233,0.2495203595352751,0.022933400633812197,0.3988358641295638,0.2552702929128661,-0.017413880117259833
wf2022,H01,0.0810647458623008,0.19602461052674738,0.016832177858706422,0.3861836281453326,0.1484028713751208,0.04226116222676438
wf2022,mix_lam0.3,0.11273839582900833,0.19936037143060692,0.013142718603691794,0.40096065417967786,0.07588999959510216,0.11256126764341831
wf2022,mix_lam0.4,0.11057796680331317,0.20397017748114765,0.013553296531398513,0.40135625100625,0.08101744280948964,0.11412458030105838
wf2022,mix_lam0.5,0.10689348524804305,0.20213241532318188,0.013232776397764372,0.3994272857768425,0.08213277102800638,0.1091271360775729
wf2022,mix_lam0.6,0.102349097977138,0.1933602423297824,0.013395231086629295,0.39492914256380107,0.07927328658823085,0.10693935514762366
wf2022,TS_mix_lam0.3_K40,0.10336503688675057,0.2085187796099879,0.015761501515249406,0.3991731981831218,0.13700504803540525,0.06582965569555281
wf2022,TS_mix_lam0.4_K40,0.10090403440793184,0.2054161423025488,0.015744504493406062,0.39726310510591556,0.1427992746578682,0.05740486484377639
wf2022,TS_mix_lam0.5_K40,0.09753594448508568,0.20701221480871884,0.01652798034215222,0.3961596481340043,0.15005002355313016,0.05117325254183508
wf2022,TS_mix_lam0.6_K40,0.09354621181066057,0.20891219792440152,0.01654598586525504,0.39512834834200816,0.15614989970092844,0.0474651723928364
wf2023,H01,0.050241865079573844,0.13578509610182815,0.012448662059633358,0.35709767624448796,0.1500668963816785,-0.020240143543318132
wf2023,mix_lam0.3,0.09110907156645245,0.1790592720300434,0.008486183164095445,0.3876155552863653,0.10766581190324928,0.0667989722368143
wf2023,mix_lam0.4,0.08808464284622627,0.17885463925283995,0.008308545231719934,0.3863976853448265,0.11059207509947312,0.06291085912050022
wf2023,mix_lam0.5,0.08417692161172396,0.19004734967257125,0.008413965687869321,0.3881607838401001,0.12428884169268438,0.06032348180426195
wf2023,mix_lam0.6,0.07984267624328627,0.1904375440006972,0.008895582608843582,0.38639965891487055,0.12777148735998303,0.057421638272380844
wf2023,TS_mix_lam0.3_K40,0.07840079233028968,0.14374787855677046,0.01126018431028387,0.37110662520606186,0.12687700952619832,0.013560716089997787
wf2023,TS_mix_lam0.4_K40,0.0747475478610479,0.14376314527130443,0.011596642298664236,0.3695489700362112,0.1320447202321503,0.0070510703979953715
wf2023,TS_mix_lam0.5_K40,0.06901215030924551,0.13851668509202072,0.012251564852240158,0.36548439619563233,0.1403080149922298,-0.006093009949403781
wf2023,TS_mix_lam0.6_K40,0.06314902036665253,0.13363650158866355,0.012573061754061825,0.36157864009704155,0.14549258154216443,-0.016729352491756246
confirm2024,H01,0.08435622473599051,0.20116223377203254,0.022362706932013355,0.3873823479464019,0.19628653354554995,0.001963412274957546
confirm2024,mix_lam0.3,0.10824815973841821,0.20602716617115388,0.01830952834751401,0.39961455524245926,0.1191110650905949,0.08440401596884331
confirm2024,mix_lam0.4,0.1069278513119881,0.21943740231009093,0.01896614560388109,0.4029125175366582,0.13587032247276362,0.08036179641614023
confirm2024,mix_lam0.5,0.1043542020470359,0.2231257396230732,0.019714786428165713,0.40276496677728657,0.1491832925569452,0.07118102707762304
confirm2024,mix_lam0.6,0.10211299508746044,0.23626000724542748,0.020004603407522126,0.4057218191863558,0.16318486555636186,0.06694108470972125
confirm2024,TS_mix_lam0.3_K40,0.10250608236438981,0.21360102954355278,0.021264873031321362,0.39870327989942533,0.17359185204686023,0.03755532831133178
confirm2024,TS_mix_lam0.4_K40,0.10067179235536305,0.22171702368053767,0.02146151481787522,0.4003453696009439,0.1888451388756836,0.029985295646532358
confirm2024,TS_mix_lam0.5_K40,0.09748711085461961,0.23024379695877403,0.021913214652928146,0.4014940190336016,0.20899984348875852,0.0181476085715472
confirm2024,TS_mix_lam0.6_K40,0.09331815519097264,0.21507115348204994,0.022264993285575286,0.39516911013533146,0.20520715261964317,0.006569906014855743
