win,start,end,arm,ic_mean,annual_excess,top1_annual_ret,mean_turnover,final_score,raw_ic_mean,raw_annual_excess,raw_top1_annual_ret,raw_mean_turnover,raw_final_score
S2021,20210104,20220608,C_H01+band(q*),0.0703246761488492,0.1975088372003031,0.1798163616547131,0.0210075916631633,0.3810802441206816,0.0845482518046188,0.5079063481322719,0.4902138725866819,0.8623758294225562,0.2274784563347622
S2021,20210104,20220608,A_H01+band(0.20),0.0798921998077318,0.3681647074339123,0.3504722318883222,0.2541271211529509,0.3661681558073811,0.0845482518046188,0.5079063481322719,0.4902138725866819,0.8623758294225562,0.2274784563347622
S2021,20210104,20220608,Bm_mapped,0.1009228103519631,0.2982278103417263,0.2805353347961363,0.0400064624214947,0.4178355285168547,0.1026895120441216,0.4532682346750325,0.4355757591294424,0.6403642048781065,0.2849470137567264
S2021,20210104,20220608,Bc_combo,0.0998160162548825,0.2961768420569684,0.2784843665113783,0.0321676766329474,0.4191291561291593,0.1026895120441216,0.4532682346750325,0.4355757591294424,0.6403642048781065,0.2849470137567264
S2021,20210104,20220608,raw_H01,,,,,,0.0845482518046188,0.5079063481322719,0.4902138725866819,0.8623758294225562,0.2274784563347622
S2021,20210104,20220608,raw_H05_F2T2,,,,,,0.103779513044607,0.464405703664376,0.446713228118786,0.6404244596357017,0.2887061784264451
S2021,20210104,20220608,raw_H20_F2T2,,,,,,0.0748957224308813,0.3699593247272129,0.3522668491816228,0.4959690881408589,0.2921553599482587
S2022,20220104,20230606,C_H01+band(q*),0.0762097513309184,0.1828812541246241,0.1105552133889519,0.0149645082326621,0.3808589242999559,0.0872096575189293,0.474021619572202,0.4016955788365299,0.8725665290256114,0.2153203901715489
S2022,20220104,20230606,A_H01+band(0.20),0.0817354619085909,0.279917527032233,0.2075914862965608,0.2429965876200026,0.3437704665871055,0.0872096575189293,0.474021619572202,0.4016955788365299,0.8725665290256114,0.2153203901715489
S2022,20220104,20230606,Bm_mapped,0.111157687940248,0.3072807207930743,0.2349546800574022,0.0505876044499946,0.4214710100790231,0.1134422389910304,0.4635259705584849,0.3911999298228126,0.6421853707031021,0.291779075553027
S2022,20220104,20230606,Bc_combo,0.1101964377711565,0.2918642774151131,0.219538236679441,0.0397630416734268,0.4197089458309685,0.1134422389910304,0.4635259705584849,0.3911999298228126,0.6421853707031021,0.291779075553027
S2022,20220104,20230606,raw_H01,,,,,,0.0872096575189293,0.474021619572202,0.4016955788365299,0.8725665290256114,0.2153203901715489
S2022,20220104,20230606,raw_H05_F2T2,,,,,,0.1141997675314216,0.4729379167451658,0.4006118760094936,0.642190943712122,0.2949039989224818
S2022,20220104,20230606,raw_H20_F2T2,,,,,,0.089670557090366,0.3519350736105263,0.2796090328748541,0.5130681047781772,0.2875283134858512
S2023,20230103,20240606,C_H01+band(q*),0.0640154529073665,0.13032658300853,0.0072716098004718,0.0142982025992649,0.3604146952857261,0.0778054135057661,0.3243307760728341,0.2012758028647759,0.8745075848611635,0.1660691227658076
S2023,20230103,20240606,A_H01+band(0.20),0.0721804058418911,0.1439836224020407,0.0209286491939824,0.2377967804260582,0.3007282149295511,0.0778054135057661,0.3243307760728341,0.2012758028647759,0.8745075848611635,0.1660691227658076
S2023,20230103,20240606,Bm_mapped,0.1051370758365558,0.2372923512866025,0.1142373780785443,0.0566200566204398,0.3962565187344711,0.1063536262665866,0.3828233787366998,0.2597684055286417,0.6509621778633607,0.2620998107686364
S2023,20230103,20240606,Bc_combo,0.1045125011735666,0.25040143549787,0.1273464622898116,0.0472225123851383,0.4027586774032461,0.1063536262665866,0.3828233787366998,0.2597684055286417,0.6509621778633607,0.2620998107686364
S2023,20230103,20240606,raw_H01,,,,,,0.0778054135057661,0.3243307760728341,0.2012758028647759,0.8745075848611635,0.1660691227658076
S2023,20230103,20240606,raw_H05_F2T2,,,,,,0.1068632438478988,0.3811485332578799,0.2580935600498217,0.6510889838573984,0.2617631623593039
S2023,20230103,20240606,raw_H20_F2T2,,,,,,0.0838785820948043,0.2770284213532021,0.1539734481451439,0.5124418764159172,0.2629273963191071
