win,start,end,keep_q,turnover,excess,top1,ic,final
S2021,20210104,20220608,0.0023,0.021007591663163353,0.19750883720030316,0.1798163616547131,0.07032467614884924,0.38108024412068164
S2021,20210104,20220608,0.005,0.023023362290265074,0.19614313432334554,0.17845065877775548,0.07057958258297904,0.38016776464311575
S2021,20210104,20220608,0.008,0.025689912115826177,0.20250568737881244,0.18481321183322247,0.0712021860259498,0.38152560698927573
S2021,20210104,20220608,0.012,0.02976328745883778,0.2075692370616795,0.18987676151608943,0.07211760947976298,0.38218882867275766
S2021,20210104,20220608,0.018,0.03607594722617471,0.2165642619866707,0.1988717864410806,0.07309448721534946,0.3833842893142886
S2021,20210104,20220608,0.03,0.050237499269268036,0.234687641670575,0.21699516612498496,0.07449241814133478,0.385132009976926
S2021,20210104,20220608,0.05,0.07727144013076627,0.24142753561379068,0.22373506006820068,0.07564473866368966,0.37950472411038316
S2021,20210104,20220608,0.08,0.118348228083447,0.3095058452298519,0.2918133696842619,0.0772386427058232,0.3882427422262507
S2021,20210104,20220608,0.12,0.16887765148131076,0.34147939530656946,0.3237869197609794,0.07823436802262758,0.38307427035662867
S2021,20210104,20220608,0.2,0.25412712115295094,0.36816470743391233,0.35047223188832227,0.07989219980773188,0.36616815580738116
S2021,20210104,20220608,0.3,0.3508286341403638,0.3948357442943661,0.377143268748776,0.08152031802765966,0.3458102602572645
S2021,20210104,20220608,0.45,0.4763983585638375,0.4409602696222754,0.42326779407668536,0.08267318764035107,0.3224378483736718
S2021,20210104,20220608,0.6,0.5789281527466859,0.4898725347817641,0.4721800592361741,0.08364292478631757,0.30674048452505054
S2022,20220104,20230606,0.0023,0.014964508232662132,0.1828812541246241,0.1105552133889519,0.07620975133091841,0.38085892429995594
S2022,20220104,20230606,0.005,0.01694807884645105,0.17691129447109374,0.1045852537354215,0.07600813116200125,0.3783922171521933
S2022,20220104,20230606,0.008,0.01995925802377896,0.1685693559259464,0.09624331519027421,0.07589849753988054,0.3749424283866024
S2022,20220104,20230606,0.012,0.024262982716164675,0.17086880033703272,0.09854275960136054,0.07674993006684488,0.3746817173129984
S2022,20220104,20230606,0.018,0.03106088500244787,0.17838931173898023,0.10606327100330805,0.0772785196834376,0.3751099358943348
S2022,20220104,20230606,0.03,0.04486239326054108,0.1993974104956849,0.12707136976001268,0.07822023334265149,0.3776485985076037
S2022,20220104,20230606,0.05,0.07101063346795031,0.22084139030406377,0.1485153495683915,0.07878892411260888,0.37646479669587757
S2022,20220104,20230606,0.08,0.10997316972301667,0.2207035147030718,0.1483774739673996,0.07977274533152094,0.3651282016266249
S2022,20220104,20230606,0.12,0.15767216453257846,0.25525614741971886,0.1829301066840467,0.08071921128323707,0.36156287937943693
S2022,20220104,20230606,0.2,0.2429965876200026,0.27991752703223305,0.20759148629656082,0.08173546190859095,0.3437704665871055
S2022,20220104,20230606,0.3,0.3373009124316786,0.32497528204199244,0.2526492413063202,0.08333321688009263,0.3296355976351312
S2022,20220104,20230606,0.45,0.47072302464402294,0.3701206387029711,0.29779459796729896,0.08489742684245745,0.30377825495466737
S2022,20220104,20230606,0.6,0.5866505076824129,0.41985123186776535,0.34752519113209307,0.08613200276093576,0.28441301835998006
S2023,20230103,20240606,0.0023,0.014298202599264908,0.13032658300853003,0.007271609800471888,0.06401545290736659,0.3604146952857261
S2023,20230103,20240606,0.005,0.016688727215196427,0.13349799931744455,0.010443026109386352,0.0645479100951397,0.3608619456687303
S2023,20230103,20240606,0.008,0.019809799383332473,0.12884598258318772,0.005791009375129543,0.06497015997941281,0.3586989189517217
S2023,20230103,20240606,0.012,0.024487524134124448,0.14154979455499664,0.01849482134693847,0.06577705140911122,0.3614295016899061
S2023,20230103,20240606,0.018,0.030883383028197254,0.1412240442528546,0.018169071044796377,0.0669985491908752,0.3599016180437473
S2023,20230103,20240606,0.03,0.04522242343433801,0.1457019691837192,0.022646995975660982,0.06839492933256093,0.3575018354578387
S2023,20230103,20240606,0.05,0.06932592562618155,0.13686618444381227,0.013811211235753991,0.069382568485146,0.3480151050393476
S2023,20230103,20240606,0.08,0.10540135818817795,0.1329435484205316,0.009888575212473405,0.07055940607676627,0.3364864195004126
S2023,20230103,20240606,0.12,0.15322092734219378,0.12911971068224445,0.0060647374741862135,0.07100389565906769,0.32117119326564225
S2023,20230103,20240606,0.2,0.23779678042605829,0.1439836224020407,0.020928649193982483,0.07218040584189113,0.30072821492955115
S2023,20230103,20240606,0.3,0.33198197863857387,0.18288439886015137,0.059829425652093156,0.07399563254068194,0.28486897908274605
S2023,20230103,20240606,0.45,0.47279785327339025,0.24414116947162978,0.12108619626357153,0.07576444552726033,0.261708773070376
S2023,20230103,20240606,0.6,0.6042465797788003,0.2812516333324825,0.15819666012442427,0.07692406861649306,0.23387114351270188
