win,arm,turnover,excess_B,excess_H01_same,diff
S2021,A_H01+band(0.20),0.25412712115295094,0.36816470743391233,0.36816470743391233,0.0
S2021,Bm_mapped,0.04000646242149477,0.29822781034172635,0.2215943758485819,0.07663343449314444
S2021,Bc_combo,0.03216767663294741,0.2961768420569684,0.21099529538695164,0.08518154667001679
S2022,A_H01+band(0.20),0.2429965876200026,0.27991752703223305,0.27991752703223305,0.0
S2022,Bm_mapped,0.05058760444999464,0.30728072079307434,0.2040926141564865,0.10318810663658784
S2022,Bc_combo,0.03976304167342684,0.29186427741511317,0.19163538335097519,0.10022889406413799
S2023,A_H01+band(0.20),0.23779678042605829,0.1439836224020407,0.1439836224020407,0.0
S2023,Bm_mapped,0.056620056620439896,0.23729235128660253,0.14152386126499134,0.0957684900216112
S2023,Bc_combo,0.047222512385138325,0.25040143549787,0.14496878297329713,0.10543265252457285
