scheme,year,quarter,days,ic_mean,annual_excess,mean_turnover,final_score
selected_joint,2021,1,58,0.0775502701924369,0.2659127097302398,0.026384094935935496,0.40287869251526603
selected_joint,2021,2,60,0.06431992117736979,0.2834931663109249,0.02041740858102091,0.40465069578991913
selected_joint,2021,3,64,0.06280437939680586,0.18061491497501797,0.02669715117832253,0.371297080897731
selected_joint,2021,4,61,0.061859702614438135,0.1939686765964929,0.019346588072064172,0.37713050760310385
selected_joint,2022,1,58,0.08100365797763762,0.2505832969703209,0.01913277808357464,0.4018366188570789
selected_joint,2022,2,59,0.09684832966509667,0.284608318822178,0.022497832752813775,0.41737247768684793
selected_joint,2022,3,65,0.06127212332297129,0.13723945370196225,0.014357711035089527,0.3613733721292503
selected_joint,2022,4,60,0.08704528116233273,0.11986115370095539,0.011756052724794132,0.3672496427577815
selected_joint,2023,1,59,0.07287752872855811,0.15676870006486088,0.012205304598306292,0.37252003013138957
selected_joint,2023,2,59,0.04876824201560375,0.21157144080023219,0.016881484310370374,0.3779142837532
selected_joint,2023,3,64,0.03247352643017476,0.0845705631244964,0.010769732264622077,0.33512965983003223
selected_joint,2023,4,60,0.04838541973033547,0.0952568150938953,0.010115824173703302,0.3448964651681918
selected_raw,2021,1,58,0.09297658384469351,0.6135752123659728,0.8507161843859936,0.26604834193187116
selected_raw,2021,2,60,0.0754337822044957,0.6401996814534034,0.8755302827142888,0.2595743325035327
selected_raw,2021,3,64,0.07789801835301927,0.5148663592288231,0.8686065428746321,0.22503715224746498
selected_raw,2021,4,61,0.07235970686439099,0.32714762990110646,0.8691876099500837,0.16633188873106322
selected_raw,2022,1,58,0.08724723054911751,0.42507541972949725,0.8605024138334846,0.2042707939884508
selected_raw,2022,2,59,0.10653880310927888,0.5210448598851589,0.8537065245078422,0.24281702185690657
selected_raw,2022,3,65,0.07114521889232986,0.35551039946048857,0.8695704712905075,0.17424006600792627
selected_raw,2022,4,60,0.10431421461695879,0.7798415011569552,0.8812610217864889,0.31129982965792335
selected_raw,2023,1,59,0.08616263432332952,0.37220749936189873,0.9007885438445673,0.17589074038453123
selected_raw,2023,2,59,0.05397062669261946,0.2434541984209093,0.8705418443545152,0.133461956896966
selected_raw,2023,3,64,0.04459645809706505,0.06400810093750771,0.8830067466838601,0.07213898951492029
selected_raw,2023,4,60,0.06235497280752042,0.26393779120877037,0.8818249222754453,0.1395758498030057
selected_model_band01,2021,1,58,0.08695223952645287,0.5440347137405805,0.16921228526825954,0.4472276243522774
selected_model_band01,2021,2,60,0.07085725912199528,0.38244526962301806,0.14525634151572395,0.39949958208098635
selected_model_band01,2021,3,64,0.07023275288864592,0.3055530435270209,0.1418074786892119,0.37721677060680103
selected_model_band01,2021,4,61,0.06605675721069533,0.17046983024115495,0.1366939098331532,0.33655547900667865
selected_model_band01,2022,1,58,0.08129803181324628,0.2726449769034742,0.1371296966384909,0.3731737968047935
selected_model_band01,2022,2,59,0.10012456906839795,0.28917662045785053,0.11641751584779796,0.3918775590103749
selected_model_band01,2022,3,65,0.06354954931242528,0.1286291628067123,0.13148838015394845,0.3245620545207992
selected_model_band01,2022,4,60,0.09703161138106434,0.4225065609282126,0.12688581493362125,0.42749886835080314
selected_model_band01,2023,1,59,0.0792930590805267,0.19807020777227663,0.13865307135332738,0.34954236455789545
selected_model_band01,2023,2,59,0.05004658184776607,0.15694268786823945,0.15813482116470245,0.3196609927501675
selected_model_band01,2023,3,64,0.04097899687440948,0.0529261597703507,0.11593786091195249,0.29748808840728325
selected_model_band01,2023,4,60,0.055960074211874745,0.1314419243136371,0.12830842860471459,0.3233240783974266
V1_band01,2021,1,58,0.08285650846489294,0.4278865560521709,0.13418529142785332,0.4212529827732524
V1_band01,2021,2,60,0.06354762835116098,0.27678607810886136,0.12137439583447433,0.37204255602278047
V1_band01,2021,3,64,0.07043387407321905,0.2788977783861734,0.1162848685017143,0.3769574225946254
V1_band01,2021,4,61,0.06518084734287806,0.20827492606170567,0.11403647120855795,0.35434387539309553
V1_band01,2022,1,58,0.07663398726779255,0.2103069522704285,0.1136408641663904,0.35965342133832845
V1_band01,2022,2,59,0.09881545001368679,0.2943550739173042,0.1063717606345604,0.3959211739902978
V1_band01,2022,3,65,0.06217230933066008,0.08786023542729166,0.10544155069889671,0.3195945291507825
V1_band01,2022,4,60,0.09497867371662996,0.35036008395207763,0.10517865554882792,0.4115458980076269
V1_band01,2023,1,59,0.08132621273950945,0.21407182702486144,0.1107024315005794,0.3635413037530884
V1_band01,2023,2,59,0.0468307397034101,0.11880030812994802,0.1271990143988817,0.3162126840006839
V1_band01,2023,3,64,0.04316686434067683,0.1052156208020769,0.10619068380790048,0.31697422683452364
V1_band01,2023,4,60,0.0546158842629967,0.13481383036410757,0.11058280876282973,0.32911566018558197
L1_band01,2021,1,58,0.0803336039815449,0.404779417263008,0.11117497802835238,0.4202147733630146
L1_band01,2021,2,60,0.05878092947271978,0.24057887437942913,0.1152771352447064,0.3611028935295047
L1_band01,2021,3,64,0.0695619051235372,0.2912868999394744,0.10859572076489914,0.38263211580178746
L1_band01,2021,4,61,0.06294289428776956,0.19638433046012782,0.10729153131812147,0.35190499745770976
L1_band01,2022,1,58,0.07740011144382594,0.21369643867504406,0.0979627929388467,0.3656801382983895
L1_band01,2022,2,59,0.10035039688935295,0.3092820595799336,0.09605154360034832,0.40410931354961677
L1_band01,2022,3,65,0.059295519067742684,0.06630658298081145,0.0990989057375438,0.3138805108000774
L1_band01,2022,4,60,0.08915128742912265,0.3526941001809386,0.10233632426502336,0.4107678477464236
L1_band01,2023,1,59,0.0830760982323979,0.19948986046283607,0.09435784617226975,0.36477004358012904
L1_band01,2023,2,59,0.04415250872309421,0.2204219036635801,0.11372827909938307,0.3496690908584968
L1_band01,2023,3,64,0.04357067290860478,0.10426856492271716,0.10394736121675563,0.31752463027523037
L1_band01,2023,4,60,0.05593488000256826,0.16825285398031894,0.09816001416541636,0.3434018039454981
selected_raw,2024,1,58,0.13305021929017236,0.7296408347892308,0.8511730861720332,0.3167604123012282
selected_raw,2024,2,59,0.08130218662898035,0.3037159368632495,0.8482217225401886,0.1691691389485104
selected_raw,2024,3,64,0.0636053936388902,0.27283094818643355,0.8796809922214404,0.14338714424505405
selected_raw,2024,4,61,0.11978746784410214,0.5203459170228668,0.8610989761125354,0.24568906941074029
selected_joint,2024,1,58,0.10899823395480372,0.1500730893580577,0.02593202331650401,0.38084161339438755
selected_joint,2024,2,59,0.06922995039804193,0.12847384055946348,0.019175274373417886,0.36048155001503046
selected_joint,2024,3,64,0.05634318950072311,0.390896262591997,0.018289703479909047,0.4343192435339156
selected_joint,2024,4,61,0.10494717401967753,0.12097875395357184,0.026383685751289236,0.3703573900685558
selected_model_band01,2024,1,58,0.11517878330972905,0.02285116088883627,0.11873485337340392,0.3173064055785213
selected_model_band01,2024,2,59,0.07502868309643188,0.17141309821066014,0.12608623087457965,0.34360953343939693
selected_model_band01,2024,3,64,0.0577743465552861,0.14601742256488245,0.13563375049877052,0.326224840241948
selected_model_band01,2024,4,61,0.11260642345259862,0.23959099201370276,0.07637748762524131,0.39400662069757786
V1_band01,2024,1,58,0.09837878549078466,0.0854932125398596,0.10787961688343733,0.3326355928932405
V1_band01,2024,2,59,0.0720156150292924,0.1250829806991861,0.10570457616596572,0.3346197673716831
V1_band01,2024,3,64,0.05924255632133483,0.2040973952747719,0.12220331479852543,0.3482652466714079
V1_band01,2024,4,61,0.1059413920116068,0.19738892082473525,0.07225344582128758,0.379917199305677
L1_band01,2024,1,58,0.09259547593671734,0.11297016819073478,0.10101265759459571,0.34062544355352864
L1_band01,2024,2,59,0.0703362204050703,0.09200665746705844,0.09487275167208715,0.32727465990051946
L1_band01,2024,3,64,0.058476317232934234,0.215798362689421,0.11315114971829802,0.3541846907845106
L1_band01,2024,4,61,0.10463044467789138,0.1923340973883655,0.07155243831349423,0.37808667559361786
