trial,state,objective,learning_rate,num_leaves,max_depth,min_data_in_leaf,feature_fraction,bagging_fraction,lambda_l1,lambda_l2,num_boost_round,error,wf2021_raw_ic_mean,wf2021_raw_ic_std,wf2021_raw_icir,wf2021_raw_ic_positive_ratio,wf2021_raw_annual_excess,wf2021_raw_top1_annual_ret,wf2021_raw_mean_turnover,wf2021_raw_final_score,wf2021_band_qstar_ic_mean,wf2021_band_qstar_ic_std,wf2021_band_qstar_icir,wf2021_band_qstar_ic_positive_ratio,wf2021_band_qstar_annual_excess,wf2021_band_qstar_top1_annual_ret,wf2021_band_qstar_mean_turnover,wf2021_band_qstar_final_score,wf2022_raw_ic_mean,wf2022_raw_ic_std,wf2022_raw_icir,wf2022_raw_ic_positive_ratio,wf2022_raw_annual_excess,wf2022_raw_top1_annual_ret,wf2022_raw_mean_turnover,wf2022_raw_final_score,wf2022_band_qstar_ic_mean,wf2022_band_qstar_ic_std,wf2022_band_qstar_icir,wf2022_band_qstar_ic_positive_ratio,wf2022_band_qstar_annual_excess,wf2022_band_qstar_top1_annual_ret,wf2022_band_qstar_mean_turnover,wf2022_band_qstar_final_score,wf2023_raw_ic_mean,wf2023_raw_ic_std,wf2023_raw_icir,wf2023_raw_ic_positive_ratio,wf2023_raw_annual_excess,wf2023_raw_top1_annual_ret,wf2023_raw_mean_turnover,wf2023_raw_final_score,wf2023_band_qstar_ic_mean,wf2023_band_qstar_ic_std,wf2023_band_qstar_icir,wf2023_band_qstar_ic_positive_ratio,wf2023_band_qstar_annual_excess,wf2023_band_qstar_top1_annual_ret,wf2023_band_qstar_mean_turnover,wf2023_band_qstar_final_score,mean_band_qstar,worst_band_qstar
0,COMPLETE,0.3772733719642721,0.04065467822968424,28,8,415,0.660945618691071,0.9204918282790925,2.086527798462595,0.011862211698474496,800,,0.07949828843038295,0.06366410271730644,1.248714503735119,0.8930041152263375,0.5222501877326923,0.6799568257347779,0.8662557951396305,0.22859763315007173,0.06646104149250961,0.05388104241652284,1.23347727719776,0.8765432098765432,0.2297282756123348,0.3874349136144204,0.02321362592569483,0.3885388115029958,0.09185711099303821,0.08535856204975446,1.076132361970857,0.8636363636363636,0.5177466409582051,0.3866184238934349,0.8664525496910525,0.23213107177736106,0.0810647458623008,0.07009208669836171,1.1565463332709647,0.871900826446281,0.1960246105267473,0.06489639346197723,0.016832177858706422,0.3861836281453326,0.06141873589505943,0.08038444455643338,0.7640624530526028,0.7892561983471075,0.23246622356079796,0.251889460880915,0.8839403796024691,0.12912524754552243,0.050241865079573844,0.06513006213480083,0.7714082166171956,0.7975206611570248,0.1357850961018282,0.15520833342194523,0.012448662059633358,0.357097676244488,0.3772733719642721,0.357097676244488
1,COMPLETE,0.37362699134954297,0.021789307659775742,123,12,5190,0.6061695553391381,0.5909124836035503,3.6680901970686763,0.0054183545125007036,200,,0.07691505217079286,0.06779939020861663,1.1344505007217267,0.8724279835390947,0.5231427028038423,0.6808493408059281,0.8667325477225647,0.22768906739270042,0.06580477262453042,0.05919720158935022,1.111619651905453,0.8518518518518519,0.20152242859487593,0.35922906659696147,0.02046016390209092,0.3806405884576477,0.08809538148816651,0.09059059397660171,0.9724561637262288,0.8388429752066116,0.44634055193300515,0.3152123348682351,0.8606268702387121,0.2109522571035545,0.07942744004042347,0.07563325720265068,1.0501655353491746,0.859504132231405,0.18685494503425348,0.05572672796948337,0.015214018235585196,0.3832632540557699,0.06211043650510479,0.08568814026008112,0.7248428582600445,0.7727272727272727,0.21685885740554345,0.23628209472566053,0.8869119577531855,0.12382824449774928,0.0522535693625025,0.06976022116038362,0.7490453512520824,0.8016528925619835,0.1309270869130734,0.15035032423319045,0.010674740945705202,0.3569771315352115,0.37362699134954297,0.3569771315352115
2,COMPLETE,0.3760583991000252,0.035690959437712715,30,6,257,0.9744427686266666,0.9828160165372797,16.16794696232922,0.005444835125036368,400,,0.07831373278669747,0.06817894430874312,1.1486498299542411,0.8600823045267489,0.5176227510155037,0.6753293890175894,0.8683913626642975,0.22609490962004083,0.0670137667846229,0.058984527489527705,1.1361244997091946,0.8806584362139918,0.22754730085402025,0.3852539388561059,0.02221248962064759,0.388405950083861,0.09086064455404302,0.08756893609937112,1.0375899103186152,0.871900826446281,0.47134944307989046,0.3402212260151203,0.8675085970867569,0.21749651161955727,0.08120936699155083,0.07397057380605203,1.0978604438635104,0.859504132231405,0.18808942781966645,0.05696121075489635,0.015853528678165387,0.3841545165390706,0.06120156044250064,0.08594527379725622,0.7120991968316295,0.7727272727272727,0.2152187539152672,0.23464199123538418,0.8879485361217213,0.12266168951506401,0.05085721770728505,0.07009268938185247,0.7255709283777657,0.7768595041322314,0.12862291001749887,0.1480461473376159,0.011050098036731945,0.3556147306771441,0.3760583991000252,0.3556147306771441
3,COMPLETE,0.3776801745003761,0.012888771013236352,71,11,7892,0.9474136752138245,0.7989499894055425,18.437484700462335,0.0003193861761267905,800,,0.07814026301101211,0.06481475319195892,1.2055937755342157,0.8806584362139918,0.5318490514952546,0.6895556894973403,0.8664986012833897,0.23086124026796428,0.06787621328458289,0.055759362689357106,1.2173061170503399,0.8765432098765432,0.2368682966281491,0.3945749346302347,0.020746286500463278,0.39198708835213886,0.09096169228614685,0.08613561419832419,1.0560288346781947,0.8677685950413223,0.4725690838158263,0.3414408667510561,0.8704833509209101,0.2170103967829336,0.0809919956983684,0.07229702950924172,1.1202672675232834,0.8677685950413223,0.19176205664223916,0.060633839577469005,0.015713239665987328,0.3852114433722229,0.06070311238483027,0.08347743656074437,0.7271798810048292,0.768595041322314,0.22859055274682635,0.24801379006694338,0.886805633244438,0.12681672080464862,0.051361746314213384,0.06830094384558752,0.7519917503677591,0.8181818181818182,0.12850896293717656,0.1479322002572936,0.010851318766906128,0.3558419917767665,0.3776801745003761,0.3558419917767665
4,COMPLETE,0.37838413324818315,0.022439365289703053,45,10,204,0.9077307142274171,0.8534286719238086,14.580143360819747,2.485687744115333,400,,0.07835299517814065,0.06866726122975544,1.141053156554147,0.8683127572016461,0.529762170417353,0.6874688084194387,0.8668805507980702,0.23020568395704105,0.06838663623228504,0.059689064213324726,1.1457146653845296,0.8765432098765432,0.24470696233593806,0.4024136003380238,0.0215002709157591,0.3943166619189677,0.09033316757117331,0.08873331734235451,1.0180298705912931,0.8512396694214877,0.46795377183686526,0.33682555477209525,0.8700740954165754,0.21549716995455628,0.08176994402861826,0.07434358664040439,1.0998923743635713,0.8553719008264463,0.19782800194966457,0.06669978488489456,0.015444673549608906,0.387422976131464,0.06120515010193061,0.08555525832565358,0.715387356659741,0.7644628099173554,0.21002355783617052,0.2294467951562876,0.886726249871501,0.12147125243017312,0.05120073300050836,0.07027513000984585,0.7285754290790343,0.7892561983471075,0.1202202385963254,0.1396434759164425,0.01044534361661057,0.3534127616941178,0.37838413324818315,0.3534127616941178
5,COMPLETE,0.37503388768421425,0.06018109169460246,86,9,3920,0.7806385987847482,0.8854835899772805,9.875911927287815,0.09528811042709544,200,,0.07872659062020042,0.06280327107190195,1.253542837443423,0.8847736625514403,0.5155418976865518,0.6732485356886376,0.8706284467335919,0.22496467153396812,0.06766139081306813,0.05364923733698462,1.2611808512406164,0.8806584362139918,0.2255852667745886,0.38329190477667435,0.021262010163312896,0.38836153330860995,0.0907756660840965,0.08421012158190368,1.0779662156859269,0.8677685950413223,0.49590740539968003,0.3647791883349099,0.8717854230042975,0.22354686115225336,0.07998964197961092,0.06966187212583926,1.1482557034228893,0.8760330578512396,0.1823251225534183,0.051196905488648234,0.01579970251345539,0.38195348280383323,0.06060445910122302,0.08232188500230034,0.7361889137928455,0.7768595041322314,0.21177559760358922,0.23119883492370627,0.8871821752476244,0.12161981034727865,0.05039205621879928,0.06686565134130489,0.7536314267183489,0.7975206611570248,0.12701440071283268,0.14643763803294974,0.011581652537233497,0.35478664694019946,0.37503388768421425,0.35478664694019946
6,COMPLETE,0.37276204161099286,0.010675380978520235,87,5,7595,0.9040601897822085,0.8167018782552118,17.429211803754356,3.8027962727425284,400,,0.06839738013437094,0.07266083009950633,0.9413239573605648,0.8477366255144033,0.43707241982243417,0.5947790578245198,0.8608565929754848,0.2002237001078332,0.05770938212898921,0.06425296008776293,0.8981591206096051,0.823045267489712,0.19661063728055553,0.3543172752826412,0.02118628745399168,0.3757110577995648,0.08247658437675098,0.0913912532066045,0.902455995327031,0.8181818181818182,0.3986145202739383,0.2674863032091683,0.8387730664812119,0.20094306988851832,0.07439328879812783,0.07787138361386232,0.9553353921001175,0.8388429752066116,0.19312518507191612,0.06199696800714604,0.016795795157601,0.38265613249354563,0.054977661140080354,0.08556247617544768,0.6425440636774874,0.743801652892562,0.2116329388824712,0.2310561762025882,0.8825881422201426,0.12070450345473072,0.04743305298651972,0.07135845386967335,0.6647152567676121,0.743801652892562,0.14804952516073625,0.16747276248085324,0.011563814009868502,0.3599189345398682,0.37276204161099286,0.3599189345398682
7,COMPLETE,0.3766222933762577,0.05360324965134742,117,8,319,0.668807585701814,0.9714548519562596,6.464058640415105,0.09048408350015176,800,,0.07978204076640273,0.058002272975012474,1.3754985222867566,0.9094650205761317,0.56487994849316,0.7225865864952457,0.8671901353903466,0.2412197602374051,0.06689370358197279,0.04952625677235363,1.3506715011685266,0.9176954732510288,0.25654856497256845,0.4142552029746542,0.02189389896507405,0.3971538812350374,0.08913240123237987,0.07828959345170307,1.1384961564191254,0.859504132231405,0.5289716937024151,0.3978434766376452,0.8711416141967121,0.23300198434466285,0.07609050025966303,0.06659063152302593,1.1426607394968498,0.8677685950413223,0.1663826409934888,0.03525442392871874,0.016246601983409468,0.375477011806889,0.060943446618861384,0.07521726016425137,0.8102322058232331,0.78099173553719,0.2724512873272371,0.2918745246473542,0.8774282177964569,0.1428842995067786,0.04955220922539894,0.06304184429916664,0.7860209322279295,0.7727272727272727,0.1367745433197518,0.15619778063986875,0.012057531997461814,0.35723598708684656,0.3766222933762577,0.35723598708684656
8,COMPLETE,0.37642669592060596,0.07399059420398583,43,11,352,0.7447263801387816,0.9928252270553004,4.841105430230009,0.6768311271839398,200,,0.07853948554209876,0.06468504541707368,1.2141830470349826,0.8806584362139918,0.526781129265439,0.6844877672675247,0.868322210145897,0.22895346995270208,0.0671081347277128,0.05536544107390241,1.2120942852805257,0.8559670781893004,0.2187247426072533,0.376431380609339,0.0227800390939444,0.3856266649450778,0.09080122710716251,0.08556150449000519,1.0612392529606514,0.8553719008264463,0.4741217004328643,0.34299348336809415,0.8712725995233177,0.21717522111572896,0.08043161277252171,0.07134243730394875,1.1274020879024536,0.8677685950413223,0.20361460018036004,0.0724863831155899,0.015959589235902353,0.388469148392346,0.061543599723159384,0.08066766088511568,0.7629277835489469,0.7851239669421488,0.22865532333858166,0.24807856065869877,0.8851035183588573,0.12768298138318107,0.051308540918170775,0.06605922099592099,0.7767052070041662,0.8016528925619835,0.12705995762588013,0.14648319494599712,0.01152376410212721,0.35518427442439415,0.37642669592060596,0.35518427442439415
9,COMPLETE,0.3757903351800968,0.02148529220384493,87,6,1481,0.613247887598969,0.822586395204725,3.487328580099829,0.8662304463977508,400,,0.07684099256308509,0.07078531727479745,1.085549878441298,0.8600823045267489,0.4873467063753432,0.645053344377429,0.8675828406726008,0.21666555673605675,0.06602561365366165,0.06201543336819258,1.064664230622403,0.8559670781893004,0.2288181659786316,0.38652480398071726,0.021980887558020686,0.38846142898764796,0.08919669249622685,0.09072078941214468,0.983200136090154,0.8471074380165289,0.4535061288075662,0.3223779117427961,0.8569431860594764,0.21464755982291767,0.0797873519271828,0.07579017959563183,1.0527399770376231,0.859504132231405,0.1794010890550683,0.04827287199029816,0.01574551528378322,0.3810116129022586,0.062477430830706567,0.08776477997860721,0.7118736108714171,0.7603305785123967,0.2223766640487631,0.24179990136888008,0.8872104155790006,0.12554084687321138,0.05223528006865597,0.07269456978368624,0.7185582117631344,0.7768595041322314,0.135035973490996,0.15445921081111302,0.01168980141459123,0.3578979636503838,0.3757903351800968,0.3578979636503838
10,COMPLETE,0.3786976754204135,0.03490812755596757,24,10,5594,0.686965052256594,0.7063641720333834,16.650288234880254,16.676842320251367,400,,0.07727223246068432,0.06697998232550176,1.153661583324484,0.8600823045267489,0.5117630158423062,0.6694696538443917,0.8638912937662141,0.22527040960710135,0.06731805529231936,0.058284854176583814,1.1549836787507084,0.8765432098765432,0.24053344952007435,0.3982400875221601,0.02122377643651164,0.3927201240419966,0.08925909380937487,0.08796746419009445,1.0146830379978813,0.8512396694214877,0.4702517058551779,0.3391234887904079,0.8661835832996482,0.21692407429040886,0.08051060286719006,0.07347595309443873,1.0957408441331775,0.8553719008264463,0.1883622343157652,0.05723401725099511,0.015655904300732718,0.38401614015138574,0.06142492484150096,0.08464469365667122,0.7256795693614019,0.7644628099173554,0.20678911399415867,0.2262123513142757,0.8833507208995394,0.12160148786498616,0.052672346547405303,0.06961048419828711,0.7566726069217803,0.7933884297520661,0.13833892041055568,0.15776215773067276,0.010712842247568381,0.35935676206785827,0.3786976754204135,0.35935676206785827
11,COMPLETE,0.37503227119474586,0.012236220256100154,68,10,304,0.8483714991078112,0.97988537297271,12.759435104221216,3.4180246649795722,400,,0.0773985352125523,0.07052319466345265,1.097490486384087,0.8641975308641975,0.5384367281034763,0.6961433661055618,0.8694786711017063,0.23164683118555193,0.06787272095287811,0.06157991057809291,1.1021893392781879,0.8724279835390947,0.22909603413696064,0.3868026721390463,0.020154976453286063,0.38983140568625363,0.08911039656458858,0.0903769788543354,0.9859855650653223,0.8429752066115702,0.4434620429433939,0.31233382587862385,0.8640401037186182,0.20947074039326813,0.08112372214910701,0.07651027003775439,1.0602984685464591,0.8636363636363636,0.18756961943995917,0.056441402375189055,0.015641736326318746,0.38402785379373494,0.060711632329089535,0.08744522089684974,0.6942818796318772,0.7479338842975206,0.2109214273300584,0.23034466465017547,0.8896673055067318,0.12066088947863379,0.0513389974373816,0.07262052356196397,0.706948875045995,0.7768595041322314,0.11294604201451115,0.13236927933462814,0.010606191583522771,0.3512375541042491,0.37503227119474586,0.3512375541042491
12,COMPLETE,0.37661228708495226,0.02137158848070197,40,10,8292,0.8182054849224372,0.9048526554513885,9.984635613256629,5.033922500726976,400,,0.07725296029120077,0.06737561214684962,1.146601237890393,0.8559670781893004,0.5064541533711481,0.6641607913732339,0.8684835931649626,0.22229235217833593,0.0666367947480433,0.05868945234707165,1.1354134701065783,0.8600823045267489,0.22918832550731663,0.3868949635094023,0.021665305264788784,0.38891162397197565,0.08968574770099441,0.08790471528289623,1.0202609429126348,0.8553719008264463,0.47048680709254515,0.339358590027775,0.8660781656976843,0.21719689149885604,0.08098993028553483,0.07292037625740096,1.1106625396398015,0.8429752066115702,0.2026654643732678,0.07153724730849766,0.016285990763623345,0.38830981419710725,0.060770615353635205,0.08486331400238827,0.7160999551811631,0.7644628099173554,0.20873297762669338,0.22815621494681043,0.8878056768104932,0.12058643638631414,0.050634679374203975,0.0706384085004193,0.7168151215341072,0.78099173553719,0.11856625178422779,0.13798948910434475,0.010694413997253405,0.3526154230857739,0.37661228708495226,0.3526154230857739
13,COMPLETE,0.3766997492496287,0.022654544644670073,64,10,1333,0.8236001474578711,0.6918283238082731,11.625703390873074,11.214834959696777,400,,0.07936776581958897,0.06655641384953011,1.1924886157331525,0.8806584362139918,0.5445716338611464,0.7022782718632319,0.8687946272869346,0.2344802083000991,0.06888325548834812,0.05643671269324675,1.2205398259596139,0.8724279835390947,0.24019295602823237,0.39789959403031794,0.02147219696134148,0.3931695299154065,0.09209187838231508,0.08757486954222289,1.051578824652595,0.8636363636363636,0.483633997974884,0.352505780910114,0.8691775927560518,0.2211736729185757,0.08210082998656758,0.07351305360741626,1.116819747755451,0.871900826446281,0.1769810380154042,0.04585282095063418,0.015585936703192691,0.38125886238829054,0.061238207871813666,0.08461398800552776,0.7237362203967154,0.7727272727272727,0.21664169165703115,0.23606492897714815,0.8876133633069666,0.12320378165374482,0.05170297130660984,0.06915415681134328,0.7476480618172914,0.8099173553719008,0.12716387565193388,0.1465871129720509,0.010531652576783467,0.35567085544518906,0.3766997492496287,0.35567085544518906
14,COMPLETE,0.37621571851311497,0.01987296497772551,70,10,2215,0.9162681363455262,0.729438697088042,16.880581706972766,47.47889134413627,400,,0.07909743635681504,0.06808314333613942,1.16177709313884,0.8847736625514403,0.5264584142854054,0.6841650522874909,0.8690489040534874,0.2288618276123014,0.06927774413301191,0.0585884266144208,1.182447594794431,0.8724279835390947,0.22705269343922463,0.38475933144131036,0.02065573329387917,0.3896301856968084,0.09061557169684291,0.0886143637813774,1.022583335591087,0.8512396694214877,0.48421468234168674,0.3530864652769167,0.8705742385256985,0.22033836182353364,0.08201634866533525,0.0751843668239772,1.0908697130794915,0.8636363636363636,0.18711887007615993,0.05599065301138989,0.015765640101209188,0.3842125084586193,0.060918503599848225,0.0855582502577833,0.7120120317596891,0.7603305785123967,0.22070850790808383,0.24013174522820085,0.8877225683693932,0.12426318330154645,0.05160012136160347,0.06994562946736224,0.7377175922861758,0.8099173553719008,0.12478870014282524,0.14421193746294225,0.010907324011905386,0.3548044613839173,0.37621571851311497,0.3548044613839173
15,COMPLETE,0.37466744270442115,0.021955677345945387,64,10,239,0.9038624323089828,0.8838881844920972,13.302839149492003,0.043498869095465624,400,,0.07898934078481323,0.06700852718767804,1.1787953578442223,0.8806584362139918,0.5346613473410826,0.6923679853431683,0.8686960003327662,0.23138534041642023,0.06820072476717738,0.057666211773059126,1.1826808571295788,0.8683127572016461,0.22557979418065838,0.38328643218274405,0.02120410995340928,0.3885929951750457,0.09146706397202893,0.08793310704340945,1.0401891511336554,0.859504132231405,0.48514809874659354,0.3540198816818235,0.870618981579438,0.22094556073895824,0.08195110117675133,0.07408466386821347,1.1061817236902254,0.859504132231405,0.17978702484711775,0.04865880778234768,0.015253811928130249,0.3821404043463968,0.06148288889847025,0.08452269038160146,0.7274128239516331,0.768595041322314,0.24108636517400395,0.260509602494121,0.8879313035306455,0.1305396740523956,0.0515074981936735,0.0688197135213423,0.7484410433894069,0.7933884297520661,0.11988351578050589,0.13930675310062288,0.010997084732667584,0.3532689285918209,0.37466744270442115,0.3532689285918209
16,COMPLETE,0.37592823243654006,0.03536314650483453,28,-1,829,0.6030392546992903,0.7542413026994592,15.505213349858952,1.3854817321166837,400,,0.07735766451769405,0.06708275100522079,1.1531677422065412,0.8724279835390947,0.5117325609869565,0.6694391989890421,0.8635125850987659,0.2254090585735348,0.06721581391838395,0.05846597516145199,1.149656936923904,0.8683127572016461,0.21287812629066208,0.37058476429274767,0.02129483112953992,0.38436131411569024,0.09080739363813961,0.08833498835878421,1.0279889693233828,0.859504132231405,0.493726254064614,0.362598036999844,0.8672261706168288,0.22427298248959138,0.08221631580612257,0.07406485951088589,1.1100583508706798,0.871900826446281,0.20468333742334502,0.07355512035857482,0.01579787607846055,0.38955216472591436,0.061234978287935574,0.0842193069878863,0.7270895531916847,0.7768595041322314,0.19247565264085248,0.21189888996096953,0.8850855547266061,0.11671102068944814,0.0518860662419368,0.06938999411555515,0.7477456498343398,0.7727272727272727,0.12092450380027779,0.1403477411203948,0.010535197229475416,0.35387121846801545,0.37592823243654006,0.35387121846801545
17,COMPLETE,0.3782248190266397,0.04519809903921843,31,12,4399,0.7676534931371402,0.7130485480783153,17.56114073665624,8.199062723999877,400,,0.07726114664885125,0.06298037856926098,1.2267494798222813,0.8888888888888888,0.5164883194203058,0.6741949574223917,0.8632377178203368,0.22687963913953121,0.06737298281169887,0.05539250169566069,1.2162834453995548,0.8641975308641975,0.25015452952634565,0.40786116752843127,0.021678279445156844,0.3954920681490362,0.0905422344780751,0.08458353448527228,1.0704475171091408,0.859504132231405,0.49184318860085546,0.3607149715360852,0.8683543096010099,0.2232635574911837,0.08065544267428425,0.07119110060139837,1.132942769432335,0.8636363636363636,0.18824513475639276,0.057116917691622644,0.015608652953416301,0.3840531216106067,0.061649979985394926,0.08139652878817083,0.7574030600965183,0.7768595041322314,0.22470522087518047,0.24412845819529755,0.8847573699485598,0.12664434727214416,0.0525015026046001,0.06621882282738151,0.7928486246495265,0.8140495867768595,0.12443752088161168,0.14386075820172875,0.010675299953491011,0.3551292673202762,0.3782248190266397,0.3551292673202762
18,COMPLETE,0.37453812469877024,0.03721842452673977,36,10,5089,0.6877784300086682,0.6355072874950068,15.47478341107431,0.4103962842952115,400,,0.07791298483400358,0.06327717522077851,1.2312968232567225,0.8888888888888888,0.5370117925417099,0.6947184305437957,0.8640112739845259,0.23306534950075664,0.06707769488494573,0.055237244558384656,1.2143562811871609,0.8641975308641975,0.21888565855662406,0.37659229655870957,0.02083109210962685,0.38624744788807747,0.09039642169934858,0.08559399349793792,1.0561070701944333,0.8636363636363636,0.4767897447648143,0.34566152770004416,0.8677049921399561,0.21888399446719686,0.08091602854397001,0.07185769576081041,1.1260593272196158,0.8636363636363636,0.18608700077202814,0.05495878370725805,0.01574230276810696,0.38346982081876435,0.06166308229142933,0.08317843528715586,0.7413349635461481,0.78099173553719,0.21651309779520805,0.23593633511532514,0.88373088794847,0.12449989587059314,0.052610347900355674,0.06781901243198261,0.7757462990650286,0.7975206611570248,0.12008067877098212,0.13950391609109916,0.010570791339893632,0.35389710538946884,0.37453812469877024,0.35389710538946884
19,COMPLETE,0.3771839333756349,0.026078445169198602,28,10,2170,0.9080452203874342,0.8775613504110915,17.076767435339985,11.073393463426655,400,,0.07725356950062161,0.0697533658849577,1.1075246121890918,0.8600823045267489,0.5205036414878905,0.6782102794899759,0.8642883095301322,0.22776602738757612,0.06775543410988981,0.06105926110937608,1.1096667872956865,0.8724279835390947,0.23915381463118235,0.3968604526332681,0.02159695146944715,0.39236923259247647,0.08882449670520205,0.08931067414356496,0.9945563344692552,0.8553719008264463,0.46418651477440787,0.3330582977096378,0.8664659887381889,0.21484595649294652,0.08092638974058941,0.07531563527996772,1.0744965429789586,0.8471074380165289,0.20021833898793667,0.06909012192316653,0.016101805130674118,0.38760551605341453,0.06117557164942145,0.08520092476251499,0.7180153480720934,0.7644628099173554,0.2015525307068618,0.22097576802697882,0.8855684167795774,0.11926546283795389,0.051632170515690134,0.07064347619104366,0.7308837744062795,0.7851239669421488,0.113383017269757,0.13280625458987408,0.010302406353965067,0.3515770514810136,0.3771839333756349,0.3515770514810136
20,COMPLETE,0.37477376888636993,0.033977362000294914,45,10,258,0.5336593585323635,0.7114492862708399,17.30953207545494,0.07233328316155004,400,,0.07845044608368726,0.06463526450766943,1.213740621025517,0.8847736625514403,0.5525426771381012,0.710249315140187,0.8642642168949354,0.23786371650642463,0.06821506474727004,0.05623795025890959,1.212972102169797,0.8888888888888888,0.23078661517788274,0.3884932531799684,0.020904815701723912,0.39025056574175565,0.09075965814126591,0.08674843118728369,1.046239763637019,0.8636363636363636,0.49348021330706926,0.3623519962422992,0.8704301424941429,0.2232188845003843,0.08070667367449613,0.07223477436800262,1.117282837533805,0.8636363636363636,0.1672284756456001,0.036100258580830026,0.01539167139872222,0.37783371074386185,0.061979628875995604,0.08273655435930806,0.7491202571336324,0.7851239669421488,0.2228514835551642,0.24227472087528124,0.8864506483997268,0.1257121020970295,0.05315867144709522,0.06813208723954664,0.7802296040071962,0.7975206611570248,0.12718286980242927,0.1466061071225463,0.01060433115358189,0.35623703017349234,0.37477376888636993,0.35623703017349234
21,COMPLETE,0.37659840579242854,0.02936258042635452,47,7,9106,0.5927583302938981,0.698288665489208,13.554098941151985,8.179974782799425,400,,0.07722962310355797,0.06867887763648929,1.1245032790478457,0.8518518518518519,0.5060634543504893,0.663770092352575,0.8648717145014354,0.22324937119613936,0.06532848284355382,0.058981014450727905,1.107618840603844,0.8559670781893004,0.2223662740748791,0.38007291207696475,0.020849350292203847,0.38658647027222415,0.09067978578553142,0.08890951006245774,1.0199109827714727,0.8553719008264463,0.4564014915652319,0.3252732745004617,0.8620358656800777,0.21458160207975882,0.08071439901337751,0.0750042206152393,1.0761314276889908,0.8471074380165289,0.18574459292461523,0.05461637585984508,0.0160192737844453,0.38320335534740196,0.062160184610442586,0.08533559952520976,0.728420318791799,0.7644628099173554,0.20245255666491213,0.2218757939850292,0.8860471768304863,0.1197856877945048,0.0529191723543391,0.06985846027356928,0.7575198787248522,0.7892561983471075,0.1399392634375881,0.15936250075770517,0.010480187384508633,0.3600053917576595,0.37659840579242854,0.3600053917576595
22,COMPLETE,0.378005642703312,0.02630621305147289,18,10,2855,0.6654367244525687,0.7076853826638021,14.814716651283437,43.55693082975096,200,,0.07284022863037959,0.07347980661787704,0.9912958673010193,0.8436213991769548,0.4759934265703123,0.6337000645723979,0.857966224239983,0.21454425215125061,0.0635204592154973,0.0655400179449847,0.9691858685302369,0.8477366255144033,0.20174933181476165,0.3594559698168472,0.020479050796058492,0.37978926799180984,0.0841697187789876,0.093974804735085,0.8956626088903517,0.8181818181818182,0.39991769896219265,0.26878948189742247,0.8453380198299258,0.20004179125127508,0.07746111816589242,0.07846678251070072,0.9871835659290458,0.8512396694214877,0.20336037782530927,0.07223216076053932,0.01612250410181248,0.387155809383406,0.05849962400035517,0.0871601947210126,0.6711736267639621,0.731404958677686,0.20371976947346318,0.2231430067935802,0.8831503468660521,0.1195706763823654,0.051195084357787995,0.0724139449986512,0.7069782534115711,0.7727272727272727,0.16654249043603528,0.18596572775615228,0.01122976713068595,0.36707185073472004,0.378005642703312,0.36707185073472004
23,COMPLETE,0.3770940345413325,0.05529896063169657,41,10,5706,0.7512979485780567,0.7099864114043962,17.21696756671351,7.041632305757673,400,,0.07754319462321672,0.05965784302482536,1.2997988309927455,0.897119341563786,0.5322455147526169,0.6899521527547025,0.8626483457882638,0.23189642853859266,0.06661221212957386,0.05243472595467889,1.270383527648243,0.8806584362139918,0.22553279683256022,0.38323943483464595,0.020543374567074744,0.38814171153147514,0.09031667223448721,0.0813009622997976,1.110893028565199,0.8512396694214877,0.49722375251798767,0.3660955354532176,0.8711128947927725,0.2239599262113594,0.08017921389426819,0.06787952091572079,1.1811988772551694,0.8636363636363636,0.18985839466951812,0.05873017760474796,0.015992058935793474,0.3842315862778246,0.0613141781816406,0.07934666378046214,0.7727379483942242,0.7851239669421488,0.24607133136624038,0.26549456868635735,0.8847802538738262,0.1329129945203805,0.05191489997121342,0.06437245686291337,0.8064769080007405,0.8181818181818182,0.13801442618471307,0.15743766350483018,0.010871606764005216,0.3589088058146977,0.3770940345413325,0.3589088058146977
24,COMPLETE,0.37784868521767573,0.05909172673076561,24,12,3832,0.6419436904364919,0.7705048345341726,19.033782155590924,1.9329266839126766,400,,0.0768922037667556,0.06324788197629665,1.2157277265912623,0.8806584362139918,0.5204718309797076,0.6781784689817932,0.8633608294095062,0.22789018197776267,0.06708512468011064,0.055024090199272895,1.2191955275799748,0.8559670781893004,0.22977770193831706,0.3874843399404027,0.021450807537347804,0.38933211819233504,0.09076429587441623,0.0846557334758412,1.0721576926661238,0.859504132231405,0.4851395245651761,0.35401130750040616,0.8698165035475738,0.22090262465504718,0.08151510864307336,0.07108418833050875,1.1467403730357817,0.8842975206611571,0.20222926202362235,0.07110104495885222,0.01622914231044459,0.38840607937118266,0.06147993344307385,0.08167574451293406,0.7527318399079664,0.7727272727272727,0.2266329042228004,0.24605614154291744,0.8852855575596361,0.12699617737617883,0.052852450865765684,0.06629005491318826,0.7972907992756966,0.8223140495867769,0.12701280118795477,0.14643603850807174,0.011456542043943873,0.35580785808950954,0.37784868521767573,0.35580785808950954
25,COMPLETE,0.37487521602834134,0.02983938475198554,40,10,274,0.9098490130727541,0.790558751085213,18.677894832084437,17.705496195061706,400,,0.07892772968408648,0.0667434799753058,1.182553407663021,0.8847736625514403,0.5354041464775959,0.6931107844796817,0.8642793670125128,0.23290852571315954,0.06875614994176839,0.058216996193410926,1.1810322489560239,0.8724279835390947,0.22071331363206667,0.3784199516341523,0.02112080693457167,0.38738021198595585,0.09087785246636469,0.08728508803157199,1.0411612626602742,0.8553719008264463,0.4787024192748193,0.34757420221004937,0.8717440187953288,0.21843866113039304,0.08138004478271241,0.0737055767227713,1.1041233024850627,0.871900826446281,0.18510745952464314,0.053979242459873095,0.015264359016073797,0.38350494806565577,0.061164955135086636,0.08369645201269674,0.7307950774999151,0.78099173553719,0.21354573758476486,0.23296897490488183,0.8870870604601409,0.12240358519142186,0.05147727246558214,0.06859789976821967,0.7504205323998965,0.8016528925619835,0.1208356999153267,0.14025893723544372,0.010337103091394422,0.3537404880334125,0.37487521602834134,0.3537404880334125
26,COMPLETE,0.3764025282942427,0.03763971341922876,28,12,2125,0.7377581212152733,0.6262964815253965,18.443546808677667,0.9205750936720882,400,,0.07682155929428211,0.06569937091740784,1.169289115277165,0.8724279835390947,0.517124433553384,0.6748310715554696,0.8646339754103162,0.22647576116063317,0.06666320247084462,0.05764319373008257,1.1564800309816061,0.8683127572016461,0.21908467519792174,0.37679131320000736,0.021468870892221614,0.38595002228004793,0.09060951794043258,0.08730337631033731,1.037869573547109,0.8553719008264463,0.4869020930441962,0.3557738759794261,0.8673432775630447,0.22211145182051845,0.08239821475975372,0.07324637901592682,1.1249459135971338,0.859504132231405,0.2097377950301015,0.07860957796533148,0.01620673596425533,0.3910186036236553,0.06155641822530393,0.08367614583009222,0.7356507355190177,0.768595041322314,0.19925788851561838,0.21868112583573535,0.884311104063608,0.11910660262572467,0.05158670201996761,0.0684812243477245,0.7532970169754528,0.7933884297520661,0.11641247974271998,0.13583571706283704,0.011064885839260298,0.3522389589790249,0.3764025282942427,0.3522389589790249
27,COMPLETE,0.3781995794886946,0.06350652027583234,16,10,8435,0.6363298896042119,0.716440099050382,16.551965799101417,36.909246737030564,400,,0.07626705712126494,0.06485550318721514,1.1759535177933726,0.8724279835390947,0.49268748009432217,0.6503941180964078,0.8628626114210958,0.21945428345047388,0.06552632971485454,0.055978807119140536,1.1705560208775774,0.8600823045267489,0.25700796626270556,0.41471460426479123,0.022223474340888474,0.3966458794624869,0.09060310732479399,0.08539694176758857,1.0609643091362009,0.8512396694214877,0.47843280908023833,0.3473045920154683,0.8661803442648216,0.2199169823745426,0.08158362784608271,0.0719475481097697,1.1339320100472547,0.859504132231405,0.18257828995425068,0.051450072889480676,0.01612022199860786,0.3825708715251259,0.06098927287304008,0.08266037580540042,0.7378296103639961,0.78099173553719,0.21137860388798396,0.230801841208101,0.8837496195544589,0.12268440444927356,0.052222329955179406,0.06751827355281721,0.7734547583526064,0.8016528925619835,0.126325571326688,0.14574880864680503,0.011348719672024162,0.35538198747847094,0.3781995794886946,0.35538198747847094
28,COMPLETE,0.3756514279253584,0.027021395518668067,63,10,6527,0.7356662271303601,0.8693186472566935,18.657781781250815,8.1881004696594,400,,0.07886155314332445,0.06472343269611706,1.2184389773266084,0.8847736625514403,0.5285237535049087,0.6862303915069942,0.8677728774801503,0.2297698840647573,0.06825800869595632,0.05645900771043062,1.2089834990731845,0.8641975308641975,0.2175024152114898,0.37520905321357545,0.021327796945263343,0.3861555889582504,0.0904820430558923,0.08589091648149173,1.0534529931973644,0.8553719008264463,0.47269715891598996,0.3415689418512199,0.8686779102677709,0.21739859181682267,0.08106518547485689,0.07188576084519721,1.1276946160370642,0.8636363636363636,0.18607837409651554,0.05495015703174539,0.01564247181090747,0.38355684487562514,0.06142709052491278,0.08393976630849087,0.7317996371250222,0.7727272727272727,0.2317380985872221,0.25116133590733913,0.8869115214846492,0.12801880934073695,0.051870005634301504,0.06827918554933642,0.7596752248431823,0.8181818181818182,0.13301191738989887,0.15243515471001592,0.01136575842830199,0.35724184994219965,0.3756514279253584,0.35724184994219965
29,COMPLETE,0.37654343646610994,0.03188632390643374,36,10,4183,0.6812172176582538,0.7755295469946103,11.770722828672692,3.5404906340886577,400,,0.07787996537953307,0.06539579349417547,1.1909017571056693,0.8806584362139918,0.5311830605065002,0.6888896985085861,0.8659134670525515,0.23073286418799782,0.06835623198978379,0.05676738032824842,1.2041463177360776,0.8765432098765432,0.23818772609628835,0.3958943640983741,0.022034946856397664,0.3921883265678807,0.09071573288030031,0.08685972815532361,1.0443934698722674,0.8677685950413223,0.46808800477809814,0.336959787713328,0.8656278068488141,0.21702435253090532,0.08094880524446879,0.0722573832681221,1.1202842060318714,0.871900826446281,0.2055763305298231,0.074448113465053,0.01560400638799694,0.38937121934033536,0.06108091805595695,0.08376248747100364,0.7292156656295762,0.7851239669421488,0.20577381882336063,0.22519705614347763,0.883405945274205,0.12114272928712946,0.05075735935852479,0.06816553206272577,0.7446191326111558,0.7892561983471075,0.10335979605373864,0.12278303337385568,0.010800396898059058,0.3480707634901138,0.37654343646610994,0.3480707634901138
30,COMPLETE,0.37672838210261533,0.07100062987702316,45,12,2497,0.7597181566312573,0.680547229438017,18.49630980328913,42.87229602500051,400,,0.07667275069606157,0.05900387709136836,1.2994527559152207,0.9094650205761317,0.5264493139553437,0.6841559519574295,0.8634857897403048,0.22955815754293626,0.06670594867561155,0.051760931470497026,1.2887316124446673,0.9012345679012346,0.24471620749256298,0.4024228454946487,0.020869752039196412,0.3938363161062546,0.08888686512918008,0.08044253125916315,1.1049734976987693,0.8636363636363636,0.49733164719539025,0.3662034301306203,0.8726234501975937,0.22296720515101098,0.0788932495418063,0.06642895924486908,1.187633382166829,0.8925619834710744,0.19218780637437066,0.061059589309600565,0.015386318042036894,0.38459774631642263,0.060027515002163266,0.0784498358232092,0.7651706899353926,0.7768595041322314,0.21788624351918762,0.2373094808393046,0.8829630746614218,0.12448795665819506,0.050895116820181316,0.06316665675576713,0.805727569482844,0.7933884297520661,0.1156039995662159,0.13502723688633292,0.010960542375894769,0.35175108388516885,0.37672838210261533,0.35175108388516885
31,COMPLETE,0.37692979200265836,0.07256950131842689,16,10,7428,0.6625351270994886,0.7554241836748135,16.751258147713152,23.36307829513955,400,,0.07741041173984269,0.06582459404817669,1.1760104693268052,0.8724279835390947,0.524945682499251,0.6826523205013365,0.862374925089094,0.22973539191898418,0.06695254006902014,0.05853244203465517,1.1438535236472742,0.8559670781893004,0.23556983279258803,0.3932764707946737,0.02187884714838441,0.39088831172086913,0.09025030116565631,0.08466676894138256,1.0659471513332393,0.859504132231405,0.4862337119239382,0.3551054948591681,0.8653337459901582,0.22237011024639652,0.08040580431054443,0.07053536344194823,1.1399360602532336,0.8636363636363636,0.19719981550987503,0.06607159844510492,0.016407402640118307,0.3864000455851448,0.060595875511507136,0.08175408342965382,0.7411969282690021,0.78099173553719,0.205607128334754,0.22503036565487106,0.8847593889117796,0.12049267203149516,0.051576950714273595,0.06701895142094515,0.7695875512930581,0.8016528925619835,0.12043873464583366,0.13986197196595063,0.01087127325832767,0.3535010187019612,0.37692979200265836,0.3535010187019612
32,COMPLETE,0.3728685437578425,0.07129271990225997,32,10,4451,0.6769923803068514,0.7161412874952366,17.318720287388548,10.290312064510541,800,,0.07667940414939295,0.05705140055768288,1.344040696632238,0.9053497942386831,0.522593493865907,0.6803001318679928,0.862132832436995,0.2288099600884308,0.06601751706358693,0.05004521557617147,1.3191574120228289,0.8888888888888888,0.23153960922879113,0.3892462472308768,0.020384817129822333,0.3897534444551254,0.08871953940311005,0.07860438873394497,1.1286842990841413,0.8512396694214877,0.5143666562860749,0.3832384392213048,0.8742791324879906,0.2275140729006693,0.07771396657191382,0.06642312779552466,1.169983545658172,0.8801652892561983,0.16739262572453537,0.03626440865976533,0.015138942502060352,0.376761691595508,0.060259343312259746,0.07562044028049476,0.7968658088837233,0.7851239669421488,0.2478508583874637,0.26727409570758076,0.8792099477564516,0.13469601051420754,0.05090851239215296,0.060930762022037684,0.8355141262428355,0.8016528925619835,0.11744540332801968,0.13686864064813675,0.01168843577457643,0.35209049522289415,0.3728685437578425,0.35209049522289415
33,COMPLETE,0.38039257910194024,0.05108363924105256,34,10,7005,0.5454087734560822,0.7543981200653951,14.798618695740977,2.0313736458817586,400,,0.07711150019630335,0.061471542112307154,1.2544259920374592,0.8888888888888888,0.5141273631908481,0.6718340011929336,0.860177051198276,0.22702969367629292,0.06598184905430803,0.053505395352468406,1.2331812262978454,0.8888888888888888,0.25945627564510854,0.41716291364719427,0.02147244340715587,0.39778788929310904,0.0899326522652409,0.0831900824827658,1.081050163447932,0.8677685950413223,0.48524734677112563,0.3541191297063556,0.8679328023551452,0.22116742423089047,0.0801828315933954,0.0694306587745489,1.154862030817831,0.8677685950413223,0.18512858378047642,0.054000366715706356,0.01577902582289384,0.3828780000246329,0.061245949638760934,0.08012570834153146,0.7643732692846024,0.7768595041322314,0.24025170839066878,0.2596749457107858,0.8846479281865034,0.131179513916754,0.05235451054045822,0.0654363649969349,0.80008280629449,0.8099173553719008,0.1429684980136438,0.16239173533376086,0.011068352107325178,0.3605118479880789,0.38039257910194024,0.3605118479880789
34,COMPLETE,0.37465120983488975,0.042127652298453507,20,12,4165,0.7757212869596325,0.6897870501886371,18.160179988035825,15.938563785229599,200,,0.07453179779981776,0.07193263296591061,1.0361333198402305,0.8518518518518519,0.4848818210712255,0.6425884590733112,0.8615034203104146,0.21682623934817039,0.06519426230895037,0.06292815293828594,1.0360110580853505,0.8600823045267489,0.2155785505052255,0.37328518850731124,0.020832424254376092,0.38450154279883497,0.08546428575895637,0.09145539248184441,0.9344914874857994,0.8347107438016529,0.4242617264203352,0.2931335093555652,0.8569890497802441,0.20436751729560987,0.07840778402169611,0.07689177980074575,1.0197160766063533,0.8553719008264463,0.20162663628544886,0.07049841922067876,0.015782489132135872,0.38711635775467235,0.0602766072374302,0.08690249193937474,0.6936119539527199,0.7520661157024794,0.19570849315960873,0.21513173047972578,0.886115587617727,0.11698851455753659,0.05175505003090743,0.07275107442121105,0.7113991159946074,0.78099173553719,0.11573275890551678,0.1351559962256338,0.010287062442853585,0.35233572895116194,0.37465120983488975,0.35233572895116194
35,COMPLETE,0.3769891117758744,0.044670362877160114,23,12,559,0.7032299218464937,0.724346862354891,16.642003675254937,6.632299523023558,400,,0.07756820686518595,0.06619441087517577,1.1718241138433574,0.8724279835390947,0.5396548647929791,0.6973615027950648,0.863355728259171,0.2339170237062168,0.06782983620191624,0.05746150315593449,1.180439641786693,0.8683127572016461,0.22312470147229801,0.3808313394743837,0.02116701659610231,0.38771923994362517,0.09094442075669153,0.08719030572382858,1.0430565646226078,0.859504132231405,0.4730655190856864,0.3419373020209163,0.8681731974497279,0.21784546479346417,0.08217356918057821,0.07421094897956929,1.1072971079132956,0.8760330578512396,0.19667598667373562,0.0655477696089655,0.015548319032900238,0.3872077279644819,0.061111395296239254,0.0845823398758694,0.7225077408111974,0.768595041322314,0.20427210001755347,0.22369533733767047,0.885152736383427,0.12018036720873365,0.05198509260721399,0.06917155521762768,0.7515385832176015,0.78099173553719,0.12839313657741713,0.14781637389753416,0.01090536865531489,0.3560403674195163,0.3769891117758744,0.3560403674195163
36,COMPLETE,0.3762306788783698,0.0450040570648836,46,10,2815,0.6535543371771316,0.7732662962875752,15.197348196311665,2.3242987047171986,400,,0.0781318189304052,0.06083346606838773,1.2843558649538565,0.8888888888888888,0.539348142021345,0.6970547800234306,0.8645054273758629,0.23370554196580667,0.06792013736485368,0.052944733537357555,1.2828497345619758,0.8888888888888888,0.2393782568704546,0.39708489487254034,0.021147103625113548,0.3926374009195438,0.09122489395595834,0.08343014482339832,1.0934284502209561,0.8636363636363636,0.501444749887762,0.3703165328229919,0.871528402715018,0.22546486173420655,0.08072160033556695,0.07017173414573352,1.1503435296030071,0.871900826446281,0.1785421544728882,0.04741393740811811,0.015370857234552941,0.38124002930572737,0.061620312807264016,0.08074714342251074,0.7631268450554929,0.7851239669421488,0.23567440471911055,0.25509764203922763,0.8858040593204766,0.1296092287424958,0.05179092181525065,0.06546145712504818,0.7911666511840196,0.8181818181818182,0.12470714335031491,0.14413038067043193,0.01104635107118803,0.3548146064098383,0.3762306788783698,0.3548146064098383
37,COMPLETE,0.37393615659650165,0.031449361026082846,25,10,4979,0.5522637267333587,0.8478846752649238,16.250952271602166,0.9588484792793427,400,,0.07648584947714175,0.06848853843803601,1.116768604229176,0.8600823045267489,0.5169520761304579,0.6746587141325436,0.8633740564645739,0.22666774569062192,0.06634717742085007,0.05896869827661299,1.1251253522610551,0.8600823045267489,0.204701109713498,0.36240774771558365,0.021258788584491293,0.381571567307042,0.08964504685387985,0.08908780175435178,1.0062550100973935,0.8429752066115702,0.4655723868815335,0.33444416981676345,0.8644796332013429,0.21618584484560913,0.081113773492126,0.0747307927373115,1.0854129940418473,0.8429752066115702,0.20139878183327548,0.07027056476850539,0.016400405901111186,0.3879450221764997,0.06158026351207457,0.08485635232599872,0.7257001016906461,0.7603305785123967,0.20475535086850116,0.22417858818861822,0.8839506584484879,0.12087351313083382,0.05190805343770078,0.07022102286564341,0.7392095888010413,0.7851239669421488,0.1155605715088184,0.13498380882893543,0.010465041739208418,0.3522918803059633,0.37393615659650165,0.3522918803059633
38,COMPLETE,0.37335143731958104,0.041227429689055364,44,12,8303,0.6368486836855369,0.7088215581959756,19.65840375221428,0.9707215820332402,400,,0.07760846800448545,0.06185258314715183,1.2547328511704874,0.8888888888888888,0.5334169362298019,0.6911235742318875,0.8645824930400202,0.2316937201587287,0.06665133513045236,0.054097916411213115,1.232049948538078,0.8847736625514403,0.22297451538145982,0.38068115338354547,0.021307392950371377,0.3871606707815075,0.09021875589826191,0.08359677308873065,1.0792133782784008,0.8636363636363636,0.4846568703922947,0.35352865332752453,0.8707667095134164,0.22025455062296825,0.08038976411002523,0.06972227026477958,1.1529998062991125,0.8636363636363636,0.17514836748872314,0.04402015042395313,0.014890355976579152,0.3802333090976533,0.06099411220573928,0.08102591521129535,0.7527728881146467,0.768595041322314,0.22467329720464613,0.24409653452476313,0.8845518126754977,0.12643409024104027,0.05201468020039969,0.06649129824092158,0.7822780059419511,0.8057851239669421,0.11717674818224826,0.1365999855023653,0.010995214850839955,0.35266033207958236,0.37335143731958104,0.35266033207958236
39,COMPLETE,0.375999227617083,0.03363426925515476,33,10,6944,0.6136966812286935,0.6534247490264447,18.52890594351778,18.396384529383173,400,,0.0772756328718047,0.06548914124223564,1.1799762740203357,0.8724279835390947,0.5135897741818084,0.671296412183894,0.8650202154108285,0.22548112078001586,0.06710367421159603,0.05708534589862352,1.1754973742431871,0.8641975308641975,0.22291873990980346,0.38062537791188916,0.02145507432973989,0.3872805693586574,0.09024000499573573,0.08735069244902854,1.0330771567540025,0.8636363636363636,0.4653952311147886,0.33426701405001863,0.8681038723046547,0.21528340964133444,0.08107789632992606,0.07296771332676202,1.1111475559998054,0.8677685950413223,0.19596351149029118,0.06483529442552106,0.015354993864644187,0.3866137138196645,0.062070480334373526,0.08374609350303622,0.7411746355920847,0.78099173553719,0.2181151645764538,0.23753840189657077,0.8862304602871889,0.12439360342052888,0.05296476489838176,0.06879444040423675,0.7698989131557772,0.8016528925619835,0.11992114624511864,0.13934438356523568,0.010196167199870305,0.3541033996729272,0.375999227617083,0.3541033996729272
40,COMPLETE,0.37629254912276205,0.031901931487660205,38,10,3942,0.8052383755406355,0.6400367760121635,19.382783087285468,46.881461391572486,400,,0.07793101209599096,0.06587589521234742,1.1829973899373134,0.8806584362139918,0.5090548680745668,0.6667615060766524,0.8625997300958423,0.22510894623201372,0.06781826165306375,0.05698919987644709,1.1900195440556127,0.8724279835390947,0.2298289616866818,0.3875355996887675,0.021172923293815718,0.3897241161790853,0.09005485875760799,0.086088668148829,1.046070995103819,0.8512396694214877,0.47810908284390563,0.34698086577913556,0.8689356687072897,0.21877396774402796,0.0813279710275911,0.07226461795424441,1.1254189578513416,0.871900826446281,0.195515225227682,0.06438700816291189,0.01520668484300028,0.38662375052644093,0.0607840127845624,0.0829409175794504,0.7328591792625931,0.7644628099173554,0.21649271394915834,0.2359159512692754,0.8862785223603827,0.12337786259045765,0.0517687381108984,0.06810799823817311,0.7600977777949596,0.8140495867768595,0.11650014850729855,0.13592338582741562,0.010425863779296832,0.35252978066275986,0.37629254912276205,0.35252978066275986
41,COMPLETE,0.3770712433300461,0.04605800265808948,30,10,2876,0.6212698170997935,0.7820321703353269,17.56578883158949,24.36535926898329,400,,0.07768927358150717,0.0644066037749395,1.2062314891339752,0.8806584362139918,0.5158494382225352,0.6735560762246209,0.8631131045404962,0.22689660953721455,0.06734832245396158,0.05643652094244185,1.1933464595141927,0.8683127572016461,0.24203291506639366,0.3997395530684793,0.022087510804302376,0.39292295026021196,0.09088203515921904,0.08569845326170943,1.0604862946788525,0.859504132231405,0.4890244127481388,0.3578961956833687,0.8711242764267775,0.221722854960096,0.08122754578250803,0.07168890046154165,1.1330560973812605,0.859504132231405,0.1888467555746553,0.05771853850988528,0.01589561856500605,0.384376359415898,0.061101819385528854,0.08233603560772404,0.7421030042864587,0.78099173553719,0.21346060166425246,0.23288383898436943,0.8842966638651487,0.12318990909394267,0.05159542069877723,0.06724104338265358,0.767320346371774,0.8016528925619835,0.12234746359390118,0.14177070091401822,0.011426623478842721,0.3539144203140284,0.3770712433300461,0.3539144203140284
42,COMPLETE,0.3786091782428855,0.05133706002842302,20,10,6614,0.7550274928404821,0.6678381976135341,19.826913723805017,43.061509403765534,400,,0.07696121286167798,0.06570559543482962,1.1713037885489113,0.8806584362139918,0.5063522493743333,0.664058887376419,0.8617854688515358,0.22415451930151042,0.06640524981648116,0.05705186848528248,1.1639452235225485,0.8765432098765432,0.24303127857607373,0.4007379165781593,0.02116920842815054,0.39312072097096945,0.09055431630591505,0.08530735107245004,1.0615066013362537,0.859504132231405,0.4833683407874806,0.3522401237227104,0.8671982257594826,0.22107276103076542,0.08089765524981768,0.07122769488436038,1.135761242605937,0.8636363636363636,0.20372457495799948,0.07259635789322934,0.01576154954462214,0.38874796972394027,0.061198683343229913,0.08346711511771641,0.7332071230318599,0.768595041322314,0.2162820895742259,0.23570532689434293,0.8845793765844986,0.12399028723421016,0.05219067861855482,0.06821327705672298,0.7651102669522165,0.7851239669421488,0.12148635233181161,0.14090958965192865,0.011211110377395458,0.3539588440337468,0.3786091782428855,0.3539588440337468
43,COMPLETE,0.37612102858884927,0.05309750008456875,47,10,6655,0.701710484123269,0.7698104672798736,16.032457597667683,5.348040166608345,400,,0.07712650185038157,0.06020906507737629,1.2809782339464038,0.897119341563786,0.5203823330335015,0.6780889710355872,0.8627224565387468,0.22814856368857903,0.06609438945633078,0.05217551378132341,1.2667702657101525,0.9053497942386831,0.23861657230685374,0.3963232103089395,0.021077170019821484,0.39169957646864195,0.09154439336126403,0.08250516189545516,1.1095595870384785,0.8636363636363636,0.5088479318851786,0.3777197148204085,0.8704610247334107,0.228133829490036,0.0809871374217754,0.06819037272391239,1.1876623368767063,0.8842975206611571,0.19487844101032167,0.06375022394555165,0.01612091167338825,0.3860221137697902,0.06152474942643025,0.0796138351022319,0.7727896708835404,0.7892561983471075,0.23628285857980644,0.2557060958999235,0.8836123201794135,0.13041106129068997,0.05183671029830366,0.06404729777440055,0.8093504659773888,0.8099173553719008,0.11030931942990585,0.12973255675002288,0.010620281400590997,0.3506413955281159,0.37612102858884927,0.3506413955281159
44,COMPLETE,0.37762551918885084,0.061695125360762215,23,8,5325,0.730394052094965,0.6529185112045163,18.828274033458413,6.614702217078095,400,,0.07772377798920405,0.06350724760781205,1.223856818188468,0.8888888888888888,0.5127483196229586,0.6704549576250443,0.8609893333700241,0.22661720707156197,0.0673529707228017,0.05601087700099761,1.2024980562543608,0.8683127572016461,0.25419855628844024,0.41190519429052586,0.021151226785838043,0.3968553871399013,0.09053360480212706,0.08395467035969702,1.078362935787171,0.8636363636363636,0.48803931356548436,0.3569110965007142,0.8675007433825745,0.22237501297572376,0.08083057638116092,0.07070542446424105,1.1432019112202716,0.8801652892561983,0.17726362874952667,0.04613541168475661,0.015712470526125816,0.3807975780194846,0.06143055569769947,0.08221434161595303,0.7471999956486833,0.7851239669421488,0.2137039073490446,0.23312714466916162,0.8849054083043941,0.12321177199247493,0.05275691403299131,0.06668456198618923,0.7911413445876361,0.8016528925619835,0.12508649135600464,0.14450972867612163,0.011350402042771691,0.3552235924071664,0.37762551918885084,0.3552235924071664
45,COMPLETE,0.37614576720337367,0.05249357660197376,33,10,3482,0.6875916681858186,0.6429703252127839,18.209173037966956,36.61800320314594,400,,0.07816977624910139,0.06172086607932703,1.2665048502176448,0.8930041152263375,0.5160975951473805,0.6738042331494662,0.8609855250852897,0.22780153151826782,0.06740754843838671,0.05370111661942094,1.2552355087158256,0.8806584362139918,0.2502780989224407,0.4079847369245263,0.021137284085334815,0.3957052638264864,0.09073391255913582,0.08325517125210546,1.089829150484646,0.859504132231405,0.5023373284056215,0.3712091113408513,0.8716095679843072,0.2255118931500486,0.08108120554198457,0.06993629130469481,1.1593580961954957,0.8636363636363636,0.18576647774031954,0.054638260675549444,0.015244058326095811,0.38358920804106095,0.06099015889604023,0.08114759970969988,0.7515953535807399,0.78099173553719,0.22486730326952536,0.24429054058964245,0.88450246550596,0.1265055148874857,0.05158762419734771,0.06606854528148526,0.7808197377066268,0.8016528925619835,0.105631543717764,0.125054781037881,0.010605610172315464,0.34914282974257366,0.37614576720337367,0.34914282974257366
46,COMPLETE,0.3767744116020095,0.030279551196503652,20,10,7144,0.735277593952646,0.698724894376695,13.209748840612328,16.21768859981152,400,,0.07709222170184789,0.06955725994245854,1.1083274666889218,0.8600823045267489,0.5041630737670594,0.6618697117691451,0.8621457651424226,0.2234420812681302,0.06634898167543318,0.05950018470218916,1.1151054741682513,0.8683127572016461,0.2341632888853515,0.39186992688743716,0.021295406205991563,0.39039995747398126,0.08893005515740963,0.08922438784819699,0.9967012080678198,0.8429752066115702,0.4537395996746293,0.3226113826098591,0.8628693002339042,0.2128331118951814,0.08040209728388227,0.07479294952946644,1.0749956752568766,0.8512396694214877,0.20540096770901933,0.07427275064424925,0.016157587964207704,0.3889338528369964,0.061660283038150125,0.08624224987761107,0.7149660766695448,0.756198347107438,0.20457608557666304,0.22399932289678012,0.8834578223532709,0.12099959218227771,0.05224879117059377,0.0714407184959254,0.7313587023004782,0.7768595041322314,0.11115270466249766,0.13057594198261468,0.010853011239787417,0.3509894244950506,0.3767744116020095,0.3509894244950506
47,COMPLETE,0.3768171120666773,0.052757393028116335,23,10,7161,0.7801201587157269,0.6883235566247022,16.96028784749898,8.030983276391787,400,,0.07798437497902043,0.06444572494931812,1.2100783262248889,0.8847736625514403,0.5237121333784233,0.681418771380509,0.8618378500704014,0.22975603498401476,0.06691964477403307,0.05622373710945898,1.1902382910575795,0.8559670781893004,0.2238798352347032,0.38158647323678885,0.020800152116217965,0.38769176284515877,0.08998827084574339,0.08442794030670503,1.0658588912490239,0.8677685950413223,0.4843143208591921,0.35318610379442206,0.8677138247385978,0.22097545717447564,0.0809577264732395,0.07030797792915584,1.1514728322127912,0.8677685950413223,0.19966147869263012,0.06853326162786007,0.015692501667218518,0.3875737836969193,0.06124971047366226,0.08175827418986847,0.7491561078138848,0.78099173553719,0.22429383580150478,0.24371707312162177,0.8837600191101452,0.12666002919687275,0.05192680326094097,0.06699327637704137,0.7751046980997679,0.7892561983471075,0.12592524438627636,0.14534848170639333,0.01120834987435184,0.3551857896579537,0.3768171120666773,0.3551857896579537
48,COMPLETE,0.377098636039576,0.029169922372946164,20,10,6534,0.5590429154631527,0.6889174618071655,16.26117508558768,19.020873123695708,400,,0.07638082699384958,0.06992270869598091,1.0923608140804173,0.8559670781893004,0.5119955054531354,0.669702143455221,0.8631389868971022,0.22520928636434978,0.06520145498029052,0.060359207100212045,1.0802238484021018,0.8559670781893004,0.2167064503420839,0.3744130883441696,0.020814762778516578,0.3848480882611864,0.08800158237772591,0.09065716146001947,0.9707074538897329,0.8305785123966942,0.45171967781481226,0.3205914607500422,0.8611744488502698,0.21236420164045305,0.08002119068264592,0.07494513324251594,1.067730314438221,0.8512396694214877,0.19898870982580377,0.06786049276103373,0.016009837381366545,0.38690213800638956,0.06201462588989541,0.08606289511708101,0.720573317984829,0.756198347107438,0.21223310837190226,0.23165634569201932,0.8845001563890689,0.12312573595080818,0.05369994461020119,0.0717735330163192,0.7481858890517677,0.7892561983471075,0.13761551295550645,0.15703875027562347,0.010729832931934219,0.3595456818511521,0.377098636039576,0.3595456818511521
49,COMPLETE,0.3762596073877969,0.02956999716862434,23,10,2652,0.7628197034114661,0.7492936172226612,18.9630248907285,3.6250754427923035,400,,0.0765416649999134,0.06933430462247096,1.1039508568909273,0.8600823045267489,0.5051841965863412,0.6628908345884269,0.8599527088579664,0.2241861123184778,0.06680183396656479,0.06078050506096462,1.0990667797110374,0.8600823045267489,0.21781677972771846,0.37552341772980413,0.02069572203280277,0.3858570508951006,0.08869964870216578,0.0897473998229928,0.9883255545799267,0.8512396694214877,0.4449819017668047,0.3138536847020345,0.8656726838843626,0.20927262484559894,0.08060454078464539,0.07528116437519763,1.0707132581387333,0.8553719008264463,0.20366843398934018,0.07254021692457002,0.01603230371405202,0.38853265539644455,0.06107570692324376,0.08621888689921291,0.7083796731757774,0.7603305785123967,0.21312367916596933,0.23254691648608644,0.8850734697418141,0.12284534559654406,0.05201611783427978,0.07117304322393785,0.7308401534920603,0.7851239669421488,0.12227965988479873,0.1417028972049158,0.010337430757686596,0.3543891158718455,0.3762596073877969,0.3543891158718455
