model,year,validation_supervised_rows,validation_positive_fraction,conditional_auc,conditional_logloss,train_supervised_rows,train_positive_fraction,train_single_class_days,train_groups
B10,2021,955481,0.1001202535686214,0.6715268064374835,0.3083125827525674,1726801,0.1001209751442117,0,486
B10,2022,1011292,0.1001095628166741,0.6592763328130244,0.3110249516860642,2681963,0.1001206951773756,0,729
B10,2023,1052475,0.1001268438680253,0.6686654411343345,0.3093480390829137,3693124,0.100117678149989,0,971
B20,2021,955481,0.2000803783644049,0.6153065293570605,0.4869538458914809,1726801,0.2001342366607385,0,486
B20,2022,1011292,0.2000648675160092,0.5976652218286974,0.4912509557400892,2681963,0.2001149904006878,0,729
B20,2023,1052475,0.1999078362906482,0.5946760026455936,0.4918296101799403,3693124,0.2001013234324111,0,971
L30,2021,286576,0.0756867288258612,,,517838,0.4375113452469691,0,486
L30,2022,303324,0.0748572483548944,,,804320,0.4346006564551422,0,729
L30,2023,315674,0.0687354676026533,,,1107603,0.4336237803617361,0,971
R20,2021,191027,0.0805488229412596,0.6762305130680148,0.2653486359245292,345176,0.0869005956381672,0,486
R20,2022,202186,0.0782447845053564,0.6508743255950293,0.2646115295694783,536141,0.0846568346759527,0,729
R20,2023,210418,0.070136585273123,0.6648614201793224,0.24285339884358,738299,0.0828905362190657,0,971
R30,2021,286576,0.0756867288258612,0.6794039425093705,0.2538463191594813,517838,0.0818344733294968,0,486
R30,2022,303324,0.0748572483548944,0.64934092799596,0.2565553693802259,804320,0.0796474040183011,0,729
R30,2023,315674,0.0687354676026533,0.6594002114961749,0.2400511623918355,1107603,0.0783376354162998,0,971
