model,layer,year,family,state,days,annual_excess,reference_excess,delta_excess,delta_ic,delta_turnover,delta_score,excess_ci_lower,excess_ci_upper,valid_draws
Market,band,2021,vol,high,11,0.16937607542634164,0.37736967148974393,-0.20799359606340231,-0.018216027806647876,-0.003512181743221968,-0.06863083541871325,-0.7447905148383757,0.5084434477843056,976
Market,band,2021,vol,low,232,0.16570671169052012,0.22272803701469582,-0.05702132532417571,0.005114488284548052,-0.0063007204219730495,-0.013170386156841577,-0.1331117397134676,0.01023388400144759,1000
Market,band,2021,breadth,high,160,0.08227047773217117,0.21472073516846368,-0.13245025743629255,0.005405182161598465,-0.006271440776968864,-0.03569157213315771,-0.2525758398731672,-0.02497342385166846,1000
Market,band,2021,breadth,low,83,0.32703394584027756,0.25865847405834247,0.0683754717819351,0.0014621184371839402,-0.005983779174831689,0.02289262266190361,-0.05892206831825892,0.1589445522803851,1000
Market,band,2021,trend,nonpositive,67,0.24453967284293612,0.2531192050718544,-0.008579532228918284,0.0006372646560356271,-0.004400738745057593,-0.000998732182743956,-0.1360840426400434,0.09438433297883435,1000
Market,band,2021,trend,positive,176,0.1359257719398506,0.22082377405671802,-0.08489800211686745,0.005360728660156994,-0.0068389298833944,-0.021273430205979115,-0.16985728508659065,-0.005560631763607037,1000
Market,band,2022,vol,high,147,0.20064616192630233,0.2110076365657379,-0.01036147463943556,-0.0026544151195465465,-0.0019277192157729078,-0.0035918926749174142,-0.07078439416028295,0.0454684290630212,1000
Market,band,2022,vol,low,95,0.1430330172371514,0.17284034918219482,-0.029807331945043446,-0.004558324351758153,-0.0047527513883049415,-0.009339703907724812,-0.16731780153449846,0.11266895007280098,1000
Market,band,2022,breadth,high,133,0.18769587935186033,0.21700581379488984,-0.02930993444302951,0.004796906886866709,-0.004423199911037023,-0.005547257604851063,-0.09934970735698273,0.04718328597303983,1000
Market,band,2022,breadth,low,109,0.166234591622921,0.17042369277753786,-0.004189101154616871,-0.013405765614161833,-0.0013419354767192186,-0.006216455949034029,-0.11367722557123398,0.06676296820120675,1000
Market,band,2022,trend,nonpositive,125,0.20224930625385648,0.19393392371097884,0.008315382542877642,-0.007349902878971526,-0.00099786586747032,-0.0001459866284842221,-0.07602944992982388,0.07921668967784495,1000
Market,band,2022,trend,positive,117,0.15215349708516035,0.19825825028717628,-0.04610475320201592,0.0008162224263339735,-0.005218966567116302,-0.011939247019936296,-0.1385734130095985,0.06045050498791573,1000
Market,band,2023,vol,low,242,0.009289106182488334,0.13578509610182635,-0.12649598991933803,-0.0037650767475347416,-0.0018098529454848925,-0.03891187179116983,-0.17561619408649803,-0.07522493194369836,1000
Market,band,2023,breadth,high,69,-0.06341515716703103,0.08032588040355287,-0.1437410375705839,-0.019686293346337883,-0.0014223467725717285,-0.05057012457793881,-0.20592374688928286,-0.03967090412943318,1000
Market,band,2023,breadth,low,173,0.038286760350793744,0.15790466768090652,-0.11961790733011277,0.0025850038612364665,-0.0019653060032233105,-0.03426177885357225,-0.19405651559814482,-0.04787680645583023,1000
Market,band,2023,trend,nonpositive,124,0.07096807648112245,0.16375630917213413,-0.09278823269101169,0.005359516307579575,-0.0006615507252146456,-0.02549419806670728,-0.17121682581486147,-0.02456248195655542,1000
Market,band,2023,trend,positive,118,-0.0555260829448899,0.106391617960147,-0.1619177009050369,-0.013353632161383688,-0.0030068120394953993,-0.05301471952421592,-0.2291182217830856,-0.08706062017324387,1000
Market,band,2024,vol,high,204,0.28160474701530047,0.2337064151874612,0.04789833182783928,0.007789112613088192,-0.005763940938202018,0.019214326875047663,-0.06071425358770517,0.15169741112557375,1000
Market,band,2024,vol,low,38,0.002140265341126705,0.02645136512077101,-0.024311099779644303,-0.003744202477240527,-0.004299532630641041,-0.007501151135597188,-0.1246631564904033,0.08773223097582143,999
Market,band,2024,breadth,high,127,0.3337652963772727,0.2772576604257628,0.05650763595150992,0.013112777242439005,-0.00652475875551432,0.024154829309082873,-0.08646109081335966,0.16241228202882152,1000
Market,band,2024,breadth,low,115,0.13165657247104764,0.11712641477182192,0.014530157699225726,-0.0019010733117817702,-0.004441072778742205,0.00493093981867767,-0.09208968727733552,0.12999638515446085,1000
Market,band,2024,trend,nonpositive,127,0.2058230211313959,0.17036127259126957,0.035461748540126334,0.004358460962247221,-0.005071925308171531,0.013903486539388249,-0.08224018343110144,0.18128233409036032,1000
Market,band,2024,trend,positive,115,0.2729493460034506,0.2351772082933926,0.03777213771005803,0.007766736841125624,-0.006050991912150579,0.016253633623112832,-0.10092707335066521,0.14172730753411092,1000
Market,raw,2021,vol,high,11,0.3339612943004085,0.42550108994981356,-0.09153979564940502,-0.021522661135376098,-0.048478977413722535,-0.02152730992485519,-0.6867541483217595,1.2115735619285006,976
Market,raw,2021,vol,low,232,0.41594113435658564,0.5268374294379088,-0.1108962950813231,0.0001398168369628472,-0.05244592415417404,-0.01747918454335958,-0.2542345209641655,0.03034984441294344,1000
Market,raw,2021,breadth,high,160,0.3357745002730535,0.3877134602395455,-0.05193895996649198,0.002186344840377441,-0.07334674028316523,0.007296872031152955,-0.213918597247945,0.13671140672700297,1000
Market,raw,2021,breadth,low,83,0.5596144260764313,0.7815980961531989,-0.22198367007676761,-0.006676228202098219,-0.01113169251047208,-0.06592608455072795,-0.5266931324439557,-0.0015292241397907255,1000
Market,raw,2021,trend,nonpositive,67,0.4715543398291673,0.6847246526692448,-0.21317031284007745,-0.005636373084154572,-0.007751821880688348,-0.06388009652147857,-0.6922362341432714,0.0919619669881699,1000
Market,raw,2021,trend,positive,176,0.3896464581788532,0.46039911301251923,-0.07075265483366606,0.000984802445026134,-0.06895827833545298,-0.00014439197145347388,-0.23814772773819942,0.12121373707240736,1000
Market,raw,2022,vol,high,147,0.4498309928420351,0.5038716467486627,-0.054040653906627614,-0.0043835390671556895,-0.04551367681966445,-0.0043115087529512226,-0.21769709950343608,0.06384844528221138,1000
Market,raw,2022,vol,low,95,0.408215559759066,0.5392163688403248,-0.13100080908125872,-0.007819027690617722,0.04094694861791637,-0.05471193838599961,-0.2895642944722374,0.1329765339107507,1000
Market,raw,2022,breadth,high,133,0.4907621758116193,0.49184908276946465,-0.0010869069578453789,0.004126154936851589,0.000756551454251797,0.001097424451111483,-0.13234604011947623,0.1773139770240621,1000
Market,raw,2022,breadth,low,109,0.36361710772426675,0.5493464137939953,-0.18572930606972857,-0.017761160367723183,-0.026984973526309686,-0.05472776391011493,-0.39502535413075085,-0.0018990060679758922,1000
Market,raw,2022,trend,nonpositive,125,0.42283121539598534,0.5109974428788052,-0.08816622748281985,-0.010440268767127392,-0.03928750603206821,-0.01883972394207645,-0.2723617268899386,0.055819201081922024,1000
Market,raw,2022,trend,positive,117,0.44488660000335273,0.5249573226669542,-0.08007072266360143,-0.0007021733127319935,0.01784000803105168,-0.029654088533488727,-0.20648798852079547,0.10389114063821983,1000
Market,raw,2023,vol,low,242,0.1967849029307166,0.232466223560795,-0.03568132063007842,-0.0004369358421384695,-0.037276567933937854,0.0003037998543024417,-0.10350977259262827,0.032455011737073484,1000
Market,raw,2023,breadth,high,69,0.25316692661558376,0.4411931278448339,-0.1880262012292501,-0.02062804463094481,-0.00762697225128639,-0.06237098654576702,-0.4081572285253734,-0.04217993219080382,1000
Market,raw,2023,breadth,low,173,0.17429727498704117,0.14921676462669856,0.025080510360342635,0.007616165351084871,-0.04917088248104795,0.025321883992851124,-0.05696821522766035,0.10771478399898521,1000
Market,raw,2023,trend,nonpositive,124,0.2174631480546579,0.19062976498543122,0.026833383069226696,0.010298727842830882,-0.06460844195670012,0.03155203864491039,-0.054657896985528934,0.1102532175889698,1000
Market,raw,2023,trend,positive,118,0.17505522161403236,0.2764299596908383,-0.10137473807680591,-0.011718480731428282,-0.008786563655973967,-0.032463844618820896,-0.21621646836414682,-0.0033708273352355085,1000
Market,raw,2024,vol,high,204,0.593346192170216,0.5069256709597421,0.08642052121047399,0.005095609027492912,0.010407685004176215,0.024842094472886492,-0.09546530792092117,0.3265873057912096,1000
Market,raw,2024,vol,low,38,-0.021147070313797083,0.1586277220854299,-0.179774792399227,-0.008980440925046136,0.007358739550045956,-0.05973223595480034,-0.9101150849633692,0.08336027015192433,999
Market,raw,2024,breadth,high,127,0.4722513514575776,0.43095751730248283,0.041293834155094765,0.010264072280970635,0.018023398015404424,0.011086759754295355,-0.1164699900885607,0.2525099700904656,1000
Market,raw,2024,breadth,low,115,0.5240270686581515,0.4757311792836384,0.04829588937451316,-0.005263388636751881,0.0009339434758534049,0.012103228314897173,-0.2713592265918775,0.4342557437588241,1000
Market,raw,2024,trend,nonpositive,127,0.5773465285603077,0.3795082741609192,0.19783825439938846,0.002991018716656968,0.009714198515289207,0.05763362425189256,-0.16009843480351563,0.5969809018531878,1000
Market,raw,2024,trend,positive,115,0.40796543829252785,0.5325490391008433,-0.12458360080831546,0.0027685922560118786,0.010186539924149418,-0.039323605317334705,-0.3133396302723632,0.06046883972199264,1000
T033,band,2021,vol,high,11,0.36816947468721,0.37736967148974393,-0.009200196802533948,0.00340912702281701,3.2978203738757983e-06,-0.001397397577745543,-0.2905575427295227,0.3488331233503116,976
T033,band,2021,vol,low,232,0.2543017705181076,0.22272803701469582,0.03157373350341176,-0.0006635524126464565,-0.0018242530108681342,0.009753974989225386,-0.0011212977062082766,0.06812056749491137,1000
T033,band,2021,breadth,high,160,0.246716235503401,0.21472073516846368,0.0319955003349373,-0.0006580970130426883,-0.001251163087850761,0.009710760221619342,-0.013440615653659107,0.0841607604570067,1000
T033,band,2021,breadth,low,83,0.28401538917127833,0.25865847405834247,0.025356915112935856,-0.00013431614935131841,-0.002697317993052499,0.00836254347205598,-0.06187498753760371,0.10378367212068698,1000
T033,band,2021,trend,nonpositive,67,0.2793898534298579,0.2531192050718544,0.026270648358003516,-0.00033425285373595015,-0.0011639849131006817,0.008096688839836878,-0.04823918069866897,0.13220923406994478,1000
T033,band,2021,trend,positive,176,0.2518679250111351,0.22082377405671802,0.031044150954417087,-0.0005343683027425189,-0.001957631620578302,0.00968678745140161,-0.011184168028387707,0.07647444406706415,1000
T033,band,2022,vol,high,147,0.1991538689135015,0.2110076365657379,-0.011853767652236388,-0.0010417595593423257,-0.0012590119437910809,-0.003595130536270522,-0.04810515916452627,0.026046332008307936,1000
T033,band,2022,vol,low,95,0.16342630046936746,0.17284034918219482,-0.009414048712827375,-0.0006345747142293412,-0.0007312221797185457,-0.002858677845624385,-0.07853814482453234,0.04077909777122834,1000
T033,band,2022,breadth,high,133,0.19791905208417698,0.21700581379488984,-0.01908676171071285,-0.0015271624513871207,-0.0013028660842164391,-0.005946033668503771,-0.06186663039058118,0.02016824957926212,1000
T033,band,2022,breadth,low,109,0.16952186557503746,0.17042369277753786,-0.0009018272025004118,-9.459309211580502e-05,-0.0007507460322409357,-8.316158792416481e-05,-0.039985467048831505,0.031188638105407885,1000
T033,band,2022,trend,nonpositive,125,0.1791774473981221,0.19393392371097884,-0.014756476312856735,-0.0006051067305927055,-0.0015181045534913076,-0.0042135542200467105,-0.05891504771099965,0.02682037588182007,1000
T033,band,2022,trend,positive,117,0.19148663547102018,0.19825825028717628,-0.006771614816156078,-0.00117764881838478,-0.0005521256159001543,-0.0023369062874306888,-0.05673191141047075,0.03431852545260939,1000
T033,band,2023,vol,low,242,0.14296849801364253,0.13578509610182635,0.007183401911816186,0.0021126454608843687,-0.0013803099523081782,0.003414171743591057,-0.02842094231683725,0.049849250107436446,1000
T033,band,2023,breadth,high,69,0.13413439119718795,0.08032588040355287,0.053808510793635085,0.0019136539497411204,-0.0014822135339107485,0.017352678878160197,-0.03098826300778031,0.1626432061379969,1000
T033,band,2023,breadth,low,173,0.14649192789997412,0.15790466768090652,-0.011412739780932404,0.0021920120173519325,-0.0013394300271304047,-0.0021451881191998264,-0.05180943782547097,0.03258785097050064,1000
T033,band,2023,trend,nonpositive,124,0.15977999208159854,0.16375630917213413,-0.003976317090535588,0.003116212807213685,-0.0008315270044703255,0.0003030480970658953,-0.05318867671685393,0.04646137654634579,1000
T033,band,2023,trend,positive,118,0.12530218221341757,0.106391617960147,0.018910564253270565,0.0010580492664366281,-0.0019523464148849257,0.006682092907021299,-0.04270383061282188,0.08267257109796462,1000
T033,band,2024,vol,high,204,0.1980887919531929,0.2337064151874612,-0.035617623234268286,-0.00435415250245097,-0.0006689466868547364,-0.012226263965204452,-0.09838067898245673,0.020940897116066916,1000
T033,band,2024,vol,low,38,0.034524326327511436,0.02645136512077101,0.008072961206740427,-0.001029710651872566,-0.0009250633420169966,0.0022875231038782004,-0.0730508685327066,0.153592607783945,999
T033,band,2024,breadth,high,127,0.23334246513609963,0.2772576604257628,-0.043915195289663145,-0.0050979231554774546,-0.0010662168765409076,-0.014893862786127652,-0.1426327128628956,0.04307159635509729,1000
T033,band,2024,breadth,low,115,0.10510908597054026,0.11712641477182192,-0.01201732880128165,-0.0024342597784827863,-0.0003094993373008552,-0.004486052750587353,-0.09870045361375362,0.05226096802746708,1000
T033,band,2024,trend,nonpositive,127,0.14820956860305667,0.17036127259126957,-0.022151703988212874,-0.004244023844081568,-0.0003785073966584597,-0.008229568515098951,-0.10079457635725449,0.047222682838181075,1000
T033,band,2024,trend,positive,115,0.19912541518529198,0.2351772082933926,-0.03605179310810061,-0.0033772616267200156,-0.0010695698764698093,-0.011845571620177246,-0.12355538449178455,0.040706961130182184,1000
T033,raw,2021,vol,high,11,0.3984172096110169,0.42550108994981356,-0.027083880338796617,0.0005721928009957133,-0.006044015597558072,-0.006083082301973277,-0.367149118969332,0.13582489656371585,976
T033,raw,2021,vol,low,232,0.5196136204726429,0.5268374294379088,-0.00722380896526586,-0.0025270847486736914,-0.006080397672011406,-0.0013538572874458128,-0.04081737648462917,0.026644259867468875,1000
T033,raw,2021,breadth,high,160,0.40219319985746455,0.3877134602395455,0.01447973961791904,-0.0025037526382931663,-0.007590091574254387,0.005619448302334761,-0.02243518271503499,0.059990094466657,1000
T033,raw,2021,breadth,low,83,0.7299040635925303,0.7815980961531989,-0.05169403256066854,-0.0021613146837883984,-0.00312977295032979,-0.015433803756616982,-0.1307724574348823,0.03721308603792442,1000
T033,raw,2021,trend,nonpositive,67,0.623976499196619,0.6847246526692448,-0.06074815347262575,-0.0027696322596677397,-0.002355881020104089,-0.018625534639623593,-0.1204578238663761,0.02629376781714293,1000
T033,raw,2021,trend,positive,176,0.4723097943704594,0.46039911301251923,0.011910681357940125,-0.002241046474338662,-0.0074748175368232195,0.004919231078693538,-0.01713380084148062,0.04427185233079281,1000
T033,raw,2022,vol,high,147,0.47962537015438406,0.5038716467486627,-0.024246276594278637,-0.001679523984935205,0.002204897728595445,-0.008607161890836306,-0.06381074051871977,0.028365119600969352,1000
T033,raw,2022,vol,low,95,0.4939466158517553,0.5392163688403248,-0.04526975298856944,-0.0023034630141207657,0.00034703112705136707,-0.014606420440334547,-0.08813532413575538,-0.004562548040857991,1000
T033,raw,2022,breadth,high,133,0.4408871240730415,0.49184908276946465,-0.050961958696423185,-0.0027021320090193923,-0.0006408982121578477,-0.01617717094888736,-0.08752698148050664,-0.011397911166888814,1000
T033,raw,2022,breadth,low,109,0.5393749579531808,0.5493464137939953,-0.00997145584081452,-0.0009755546323611253,0.004048985835332086,-0.004596354355788431,-0.05900814367119417,0.04770301530111264,1000
T033,raw,2022,trend,nonpositive,125,0.5052240684958437,0.5109974428788052,-0.005773374382961492,-0.0017333083426335771,0.0033578633051616347,-0.0034326946434903687,-0.05138092747597672,0.044567780178540205,1000
T033,raw,2022,trend,positive,117,0.4639046953558186,0.5249573226669542,-0.06105262731113559,-0.002128679224767019,-0.0005430346646448925,-0.019004349483854013,-0.09811655805163992,-0.017764034967835757,1000
T033,raw,2023,vol,low,242,0.2402517083906663,0.232466223560795,0.0077854848298713,-0.0001727862562984836,0.0007075485840343232,0.002054266371231699,-0.021557104652181747,0.03822724580222479,1000
T033,raw,2023,breadth,high,69,0.45394999503735484,0.4411931278448339,0.012756867192520976,-0.0019548596494804032,-0.0037315967545621387,0.0041645953243327725,-0.034369080726754514,0.05440544647331379,1000
T033,raw,2023,breadth,low,173,0.15501944377435709,0.14921676462669856,0.005802679147658525,0.0005379829005197276,0.0024883685163785696,0.0012094863495918776,-0.034256509242840884,0.049411866460523146,1000
T033,raw,2023,trend,nonpositive,124,0.19892568350831186,0.19062976498543122,0.008295918522880637,0.0009812313670562109,0.003649052509003492,0.0017865523509856278,-0.05367307898444854,0.06702971434362703,1000
T033,raw,2023,trend,positive,118,0.28367905657212356,0.2764299596908383,0.0072490968812853,-0.0013854827418576937,-0.002358595337755398,0.002328114568969132,-0.02974577715868094,0.043898684273386064,1000
T033,raw,2024,vol,high,204,0.35736202063316475,0.5069256709597421,-0.1495636503265773,-0.007485151076756388,0.0032869030474538263,-0.0488492264429119,-0.2978232088627732,-0.0325356377412535,1000
T033,raw,2024,vol,low,38,0.1524895977678468,0.1586277220854299,-0.006138124317583106,-0.002350843795807779,0.004313364730834768,-0.004075784232848473,-0.07950973261277887,0.04268337917995475,999
T033,raw,2024,breadth,high,127,0.24022417710235583,0.43095751730248283,-0.190733340200127,-0.00837785115037161,0.004490151823726585,-0.06191818806730471,-0.45155967140745595,-0.031935661137188896,1000
T033,raw,2024,breadth,low,115,0.4190259689769097,0.4757311792836384,-0.0567052103067287,-0.004802745980885231,0.0022795915360368513,-0.019616538945183757,-0.14911796959613385,0.011973583227421298,1000
T033,raw,2024,trend,nonpositive,127,0.30868266374242725,0.3795082741609192,-0.07082561041849199,-0.0061674212033311915,0.0024652577565421607,-0.024454228933842723,-0.15851498557639815,0.0011194749757784414,1000
T033,raw,2024,trend,positive,115,0.3434239880787439,0.5325490391008433,-0.18912505102209937,-0.007243829487616815,0.004517393386062052,-0.06099026511749515,-0.44635972672347074,-0.024971758819065718,1000
Y1,band,2021,vol,high,11,0.27095181460757606,0.37736967148974393,-0.10641785688216787,0.022346753868827507,-0.004280597300157727,-0.02170247632707204,-0.922605754385574,0.29422001978663803,976
Y1,band,2021,vol,low,232,0.28927868235371973,0.22272803701469582,0.06655064533902393,0.0446767387667875,-0.006388168255898847,0.03975233958519183,0.008801550351973787,0.12913282945413251,1000
Y1,band,2021,breadth,high,160,0.25699337801809724,0.21472073516846368,0.04227264284963358,0.045539552293797136,-0.006020268524741308,0.03270369432983132,-0.07208795380138695,0.1344954946683755,1000
Y1,band,2021,breadth,low,83,0.3490865516126597,0.25865847405834247,0.09042807755431725,0.04005408818607546,-0.006823298456777552,0.04519704807775862,-0.0680356003184592,0.24560892754779423,1000
Y1,band,2021,trend,nonpositive,67,0.3010797032022339,0.2531192050718544,0.047960498130379496,0.03564610245786415,-0.005760437245755805,0.030374721595986247,-0.15254314176018002,0.2508284672178126,1000
Y1,band,2021,trend,positive,176,0.2836408190465719,0.22082377405671802,0.06281704498985387,0.04671891376008468,-0.00649184419996866,0.03948023226098062,-0.0002460218165595132,0.12705781202797778,1000
Y1,band,2022,vol,high,147,0.17313358685115393,0.2110076365657379,-0.03787404971458397,0.027815795133156712,-0.003560208947732695,0.0008321658232073048,-0.11777465170004946,0.04683977854290936,1000
Y1,band,2022,vol,low,95,0.17582411077428783,0.17284034918219482,0.0029837615920929967,0.03835768380450939,-0.004804842813163094,0.017679654843380584,-0.0944683593428162,0.1320129413656218,1000
Y1,band,2022,breadth,high,133,0.23330691058710448,0.21700581379488984,0.01630109679221466,0.0286496386604609,-0.004136034044779004,0.017590994715282457,-0.04964236585467845,0.09405787070108601,1000
Y1,band,2022,breadth,low,109,0.10205604295956026,0.17042369277753786,-0.0683676498179776,0.035986237652854414,-0.003936233448102828,-0.0049349298498206655,-0.17275930803541953,0.014113825687343763,1000
Y1,band,2022,trend,nonpositive,125,0.15530608471540502,0.19393392371097884,-0.038627838995573816,0.033546721632877544,-0.003536343765255653,0.0028912400840555687,-0.12979778449561624,0.052797618327160296,1000
Y1,band,2022,trend,positive,117,0.19436467693377213,0.19825825028717628,-0.003893573353404147,0.03025266360592084,-0.0045945083542851695,0.012311345942632645,-0.07114042833501646,0.06992526218497874,1000
Y1,band,2023,vol,low,242,0.16738980502074835,0.13578509610182635,0.031604708918921996,0.043413348770916606,-0.004034887084711248,0.02805721830945662,-0.05687915644631272,0.1247684227298213,1000
Y1,band,2023,breadth,high,69,0.17161572421194077,0.08032588040355287,0.09128984380838791,0.045559983819046856,-0.003535523454011584,0.04667160370633859,-0.04633713697936201,0.28564485872928785,1000
Y1,band,2023,breadth,low,173,0.16570432279998373,0.15790466768090652,0.007799655119077226,0.04255717641067971,-0.004235213192375645,0.020633331057707746,-0.09321962144423633,0.11400728332320707,1000
Y1,band,2023,trend,nonpositive,124,0.19354174022545823,0.16375630917213413,0.029785431053324093,0.04742211254210667,-0.0037982741201018832,0.029043956568870457,-0.06964116777790506,0.11223016221390097,1000
Y1,band,2023,trend,positive,118,0.13990811039884982,0.106391617960147,0.03351649243870281,0.039200749553733844,-0.0042815260223972775,0.027019705359823565,-0.10252847494790476,0.18339616134543288,1000
Y1,raw,2021,vol,high,11,0.6359229883311764,0.42550108994981356,0.21042189838136288,0.03349062027841297,0.007727909573120084,0.07420444475383804,-0.18809499614769362,0.9190366031282655,976
Y1,raw,2021,vol,low,232,0.681232071549734,0.5268374294379088,0.15439464211182524,0.050964823661698244,-0.026011788654883072,0.07450785869469179,0.03334414355750207,0.28679128848268826,1000
Y1,raw,2021,breadth,high,160,0.6074179479100013,0.3877134602395455,0.21970448767045578,0.05322681496072448,-0.03492990714822142,0.09768104442989295,0.06121583711054362,0.37401519564811997,1000
Y1,raw,2021,breadth,low,83,0.8175195398262777,0.7815980961531989,0.03592144367307879,0.04428850022723638,-0.004084524759246477,0.02971719062059213,-0.12932846310311563,0.21697878166674148,1000
Y1,raw,2021,trend,nonpositive,67,0.7333133778908337,0.6847246526692448,0.048588725221589024,0.040597037283798446,-0.003611992348393711,0.031899030184514204,-0.11774314067321384,0.23975111855061554,1000
Y1,raw,2021,trend,positive,176,0.6585738474573603,0.46039911301251923,0.198174734444841,0.0538195137191025,-0.03230298113056618,0.09067112016026314,0.04736396554163135,0.35499570252375956,1000
Y1,raw,2022,vol,high,147,0.5985671184623422,0.5038716467486627,0.09469547171367951,0.03556945195345823,-0.034616223016612935,0.05302128920047102,-0.040727840416744376,0.24602474840414823,1000
Y1,raw,2022,vol,low,95,0.6459690879005999,0.5392163688403248,0.1067527190602752,0.04620235972563447,-0.021361119309120657,0.05691509540107254,-0.07791428907834139,0.32698217701805704,1000
Y1,raw,2022,breadth,high,133,0.5154547723046635,0.49184908276946465,0.02360568953519889,0.03427174723320664,-0.05003591742617919,0.03580118098169608,-0.10172764719092124,0.1776084699121357,1000
Y1,raw,2022,breadth,low,109,0.7412930738348721,0.5493464137939953,0.1919466600408768,0.04642010301905647,-0.004511824754530269,0.07750558664624471,0.04752221876709493,0.3114950295269499,1000
Y1,raw,2022,trend,nonpositive,125,0.7113252892489286,0.5109974428788052,0.20032784637012344,0.04239525513705919,-0.01022940034397768,0.080125276069054,0.06517578202791648,0.33404195345180127,1000
Y1,raw,2022,trend,positive,117,0.5165877658838055,0.5249573226669542,-0.008369556783148688,0.03691048477744652,-0.050153922030191644,0.027299503485091494,-0.1366068981687683,0.16076705369450064,1000
Y1,raw,2023,vol,low,242,0.3277386157510863,0.232466223560795,0.09527239219029128,0.04428978403924054,-0.0490841114314039,0.06102286470220477,-0.04248150720353794,0.24470723356982893,1000
Y1,raw,2023,breadth,high,69,0.490966297337181,0.4411931278448339,0.049773169492347155,0.04250950896210649,-0.09150307521277601,0.05938667699637955,-0.08651716924210583,0.23785073403996237,1000
Y1,raw,2023,breadth,low,173,0.2626362456387132,0.14921676462669856,0.11341948101201464,0.04499983594861774,-0.032067201542364976,0.061645939145760976,-0.05707101622335305,0.29654773226744496,1000
Y1,raw,2023,trend,nonpositive,124,0.33563125965800816,0.19062976498543122,0.14500149467257697,0.050592326487787664,-0.019661008572968375,0.06963568156877867,-0.03538440883889794,0.3229781401051712,1000
Y1,raw,2023,trend,positive,118,0.3194446509675412,0.2764299596908383,0.043014691276702925,0.03766677333059784,-0.07975395593638335,0.05189730349616502,-0.16166311725075516,0.24632468320478199,1000
Y4,band,2021,vol,high,11,0.3837976713036534,0.37736967148974393,0.00642799981390941,0.023976398580743505,-0.005859020944021919,0.013276665659676801,-0.6662962901658546,0.5093453080346902,976
Y4,band,2021,vol,low,232,0.2051033409192042,0.22272803701469582,-0.017624696095491613,0.04167153314695812,-0.006502594266588609,0.013331982710112348,-0.07947472098224631,0.032215261231526134,1000
Y4,band,2021,breadth,high,160,0.1532798854591197,0.21472073516846368,-0.061440849709343985,0.042922955146505626,-0.0060288956280650785,0.0005455958342185803,-0.16075423597246288,0.000986606630345742,1000
Y4,band,2021,breadth,low,83,0.32868635908598093,0.25865847405834247,0.07002788502763849,0.03691401507278995,-0.007340551286290211,0.03797613692329459,-0.07913784229426221,0.1947607737546437,1000
Y4,band,2021,trend,nonpositive,67,0.2546768297572128,0.2531192050718544,0.0015576246853583747,0.034888741907526735,-0.006156048144941889,0.016269598612100773,-0.18640395739255106,0.18345265348163348,1000
Y4,band,2021,trend,positive,176,0.19740001070376315,0.22082377405671802,-0.02342376335295488,0.043147672537944146,-0.006592325729545708,0.012209637728154907,-0.07420930920207627,0.022289602057475794,1000
Y4,band,2022,vol,high,147,0.3054707506711787,0.2110076365657379,0.0944631141054408,0.03192540661306821,-0.005731563163205717,0.04282856582582124,-0.03145059529372041,0.20594268497551504,1000
Y4,band,2022,vol,low,95,0.2889552115966989,0.17284034918219482,0.11611486241450407,0.03991748466563262,-0.005901700687629893,0.05257196279689324,-0.046829849308009264,0.24407188727701185,1000
Y4,band,2022,breadth,high,133,0.23625653698668134,0.21700581379488984,0.0192507231917915,0.028804067417876694,-0.0061571673641751135,0.01914399413394066,-0.07444855643595664,0.10076313612989225,1000
Y4,band,2022,breadth,low,109,0.3755305140469819,0.17042369277753786,0.20510682126944402,0.042699585768610285,-0.00536287667483794,0.08022074369072871,0.021785041347029906,0.3597684881431547,1000
Y4,band,2022,trend,nonpositive,125,0.3626002899703509,0.19393392371097884,0.16866636625937206,0.0383257279637811,-0.005436871783889685,0.06756126259849096,0.0032712772017892476,0.3081868906040741,1000
Y4,band,2022,trend,positive,117,0.23102486499192984,0.19825825028717628,0.03276661470475356,0.03157675059729477,-0.006186988591743442,0.024316781227867006,-0.10478823643724448,0.125953178436579,1000
Y4,band,2023,vol,low,242,0.16363076699281137,0.13578509610182635,0.02784567089098501,0.04217531886081629,-0.005342198899045903,0.026826488481335786,-0.12573911816947628,0.19118398483047572,1000
Y4,band,2023,breadth,high,69,0.27343672564429494,0.08032588040355287,0.19311084524074204,0.047732688349791594,-0.006281846371371223,0.07891088282355062,-0.050061679587491845,0.4334759239435338,1000
Y4,band,2023,breadth,low,173,0.1198353268370173,0.15790466768090652,-0.038069340843889216,0.03995879576983772,-0.00496524729677586,0.0060522902438010845,-0.20169258287632338,0.1506770812102783,1000
Y4,band,2023,trend,nonpositive,124,0.14512581429505994,0.16375630917213413,-0.018630494877074202,0.044341200843936196,-0.004397639188587636,0.01346662363102851,-0.20989371469987494,0.16843085379404898,1000
Y4,band,2023,trend,positive,118,0.1830766494887536,0.106391617960147,0.07668503152860659,0.039899307285334334,-0.006326782326049006,0.04086326707053041,-0.12271075043934117,0.28774384570290445,1000
Y4,band,2024,vol,high,204,0.19448650080651758,0.2337064151874612,-0.0392199143809436,0.018728809123121026,-0.005449177637035573,-0.002639697373923994,-0.2253714045243724,0.1313421730209221,1000
Y4,band,2024,vol,low,38,0.14226489277457036,0.02645136512077101,0.11581352765379935,0.02811292501794245,-0.004638719345874969,0.047380844107079274,-0.14109819410227203,0.5639863538814349,999
Y4,band,2024,breadth,high,127,0.23147783865270433,0.2772576604257628,-0.04577982177305844,0.021887714448374868,-0.005461432298529082,-0.0033404310630088616,-0.32943304627082853,0.20638097426776686,1000
Y4,band,2024,breadth,low,115,0.13637936157452007,0.11712641477182192,0.019252946802698154,0.018341117190042555,-0.005172482033679281,0.014664075526930253,-0.1896156786607457,0.1724872895370111,1000
Y4,band,2024,trend,nonpositive,127,0.1885780641227264,0.17036127259126957,0.01821679153145685,0.017807691746035637,-0.005251328831244066,0.01416351280722453,-0.15034011306771683,0.17514529981763713,1000
Y4,band,2024,trend,positive,115,0.18375563431632172,0.2351772082933926,-0.05142157397707086,0.02284688139175628,-0.005405194965355468,-0.004666161146812104,-0.329244244965498,0.17314598560328873,1000
Y4,raw,2021,vol,high,11,0.6291223023572675,0.42550108994981356,0.20362121240745393,0.02890712649295278,0.010795672957743085,0.06941051243209437,-0.021065095308602347,0.8558959592715496,976
Y4,raw,2021,vol,low,232,0.6808174455145871,0.5268374294379088,0.15398001607667838,0.04525768973298207,0.006148092794955873,0.06245265287770958,0.04546748160343737,0.28103095457668126,1000
Y4,raw,2021,breadth,high,160,0.5798232615359232,0.3877134602395455,0.19210980129637772,0.047864534117705554,0.01074829575768843,0.073554265308689,0.06297799184828351,0.3278808761957726,1000
Y4,raw,2021,breadth,low,83,0.8686538655369448,0.7815980961531989,0.08705576938374593,0.038065505429414864,-0.002204457110488889,0.04200427012003639,-0.05042758466910797,0.2605451448854988,1000
Y4,raw,2021,trend,nonpositive,67,0.7367545443187535,0.6847246526692448,0.05202989164950879,0.03561970716808231,-0.010511331480463015,0.03301024980622447,-0.05469414824166842,0.1929711990156455,1000
Y4,raw,2021,trend,positive,176,0.6562922625906683,0.46039911301251923,0.19589314957814902,0.047904784256890945,0.012685850658412212,0.07412410337867742,0.06124036674148539,0.336244619489665,1000
Y4,raw,2022,vol,high,147,0.6180680647371374,0.5038716467486627,0.11419641798847471,0.03436916309387439,-0.01166626450155872,0.05150646998455979,0.007791801245483404,0.2399410059478289,1000
Y4,raw,2022,vol,low,95,0.6299556652617613,0.5392163688403248,0.09073929642143654,0.044794912578532325,0.010063324189523049,0.04212075670098698,-0.07579495455028555,0.2626349504503495,1000
Y4,raw,2022,breadth,high,133,0.5044602620525549,0.49184908276946465,0.012611179283090216,0.031710140558499966,-0.01124809711089414,0.019841839141595295,-0.09989175122813533,0.13053474144364896,1000
Y4,raw,2022,breadth,low,109,0.7670511822315297,0.5493464137939953,0.2177047684375344,0.046700320875959794,0.006566609272697921,0.08202157609983486,0.09374913233241226,0.33161422467264007,1000
Y4,raw,2022,trend,nonpositive,125,0.7129211322283423,0.5109974428788052,0.2019236893495371,0.04183903389087751,0.0020372925132938757,0.07670153260722397,0.08607190904227273,0.3287145473352918,1000
Y4,raw,2022,trend,positive,117,0.5263816426297756,0.5249573226669542,0.0014243199628213993,0.03485388404615747,-0.008824568724790427,0.017016220224746536,-0.11655114491736947,0.12973760124780084,1000
Y4,raw,2023,vol,low,242,0.3364741857893324,0.232466223560795,0.1040079622285374,0.042915198340708255,-0.02317651022549072,0.055321421072491744,-0.021814753263442073,0.23974349057029193,1000
Y4,raw,2023,breadth,high,69,0.5161915234448711,0.4411931278448339,0.07499839560003725,0.0420953808541218,-0.033826492584621115,0.04948561879704624,-0.07345769422045803,0.25262778870237457,1000
Y4,raw,2023,breadth,low,173,0.2647950164353892,0.14921676462669856,0.11557825180869064,0.0432421775694624,-0.018904133581420735,0.057641586644818374,-0.03438504585785715,0.27801480513731,1000
Y4,raw,2023,trend,nonpositive,124,0.33649737633751176,0.19062976498543122,0.14586761135208057,0.04921996569891711,-0.014208994962554344,0.06771096817395732,-0.006628847172292564,0.3237276581233515,1000
Y4,raw,2023,trend,positive,118,0.3364498160607371,0.2764299596908383,0.060019856369898816,0.036289849591404036,-0.03252400494872065,0.042279098232147455,-0.12496196304565477,0.22838916690804523,1000
Y4,raw,2024,vol,high,204,0.47043450016302013,0.5069256709597421,-0.036491170796721956,0.017911962482276986,-0.01736137896548373,0.0014258474435393268,-0.23124533131266548,0.1662840327260701,1000
Y4,raw,2024,vol,low,38,0.12373755601674404,0.1586277220854299,-0.03489016606868588,0.025596318540148426,-0.022315309964801133,0.00646607058489395,-0.2986031868020289,0.13620540407990275,999
Y4,raw,2024,breadth,high,127,0.440736151540633,0.43095751730248283,0.009778634238150188,0.022373184188286335,-0.02820365543984127,0.02034396057871197,-0.2849353814654427,0.31457310797246046,1000
Y4,raw,2024,breadth,low,115,0.388671077532452,0.4757311792836384,-0.0870601017511864,0.0155244005130242,-0.006890557340319847,-0.017841103118050285,-0.26522038602380144,0.07512654962680884,1000
Y4,raw,2024,trend,nonpositive,127,0.3868578681334228,0.3795082741609192,0.0073495939725035965,0.016752056088189915,-0.0049203436631724,0.010381803725978765,-0.15755285551817128,0.21323072244638544,1000
Y4,raw,2024,trend,positive,115,0.44817144268650155,0.5325490391008433,-0.08437759641434174,0.021732081110521967,-0.032586299792144446,-0.006844556542450399,-0.37465052750474986,0.18097961134810697,1000
