model,year,layer,top_volatility_percentile,positive_return_component,negative_return_component,absolute_top_return,annual_excess,final_score
B10,2021,raw,0.843984735500795,4.3702295404500635,-4.4750895728022835,-0.1048600323522193,-0.262566670354305,0.0146364507886477
B10,2021,band,0.7388655205785251,3.669962350713878,-3.5688174089468285,0.1011449417670495,-0.0565616962350361,0.2546762275562343
B20,2021,raw,0.8099606690159505,4.171195742130972,-3.8795159636796006,0.2916797784513704,0.1339731404492846,0.1167694185216346
B20,2021,band,0.7098913458527333,3.5313296867873816,-3.3107781438738604,0.2205515429135212,0.0628449049114356,0.2991469214514289
R20,2021,raw,0.5733570863341891,3.0515438010263654,-2.1791543816475674,0.8723894193787983,0.7146827813767128,0.3050731816946886
R20,2021,band,0.5517807384568276,2.9359279244317054,-2.515714166412774,0.4202137580189319,0.2625071200168463,0.411838206198323
R30,2021,raw,0.6150959629447501,3.170990732740997,-2.337706050566918,0.833284682174079,0.6755780441719932,0.2953626235879524
R30,2021,band,0.5624246285534081,2.955331557311007,-2.5569887123866732,0.3983428449243333,0.2406362069222478,0.4039745558234861
L30,2021,raw,0.6094309108343932,3.144901124064471,-2.313049856365138,0.8318512676993334,0.6741446296972478,0.2960980710325332
L30,2021,band,0.5612846454583166,2.9412925064252295,-2.565127858152961,0.3761646482722678,0.2184580102701822,0.3976127461386326
T030,2021,raw,0.5917636455074999,3.065315955965823,-2.3853591302310453,0.6799568257347779,0.5222501877326923,0.2285976331500717
T030,2021,band,0.5434953618715238,2.877301928836604,-2.489867015222184,0.3874349136144204,0.2297282756123348,0.3885388115029958
B10,2022,raw,0.8452700492240692,3.965468448819786,-4.613608181533702,-0.6481397327139159,-0.5170115156491457,-0.0622804676011511
B10,2022,band,0.6790980210228055,3.235036730334112,-3.502808449588129,-0.2677717192540166,-0.1366435021892465,0.2267498560937692
B20,2022,raw,0.8252262228967367,3.878825728327789,-4.066011576413134,-0.187185848085345,-0.0560576310205748,0.0640367883931731
B20,2022,band,0.6683909130338436,3.137420118208876,-3.3541518195782043,-0.2167317013693279,-0.0856034843045578,0.2510854913545962
R20,2022,raw,0.5471285929927814,2.8245116137076933,-2.3282739204746443,0.4962376932330499,0.62736591029782,0.2825686986470319
R20,2022,band,0.5205835705969226,2.6836497882921098,-2.6717822396672957,0.0118675486248141,0.1429957656895842,0.3798520480222297
R30,2022,raw,0.5902904055862436,2.9220636484890563,-2.472415625891161,0.4496480225978953,0.5807762396626654,0.2690237600419123
R30,2022,band,0.5326362341481741,2.705777408142735,-2.714765523510158,-0.0089881153674225,0.1221401016973475,0.3724827540873587
L30,2022,raw,0.5860522235560038,2.9203979418236226,-2.4448987490229124,0.4754991928007107,0.6066274098654808,0.2778409021136109
L30,2022,band,0.5366616368439548,2.7090030985945805,-2.730798907050274,-0.0217958084556934,0.1093324086090766,0.3681047608502349
T030,2022,raw,0.5601594637937256,2.854466650978537,-2.467848227085102,0.3866184238934349,0.5177466409582051,0.232131071777361
T030,2022,band,0.42730269690524597,2.4506534222469862,-2.385757028785009,0.0648963934619772,0.1960246105267473,0.3861836281453326
B10,2023,raw,0.8584888730278932,3.5184086414150033,-4.019647785229202,-0.5012391438141989,-0.5206623811343158,-0.0548752317561838
B10,2023,band,0.6840974179566188,2.5838878745188527,-2.684377293595659,-0.1004894190768053,-0.1199126563969224,0.230043321197579
B20,2023,raw,0.8403096734240914,3.293804594778496,-3.5039160387441455,-0.2101114439656494,-0.2295346812857664,0.0152433321507255
B20,2023,band,0.6503509759413578,2.4204693438355447,-2.4905593487286692,-0.0700900048931242,-0.0895132422132412,0.2453838803870239
R20,2023,raw,0.5247808691564684,2.0010597645468633,-1.7105168548701362,0.2905429096767268,0.2711196723566098,0.1641727110827042
R20,2023,band,0.5404310317131159,2.0976650378570554,-1.9921988118093976,0.1054662260476575,0.0860429887275405,0.3554029081950684
R30,2023,raw,0.587328151021724,2.0944250845978245,-1.857284933547813,0.2371401510500114,0.2177169137298943,0.1505910025305643
R30,2023,band,0.5504277742686547,2.1037305942181734,-2.0240543805848232,0.0796762136333499,0.0602529763132329,0.3463860822079514
L30,2023,raw,0.5932693310136322,2.0971257785931448,-1.8490669278192398,0.2480588507739045,0.2286356134537875,0.1539858537104146
L30,2023,band,0.5574067351576881,2.140746909648729,-2.0367140416116527,0.1040328680370762,0.0846096307169591,0.3536499050624924
T030,2023,raw,0.558305343702083,2.1933843486356768,-1.9414948877547618,0.251889460880915,0.2324662235607979,0.1291252475455224
T030,2023,band,0.553725875511124,2.196782841245367,-2.0415745078234213,0.1552083334219452,0.1357850961018282,0.357097676244488
