model,year,layer,exp_id,ic_mean,ic_std,icir,ic_positive_ratio,annual_excess,top1_annual_ret,mean_turnover,final_score,n_days_ic,n_days_top,n_days_turnover
B10,2021,raw,S010_B10_wf2021_raw,-0.05951343546401328,0.13037031080820546,-0.4564953101290568,0.31275720164609055,-0.262566670354305,-0.10486003235221936,0.6092939130648514,0.014636450788647781,243,243,242
B10,2021,band,S010_B10_wf2021_band,-0.0479018227697956,0.12378449244265714,-0.3869775754986918,0.35802469135802467,-0.056561696235036166,0.10114494176704955,0.030648448217788293,0.25467622755623437,243,243,242
B20,2021,raw,S010_B20_wf2021_raw,-0.03696126093693034,0.12972392773295816,-0.28492246251606385,0.38271604938271603,0.13397314044928468,0.29167977845137044,0.6954600641279286,0.11676941852163468,243,243,242
B20,2021,band,S010_B20_wf2021_band,-0.029724905556972676,0.12096981357851468,-0.24572167781080292,0.4156378600823045,0.06284490491143561,0.22055154291352125,0.026055292664042117,0.29914692145142896,243,243,242
R20,2021,raw,S010_R20_wf2021_raw,0.11972342996746912,0.08656370321419046,1.3830673310178203,0.9176954732510288,0.7146827813767128,0.8723894193787983,0.8574034156843763,0.3050731816946886,243,243,242
R20,2021,band,S010_R20_wf2021_band,0.0997947117812644,0.07202768627694627,1.3855048931816856,0.8930041152263375,0.2625071200168463,0.4202137580189319,0.022772715064121977,0.41183820619832306,243,243,242
R30,2021,raw,S010_R30_wf2021_raw,0.11564436333418827,0.08545939131746373,1.353208366586578,0.9094650205761317,0.6755780441719932,0.833284682174079,0.8452284499910695,0.2953626235879524,243,243,242
R30,2021,band,S010_R30_wf2021_band,0.09689362678867779,0.07092055692762722,1.3662276635469104,0.8806584362139918,0.24063620692224783,0.39834284492433336,0.0232458565621977,0.4039745558234861,243,243,242
L30,2021,raw,S010_L30_wf2021_raw,0.11586465475364732,0.08569152796863573,1.3521133010494966,0.9094650205761317,0.6741446296972478,0.8318512676993334,0.8416372659270001,0.2960980710325332,243,243,242
L30,2021,band,S010_L30_wf2021_band,0.09734275375732353,0.0699778998542629,1.3910499451977139,0.897119341563786,0.21845801027018222,0.3761646482722678,0.022872528151171623,0.3976127461386326,243,243,242
B10,2022,raw,S010_B10_wf2022_raw,-0.07324044435648559,0.13228337551834898,-0.5536632556396056,0.29338842975206614,-0.5170115156491457,-0.6481397327139159,0.5929361172127106,-0.06228046760115112,242,242,241
B10,2022,band,S010_B10_wf2022_band,-0.06062581099650243,0.12319698774277907,-0.4921046537524282,0.3347107438016529,-0.13664350218924656,-0.26777171925401666,0.026689229502852616,0.22674985609376927,242,242,241
B20,2022,raw,S010_B20_wf2022_raw,-0.04826818591041823,0.13650354226804384,-0.35360390733038183,0.35537190082644626,-0.05605763102057482,-0.187185848085345,0.6661288264549572,0.0640367883931731,242,242,241
B20,2022,band,S010_B20_wf2022_band,-0.04128031253387774,0.12722602987100912,-0.3244643613868222,0.3884297520661157,-0.08560348430455789,-0.21673170136932793,0.022404461134951134,0.2510854913545962,242,242,241
R20,2022,raw,S010_R20_wf2022_raw,0.126735932843456,0.09528925227047293,1.3300128799806668,0.9090909090909091,0.62736591029782,0.49623769323304995,0.8544514919323214,0.28256869864703194,242,242,241
R20,2022,band,S010_R20_wf2022_band,0.10480647184929526,0.07569152372955511,1.3846526887709052,0.9256198347107438,0.14299576568958422,0.011867548624814116,0.016564234747878874,0.3798520480222297,242,242,241
R30,2022,raw,S010_R30_wf2022_raw,0.12260818087736106,0.09381238168090358,1.3069509448593302,0.9132231404958677,0.5807762396626654,0.4496480225978953,0.847507947359439,0.26902376004191236,242,242,241
R30,2022,band,S010_R30_wf2022_band,0.10191572753003239,0.07545226459064219,1.3507311951863175,0.9214876033057852,0.1221401016973475,-0.008988115367422568,0.01641855811286147,0.37248275408735876,242,242,241
L30,2022,raw,S010_L30_wf2022_raw,0.12312024327526974,0.09413510642155076,1.3079099600091735,0.9132231404958677,0.6066274098654808,0.47549919280071073,0.8446513938538041,0.2778409021136109,242,242,241
L30,2022,band,S010_L30_wf2022_band,0.10101882471328057,0.07491343395593263,1.3484740904108639,0.9173553719008265,0.10933240860907666,-0.021795808455693486,0.017008305392667462,0.36810476085023497,242,242,241
B10,2023,raw,S010_B10_wf2023_raw,-0.08358220343590682,0.13108842848846003,-0.6376016891778111,0.28512396694214875,-0.5206623811343158,-0.5012391438141989,0.5508121201384211,-0.05487523175618381,242,242,241
B10,2023,band,S010_B10_wf2023_band,-0.07324762445225073,0.12252000697493542,-0.5978421505251416,0.29338842975206614,-0.11991265639692242,-0.10048941907680536,0.015612773674813184,0.23004332119757903,242,242,241
B20,2023,raw,S010_B20_wf2023_raw,-0.06608326865275896,0.13260963975049964,-0.49832929775763135,0.3347107438016529,-0.2295346812857664,-0.21011144396564946,0.6315431866748031,0.015243332150725541,242,242,241
B20,2023,band,S010_B20_wf2023_band,-0.05978310531100561,0.11898948741907583,-0.5024234208224807,0.35537190082644626,-0.08951324221324122,-0.07009000489312421,0.012829682748671361,0.24538388038702394,242,242,241
R20,2023,raw,S010_R20_wf2023_raw,0.10066421423596474,0.0982808242397852,1.024250814079098,0.8429752066115702,0.2711196723566098,0.29054290967672686,0.8580962543955488,0.1641727110827042,242,242,241
R20,2023,band,S010_R20_wf2023_band,0.08256837488014344,0.0762030314180932,1.0835313680255887,0.859504132231405,0.08604298872754057,0.10546622604765758,0.011457794584170353,0.3554029081950684,242,242,241
R30,2023,raw,S010_R30_wf2023_raw,0.09641297543174106,0.09625712291526249,1.0016191271020616,0.8429752066115702,0.21771691372989438,0.2371401510500114,0.8442975392036679,0.15059100253056437,242,242,241
R30,2023,band,S010_R30_wf2023_band,0.07907287481203927,0.0764887120599908,1.0337848903773106,0.8512396694214877,0.060252976313232946,0.07967621363334991,0.011063202036113863,0.3463860822079514,242,242,241
L30,2023,raw,S010_L30_wf2023_raw,0.0969706080775204,0.09647440356564439,1.0051433799384764,0.8388429752066116,0.22863561345378752,0.24805885077390452,0.8446435785224327,0.15398585371041462,242,242,241
L30,2023,band,S010_L30_wf2023_band,0.0794579572596147,0.07393020334400753,1.0747699000621675,0.859504132231405,0.08460963071695919,0.10403286803707623,0.01172055685480409,0.3536499050624924,242,242,241
T030,2021,raw,S003_T030_wf2021_raw,0.07949828843038295,0.06366410271730644,1.248714503735119,0.8930041152263375,0.5222501877326923,0.6799568257347779,0.8662557951396305,0.22859763315007173,243,243,242
T030,2021,band,S003_T030_wf2021_band,0.06646104149250961,0.05388104241652284,1.23347727719776,0.8765432098765432,0.2297282756123348,0.3874349136144204,0.02321362592569483,0.3885388115029958,243,243,242
T030,2022,raw,S003_T030_wf2022_raw,0.09185711099303821,0.08535856204975446,1.076132361970857,0.8636363636363636,0.5177466409582051,0.3866184238934349,0.8664525496910525,0.23213107177736106,242,242,241
T030,2022,band,S003_T030_wf2022_band,0.0810647458623008,0.07009208669836171,1.1565463332709647,0.871900826446281,0.1960246105267473,0.06489639346197723,0.016832177858706422,0.3861836281453326,242,242,241
T030,2023,raw,S003_T030_wf2023_raw,0.06141873589505943,0.08038444455643338,0.7640624530526028,0.7892561983471075,0.23246622356079796,0.251889460880915,0.8839403796024691,0.12912524754552243,242,242,241
T030,2023,band,S003_T030_wf2023_band,0.050241865079573844,0.06513006213480083,0.7714082166171956,0.7975206611570248,0.1357850961018282,0.15520833342194523,0.012448662059633358,0.357097676244488,242,242,241
