month,days,ic_mean,ic_std,icir,ic_positive_ratio,annual_excess,top1_annual_ret,mean_turnover,final_score,n_days_ic,n_days_top,n_days_turnover,model,fold,year,layer
202101,20,0.0842793766721734,0.0920418425150069,0.9156637282487262,0.8,0.6095180103346458,-0.4430035120555846,0.8361023272141669,0.265736455605013,20,20,19,T030,wf2021,2021,raw
202102,15,0.0890256244175062,0.0824479185660951,1.079780132304226,0.8,0.5139762026070185,1.2813082985874096,0.8505512530883423,0.2346377346226053,15,15,15,T030,wf2021,2021,raw
202103,23,0.1031160853602679,0.0535713956747134,1.924834775378838,0.9565217391304348,0.6820590900621046,0.6473234535197151,0.8628960650698841,0.2869953416417733,23,23,23,T030,wf2021,2021,raw
202104,21,0.072268893292491,0.0528947262612458,1.3662778579391193,0.9047619047619048,0.5566907959291104,0.5564024206005765,0.8785393587206923,0.2323529884795218,21,21,21,T030,wf2021,2021,raw
202105,18,0.0756596646825137,0.0475942073576787,1.5896822088855953,1.0,0.6651729858415646,1.4373777169363242,0.8773718158235106,0.2666042168784217,18,18,18,T030,wf2021,2021,raw
202106,21,0.0784050575639136,0.055406637747699,1.4150841984121223,0.9523809523809524,0.7023028775021628,0.6907311674910589,0.8709427497571239,0.2807700613490771,21,21,21,T030,wf2021,2021,raw
202107,22,0.072041363688461,0.0519214188857091,1.3875076073525745,0.9545454545454546,0.8064908095151855,0.9906887320773964,0.8674196935511098,0.3105378802646071,22,22,22,T030,wf2021,2021,raw
202108,22,0.0841728649982753,0.0663398433571932,1.2688131406199403,0.8636363636363636,0.3120848119790502,0.7093912969600347,0.8605322787969958,0.1691349059539264,22,22,22,T030,wf2021,2021,raw
202109,20,0.0774380071742517,0.0831654475216499,0.9311319722543756,0.8,0.4171391658885909,0.4137534541306011,0.8787937676159068,0.1924788223515059,20,20,20,T030,wf2021,2021,raw
202110,16,0.0537129494618485,0.0464042629769801,1.1575003246683189,0.875,0.4154350215139987,-0.0220215915128363,0.8364205841200235,0.195189511002932,16,16,16,T030,wf2021,2021,raw
202111,22,0.0889147476055441,0.0560568728099526,1.5861524760217751,0.9090909090909092,0.4244331522305104,1.437679722478187,0.8812247263452833,0.1985284268077858,22,22,22,T030,wf2021,2021,raw
202112,23,0.0694961078267958,0.0654607782333974,1.0616449987656822,0.8695652173913043,0.1726745969857614,0.4767596773204225,0.8804682991929783,0.1154603324685532,23,23,23,T030,wf2021,2021,raw
202101,20,0.0724768377051026,0.0790179553599867,0.9172198568656406,0.8,0.3714001767051922,-0.6811213456850382,0.0321613418348742,0.4307623855431364,20,20,19,T030,wf2021,2021,band
202102,15,0.0743976728339326,0.0771810461421894,0.9639370875703208,0.7333333333333333,0.1218338914017475,0.8891659873821384,0.0262284666961028,0.3584406965452664,15,15,15,T030,wf2021,2021,band
202103,23,0.0840179923717522,0.0497144877395915,1.6900102201966778,0.9565217391304348,0.2681489243140859,0.2334132877716964,0.0217130833062684,0.4075379492510461,23,23,23,T030,wf2021,2021,band
202104,21,0.0617432507677382,0.0370574804734108,1.6661481023255142,0.9523809523809524,0.1725259861126195,0.1722376107840857,0.0185190395384306,0.3708993842793519,21,21,21,T030,wf2021,2021,band
202105,18,0.0665241746361459,0.0467500198330902,1.422976393885063,0.9444444444444444,0.3485399760242066,1.1207447071189662,0.0208329602425738,0.4249217745889482,18,18,18,T030,wf2021,2021,band
202106,21,0.065007231479479,0.0485642720568652,1.338581404110417,0.9523809523809524,0.3387059381835704,0.3271342281724665,0.0219595904851374,0.4210267969013214,21,21,21,T030,wf2021,2021,band
202107,22,0.0628751683037681,0.0451295304026089,1.393215655976187,0.9545454545454546,0.3663331832428079,0.5505311058050188,0.0278841316937873,0.4266847827862133,22,22,22,T030,wf2021,2021,band
202108,22,0.0650255511320547,0.0578718412037931,1.1236129658130298,0.7727272727272727,0.0010420619647278,0.3983485469457123,0.028351896369202,0.3178172701314796,22,22,22,T030,wf2021,2021,band
202109,20,0.0602832226903737,0.0661085615721374,0.911882232146177,0.8,0.1738549581917711,0.1704692464337813,0.023571252901344,0.3691984006632776,20,20,20,T030,wf2021,2021,band
202110,16,0.0481168997116646,0.0413496416704492,1.1636594119762744,0.75,0.2637102724235658,-0.1737463406032693,0.0162277420938178,0.3934915189835902,16,16,16,T030,wf2021,2021,band
202111,22,0.078376351311491,0.0445199163818943,1.7604784033998246,0.9545454545454546,0.381155742260849,1.394402312508526,0.0219340146022372,0.4391170588221799,22,22,22,T030,wf2021,2021,band
202112,23,0.0556213797930996,0.0473831374411438,1.1738644335696165,0.8695652173913043,-0.0335957137447534,0.2704893665899078,0.0190412903324179,0.3064574506940884,23,23,23,T030,wf2021,2021,band
202101,20,0.1114751409197382,0.1111419467274344,1.0029979157475164,0.85,0.5898025927679501,-0.4627189296222807,0.8216861856318163,0.2750249785087355,20,20,19,Y1,wf2021,2021,raw
202102,15,0.1466077256389927,0.0991899918019985,1.4780495791515809,1.0,1.0027109613525391,1.77004305733293,0.8358075000783273,0.4087141286378606,15,15,15,Y1,wf2021,2021,raw
202103,23,0.1406656299779471,0.0781792533726739,1.7992705725572202,1.0,0.8229534722865283,0.7882178357441391,0.8571759818159341,0.345999499132357,23,23,23,Y1,wf2021,2021,raw
202104,21,0.1285365632224732,0.054616985753484,2.3534173746355807,1.0,0.7903515860301182,0.7900632107015843,0.8371444600768053,0.3373767630749831,21,21,21,Y1,wf2021,2021,raw
202105,18,0.1241815590682094,0.0844265541584365,1.4708827134549145,0.8888888888888888,0.4606819275328029,1.2328866586275629,0.8269640101484992,0.2397879988425749,18,18,18,Y1,wf2021,2021,raw
202106,21,0.1557704583071613,0.0749122907586686,2.079371178342135,0.9523809523809524,0.889533361878643,0.8779616518675392,0.8416503943830816,0.3766730735715329,21,21,21,Y1,wf2021,2021,raw
202107,22,0.1107716686922449,0.0682895504897954,1.6220881217954075,0.9090909090909092,0.6772487727641536,0.8614466953263645,0.8429024016760888,0.2946125788033174,22,22,22,Y1,wf2021,2021,raw
202108,22,0.1396028469923891,0.0872284804525466,1.6004273634955126,0.9545454545454546,0.7858997545698831,1.1832062395508678,0.8583430306481025,0.3341081559734898,22,22,22,Y1,wf2021,2021,raw
202109,20,0.1533245022672532,0.1064089359805443,1.440898744587456,0.95,0.9009411343141092,0.8975554225561193,0.8557168323484134,0.37489709149661,20,20,20,Y1,wf2021,2021,raw
202110,16,0.0863427969454131,0.0561292549587953,1.5382851065598075,0.875,0.3277340684885799,-0.1097225445382551,0.8514176180637267,0.1774320539056212,16,16,16,Y1,wf2021,2021,raw
202111,22,0.1122412530860633,0.0981765474606998,1.1432593219983995,0.8636363636363636,0.3656480316680099,1.3788946019156867,0.8271438062020777,0.206447768874205,22,22,22,Y1,wf2021,2021,raw
202112,23,0.1397893297352189,0.068830896418986,2.030909620649079,1.0,0.5308868109185568,0.8349718912532179,0.8410592491293296,0.2628640004308557,23,23,23,Y1,wf2021,2021,raw
202101,20,0.0948186725146069,0.1095932398360227,0.8651872383413242,0.85,0.1940099641085451,-0.8585115582816857,0.0218643350545695,0.3895711577220354,20,20,19,Y1,wf2021,2021,band
202102,15,0.1273272176000864,0.0949590092106248,1.3408650601826195,0.9333333333333332,0.4867321422849901,1.254064238265381,0.0193755815760932,0.4911378552527036,15,15,15,Y1,wf2021,2021,band
202103,23,0.1131124054416727,0.0773562548908947,1.4622270119101484,0.9565217391304348,0.2576027685806881,0.2228671320382985,0.0146307651637573,0.4181365632017483,23,23,23,Y1,wf2021,2021,band
202104,21,0.1062417067792781,0.0514486641940458,2.065004183171263,1.0,0.2099441203056344,0.2096557449771007,0.0107695286496482,0.4022490602085071,21,21,21,Y1,wf2021,2021,band
202105,18,0.1045264109063115,0.0751364278654147,1.391154914810968,0.8888888888888888,0.2959762978043478,1.0681810288991076,0.0143685497673021,0.4262928887736383,18,18,18,Y1,wf2021,2021,band
202106,21,0.1369186545121776,0.0543114764779793,2.520989363411827,0.9523809523809524,0.524052851202782,0.5124811411916782,0.0170446930764923,0.5068699092427579,21,21,21,Y1,wf2021,2021,band
202107,22,0.0976459307809773,0.0548540534025378,1.7801041987620851,1.0,0.4186959958571799,0.6028939184193909,0.019166946312512,0.4589170871757912,22,22,22,Y1,wf2021,2021,band
202108,22,0.1141336307877041,0.0734355610341813,1.5542011142882044,1.0,0.1100069352930226,0.507313420274007,0.0210081872401202,0.3723530767309523,22,22,22,Y1,wf2021,2021,band
202109,20,0.1275260939186155,0.0951304250440066,1.340539515718792,0.95,0.313150769401986,0.3097650576439962,0.01778426356236,0.439620389319334,20,20,20,Y1,wf2021,2021,band
202110,16,0.0739688280959516,0.0507051915279528,1.458801867559734,0.9375,0.1621845682645408,-0.2752720447622944,0.0116510805536254,0.3747475775516553,16,16,16,Y1,wf2021,2021,band
202111,22,0.0998164961451168,0.0856942440740793,1.1647981404542105,0.8636363636363636,0.2998963353147787,1.3131429055624555,0.0178399960101456,0.4245435002494366,22,22,22,Y1,wf2021,2021,band
202112,23,0.1206958412449763,0.0531913067012631,2.269089607496148,1.0,0.2242790029690807,0.5283640833037421,0.017009234157062,0.4104592671415962,23,23,23,Y1,wf2021,2021,band
202101,20,0.1104023847050539,0.117674744382267,0.9381994860886308,0.8,0.5638731604829552,-0.4886483619072753,0.810164051433793,0.2702736865967702,20,20,19,Y4,wf2021,2021,raw
202102,15,0.1424910522517591,0.0967897644746694,1.4721706683050153,1.0,0.839293705968495,1.606625801948886,0.821160369531569,0.3624364218317815,15,15,15,Y4,wf2021,2021,raw
202103,23,0.1351468161933095,0.0826633416836621,1.634906276962433,1.0,0.8239872789089159,0.7892516423665262,0.8997430961385884,0.3313319813084221,23,23,23,Y4,wf2021,2021,raw
202104,21,0.1251012490725064,0.0579502300083585,2.158770535586523,1.0,0.7834212262124111,0.7831328508838774,0.8829476109826375,0.3201825841979346,21,21,21,Y4,wf2021,2021,raw
202105,18,0.1135137374698036,0.0859755948523089,1.3203018561814013,0.8888888888888888,0.4620034797982427,1.2342082108930024,0.8884906841111496,0.2174593336940493,18,18,18,Y4,wf2021,2021,raw
202106,21,0.1501876733933965,0.0724851721398217,2.071977881264997,0.9523809523809524,0.9616365028241672,0.9500647928130634,0.8762866151130766,0.3856800356706858,21,21,21,Y4,wf2021,2021,raw
202107,22,0.0987962648952718,0.0736389623663313,1.3416303234120903,0.9090909090909092,0.7992702305459135,0.9834681531081244,0.8702546859744779,0.3182231693295393,22,22,22,Y4,wf2021,2021,raw
202108,22,0.1358069692931587,0.088406050479948,1.5361727908426577,0.9545454545454546,0.7359602786358708,1.1332667636168556,0.8961702201496099,0.3062598052631417,22,22,22,Y4,wf2021,2021,raw
202109,20,0.1513273347271257,0.1067319385961485,1.4178261607307336,0.95,0.9807744401677916,0.9773887284098018,0.8762815309709555,0.3918788066499011,20,20,20,Y4,wf2021,2021,raw
202110,16,0.0778869177434394,0.0546747857765341,1.4245491159632055,0.9375,0.3711193545609161,-0.0663372584659191,0.8566879947626517,0.185484175036855,16,16,16,Y4,wf2021,2021,raw
202111,22,0.1089090290822281,0.0960201672997602,1.1342307782304817,0.8636363636363636,0.3982761250101894,1.4115226952578666,0.8791454274850239,0.1993028208904409,22,22,22,Y4,wf2021,2021,raw
202112,23,0.1316406274391883,0.0719904368523236,1.8285849231506537,1.0,0.3912433520232072,0.6953284323578685,0.886796243196728,0.203990383623619,23,23,23,Y4,wf2021,2021,raw
202101,20,0.0961896006946884,0.1127606635817669,0.8530421659405875,0.8,0.1316069475657339,-0.9209145748244968,0.0198322522570715,0.372008248870474,20,20,19,Y4,wf2021,2021,band
202102,15,0.1241008404504672,0.0974376825753145,1.273643185782292,0.8666666666666667,0.223099025017413,0.9904311209978042,0.0153662485731741,0.4119601691134585,15,15,15,Y4,wf2021,2021,band
202103,23,0.1127811423825068,0.0806043502513749,1.3991942374175157,0.9130434782608696,0.1636016431082674,0.1288660065658779,0.0129374294350509,0.3903117210549677,23,23,23,Y4,wf2021,2021,band
202104,21,0.1081277772965035,0.0540057011816695,2.0021548638498907,0.9523809523809524,0.272604785861416,0.2723164105328822,0.0134364058780966,0.4210016249135972,21,21,21,Y4,wf2021,2021,band
202105,18,0.1022938065443878,0.0770807236509235,1.3270997170141663,0.8888888888888888,0.4004900997165809,1.1726948308113403,0.016503092549775,0.4561136247677969,18,18,18,Y4,wf2021,2021,band
202106,21,0.1328021760744731,0.0521257329015465,2.547727747546605,0.9523809523809524,0.4615592598672141,0.4499875498561104,0.0184867414348952,0.4860426259594849,21,21,21,Y4,wf2021,2021,band
202107,22,0.0861327440636202,0.0623363557916526,1.3817417295214125,0.9090909090909092,0.351319947491467,0.5355178700536779,0.018016926120274,0.4344440040368059,22,22,22,Y4,wf2021,2021,band
202108,22,0.1110437810108452,0.0800024720644786,1.3880043721817563,0.9090909090909092,-0.104094868505451,0.2932116164755335,0.0206100025296233,0.3070060510938158,22,22,22,Y4,wf2021,2021,band
202109,20,0.1289043011092905,0.101021433429546,1.2760094242692606,0.9,0.2448465078075754,0.2414607960495856,0.0207812502531911,0.4187812977100315,20,20,20,Y4,wf2021,2021,band
202110,16,0.0722986023147056,0.0535277555599217,1.350675020060775,0.8125,0.2623229693993019,-0.1751336436275333,0.0135091852645186,0.4035635761663172,16,16,16,Y4,wf2021,2021,band
202111,22,0.0970735444623989,0.0817964481720052,1.1867696780460248,0.8181818181818182,0.2565297644210419,1.2697763346687188,0.0174545551040492,0.4105519805800574,22,22,22,Y4,wf2021,2021,band
202112,23,0.1127441536561851,0.0626892937145426,1.7984594653365955,1.0,-0.0321166790071783,0.2719684013274827,0.0136206607918291,0.3313764595227718,23,23,23,Y4,wf2021,2021,band
202101,20,0.0961041951051328,0.1574982468776307,0.6101921577565342,0.8,0.7984580996117889,-0.2540634227784417,0.8230695638410485,0.3310582387732752,20,20,19,Market,wf2021,2021,raw
202102,15,0.0722943769162955,0.1433048986002361,0.5044794534063219,0.8,0.2148098133791944,0.9821419093595852,0.8952884634339998,0.1247741557500765,15,15,15,Market,wf2021,2021,raw
202103,23,0.0950265975027632,0.115622255939041,0.8218711590687489,0.8260869565217391,0.5659343495883226,0.5311987130459332,0.7639756400577752,0.2785982518602695,23,23,23,Market,wf2021,2021,raw
202104,21,0.0766089750026209,0.0742393462914764,1.0319187712381106,0.8095238095238095,0.5634297297182062,0.5631413543896723,0.7997424900577567,0.2597497618991832,21,21,21,Market,wf2021,2021,raw
202105,18,0.0493075624905107,0.078482384619779,0.6282627971791304,0.7777777777777778,0.1580326066077018,0.9302373377024614,0.9154707526428788,0.0924915811856511,18,18,18,Market,wf2021,2021,raw
202106,21,0.0686854058247062,0.0734555758453411,0.9350604774962438,0.8571428571428571,0.3159842566216796,0.3044125466105757,0.8730977039104436,0.1603401281432533,21,21,21,Market,wf2021,2021,raw
202107,22,0.0821291400651882,0.0691755633417392,1.1872565411495992,0.8181818181818182,0.7491445656548305,0.9333424882170414,0.9091925330696812,0.28483726580162,22,22,22,Market,wf2021,2021,raw
202108,22,0.1117891205658215,0.101231893516867,1.1042875588136207,0.8181818181818182,0.6027523229138171,1.0000588078948014,0.7396106818538105,0.3036581405443306,22,22,22,Market,wf2021,2021,raw
202109,20,0.084106283974185,0.1216846316332279,0.6911824677062874,0.7,0.2519199122896784,0.2485342005316885,0.6324977363047384,0.219469166385156,20,20,20,Market,wf2021,2021,raw
202110,16,0.0481501952344581,0.0870558901479784,0.5530952030082288,0.75,0.3062673291666264,-0.1311892838602087,0.7314738849952527,0.1916981113451953,16,16,16,Market,wf2021,2021,raw
202111,22,0.0868167027689784,0.0894537946680575,0.9705200667130476,0.8181818181818182,0.3384530767957224,1.3516996470433995,0.8715076946247057,0.1748102957588964,22,22,22,Market,wf2021,2021,raw
202112,23,0.0588802132009049,0.0890377226359056,0.6612951393835479,0.7391304347826086,-0.0206320525206132,0.2834530278140479,0.8233931430358025,0.0703445266134372,23,23,23,Market,wf2021,2021,raw
202101,20,0.0844053091519108,0.125097438531538,0.674716526115214,0.85,0.3221100299032894,-0.7304114924869413,0.0265938158179495,0.4224169878863664,20,20,19,Market,wf2021,2021,band
202102,15,0.063301529658618,0.1134077206834648,0.5581765445696638,0.7333333333333333,0.1813470462776121,0.948679142258003,0.0242331873606511,0.3724547695385355,15,15,15,Market,wf2021,2021,band
202103,23,0.0779135571908893,0.0936173060202235,0.8322559204390924,0.8260869565217391,0.0307587334674757,-0.0039769030749137,0.0157315514594056,0.3356735774787767,23,23,23,Market,wf2021,2021,band
202104,21,0.0690892452267531,0.0579224387190102,1.1927889563130212,0.8571428571428571,0.197971385611609,0.1976830102830751,0.013230043643036,0.3830581006812731,21,21,21,Market,wf2021,2021,band
202105,18,0.0487189752640614,0.0660788083821965,0.7372859235335075,0.7777777777777778,0.2352031652919969,1.0074078963867563,0.0170034505075034,0.3849475045409726,18,18,18,Market,wf2021,2021,band
202106,21,0.0633889764509419,0.0671842642990711,0.9435092742664496,0.8571428571428571,0.3190939152626983,0.3075222052515947,0.0180662736467959,0.4156638830651475,21,21,21,Market,wf2021,2021,band
202107,22,0.0809229368184634,0.063807327748423,1.2682389260607043,0.9090909090909092,0.4797474033291596,0.6639453258913707,0.0201523602527312,0.4702476876503139,22,22,22,Market,wf2021,2021,band
202108,22,0.0953936775330431,0.0750168388386716,1.2716301967641317,0.9545454545454546,0.0183463641300855,0.41565284911107,0.0190516732691386,0.3379458782715013,22,22,22,Market,wf2021,2021,band
202109,20,0.0691132201416902,0.0977268299597907,0.7072082474191227,0.75,-0.201859728065572,-0.205245439823562,0.0167264030517714,0.262069448721473,20,20,20,Market,wf2021,2021,band
202110,16,0.0503581644072786,0.0785342883989867,0.6412251951840233,0.8125,0.3117241360980211,-0.1257324769288141,0.0100353089978609,0.4106499138929595,16,16,16,Market,wf2021,2021,band
202111,22,0.0797219301764586,0.0790513617161927,1.0084826933490822,0.8636363636363636,0.2348280427877932,1.2480746130354698,0.014321146378763,0.3980408409932925,22,22,22,Market,wf2021,2021,band
202112,23,0.0533369518505962,0.0750798725777958,0.7104028019670632,0.7391304347826086,-0.0751940415390986,0.2288910387955625,0.0111764925136143,0.2954236205244245,23,23,23,Market,wf2021,2021,band
202101,20,0.078729415007597,0.0787485040421972,0.9997575949558352,0.85,0.6281280907297642,-0.4243934316604665,0.8394634945787062,0.2680911448483562,20,20,19,T033,wf2021,2021,raw
202102,15,0.0860199091143792,0.0740921569006742,1.160985355436407,0.8666666666666667,0.4169788091661629,1.184310905146554,0.8455327914811915,0.2058417689512431,15,15,15,T033,wf2021,2021,raw
202103,23,0.1004370746607939,0.0544914816599633,1.84317019103168,0.9565217391304348,0.6707361089145379,0.6360004723721484,0.8582927765669668,0.2839078295685889,23,23,23,T033,wf2021,2021,raw
202104,21,0.0688406712336787,0.0514173444145178,1.3388608847375882,0.8571428571428571,0.5664625921486873,0.5661742168201536,0.875242208911476,0.2349023834646348,21,21,21,T033,wf2021,2021,raw
202105,18,0.0741036661341231,0.0429621200168776,1.724860554018553,1.0,0.6167226166620838,1.3889273477568436,0.8695492647054257,0.2537934720406467,18,18,18,T033,wf2021,2021,raw
202106,21,0.0748653843161889,0.0583810738677976,1.282357095481312,0.9047619047619048,0.6543872107615349,0.6428155007504311,0.8599038822248507,0.2682911522874808,21,21,21,T033,wf2021,2021,raw
202107,22,0.0724833736741057,0.0537419075065989,1.3487309445651052,0.9090909090909092,0.8665981553952792,1.05079607795749,0.8600136839572017,0.3309686909010655,22,22,22,T033,wf2021,2021,raw
202108,22,0.0824572532289172,0.0652717132789608,1.2632923066766797,0.8636363636363636,0.3160344784391726,0.7133409634201572,0.8561541322417348,0.1709470051507982,22,22,22,T033,wf2021,2021,raw
202109,20,0.0799460081036623,0.0840796166022991,0.950836972554371,0.85,0.4969829351317696,0.4935972233737798,0.869238149297544,0.2203018389917326,20,20,20,T033,wf2021,2021,raw
202110,16,0.050710647598086,0.0429178712794519,1.1815741574854184,0.8125,0.2447905123431658,-0.1926661006836695,0.8257805140388101,0.1459872585305411,16,16,16,T033,wf2021,2021,raw
202111,22,0.085686833689202,0.0587054888525204,1.4596051470496063,0.9090909090909092,0.4027521777465068,1.4159987479941836,0.8749683504853789,0.1926098816540191,22,22,22,T033,wf2021,2021,raw
202112,23,0.0655376991305569,0.0621649436165327,1.054254943667755,0.8695652173913043,0.2267456122745501,0.5308306926092115,0.8737875088496496,0.1321025106796929,23,23,23,T033,wf2021,2021,raw
202101,20,0.066297333900493,0.0743459420023021,0.8917411241953211,0.8,0.2937014669649456,-0.7588200554252851,0.0303964859032646,0.4055104278787015,20,20,19,T033,wf2021,2021,band
202102,15,0.0755398871636302,0.0704347414056826,1.072480506864411,0.7333333333333333,0.1854094965683613,0.9527415925487523,0.0245040255219571,0.3784875961793733,15,15,15,T033,wf2021,2021,band
202103,23,0.08359720425248,0.0537489285422678,1.5553278273582638,0.9565217391304348,0.2390512433813728,0.2043156068389833,0.0194792579073557,0.3993104773431971,23,23,23,T033,wf2021,2021,band
202104,21,0.0613968447203396,0.0344630594714282,1.7815262388773396,0.9523809523809524,0.1811925734459587,0.1809041981174249,0.0177286805730227,0.3735979057500166,21,21,21,T033,wf2021,2021,band
202105,18,0.0676691104264373,0.0417283091023396,1.6216595371855904,1.0,0.3771775813107784,1.1493823124055382,0.0158085729404,0.4354783466816884,18,18,18,T033,wf2021,2021,band
202106,21,0.0638306752302717,0.0558895680399669,1.1420856783975506,0.8571428571428571,0.3509251090155825,0.3393533990044786,0.0203222807229971,0.4247131185798843,21,21,21,T033,wf2021,2021,band
202107,22,0.0652061654369135,0.0460831269587578,1.414968335270955,1.0,0.4439085109695454,0.6281064335317564,0.0234721756743802,0.452213366763315,22,22,22,T033,wf2021,2021,band
202108,22,0.0643227246830118,0.0554007630778188,1.1610440201457268,0.8636363636363636,0.1377008204296251,0.5350073054106096,0.0247060665824217,0.3596275160273657,22,22,22,T033,wf2021,2021,band
202109,20,0.0617051680321067,0.0672934195986338,0.9169569387340136,0.75,0.1863392164250653,0.1829535046670755,0.0229152804338973,0.373709248010193,20,20,20,T033,wf2021,2021,band
202110,16,0.0503045856268405,0.037451303502424,1.343199860148648,0.875,0.340509976377088,-0.0969466366497471,0.0175662673509102,0.4170049469585895,16,16,16,T033,wf2021,2021,band
202111,22,0.0774899087823425,0.048273898082615,1.6052134147055572,0.9545454545454546,0.4124902353470711,1.4257368055947477,0.023293805485746,0.4477548924713345,22,22,22,T033,wf2021,2021,band
202112,23,0.0526346271202306,0.0492654654697072,1.068387898468046,0.8695652173913043,-0.0049685920901275,0.2991164882445336,0.0177321443869116,0.3142436299049804,23,23,23,T033,wf2021,2021,band
202201,19,0.1097255210216565,0.0844252875099378,1.299676012459425,0.9473684210526316,0.6160446355584157,-0.6283459324096043,0.8654181942671275,0.2690781407960491,19,19,18,T030,wf2022,2022,raw
202202,16,0.095981752815242,0.0613607782595298,1.564219938822813,0.9375,0.558515771230687,1.1729768960492932,0.8600059691199162,0.247945641759328,16,16,16,T030,wf2022,2022,raw
202203,23,0.0626020185823248,0.0572934268018671,1.0926562099142012,0.9130434782608696,0.174490170826532,-0.5193507224072551,0.8570006341644204,0.1202876684315634,23,23,23,T030,wf2022,2022,raw
202204,19,0.0890638580675399,0.1147840198544889,0.775925587729422,0.8421052631578947,0.4169266052495159,-1.452712624653842,0.8281681099243504,0.2122530918245656,19,19,19,T030,wf2022,2022,raw
202205,19,0.1282729819101709,0.0537996315617713,2.3842724975335816,1.0,0.6181460513662963,1.737748149727077,0.8502539532998054,0.2816768221840157,19,19,19,T030,wf2022,2022,raw
202206,21,0.1026852106605213,0.076487813747393,1.3425041928855133,0.9523809523809524,0.5273936313106793,1.285133072131339,0.8799364640335114,0.2353112344473589,21,21,21,T030,wf2022,2022,raw
202207,21,0.0923487438700099,0.0766838337351005,1.2042791729613165,0.8571428571428571,0.6039022088772771,0.9446166001302873,0.8740229783098596,0.2559032667182292,21,21,21,T030,wf2022,2022,raw
202208,23,0.061131642436888,0.100068594259797,0.6108973838303223,0.7391304347826086,0.0736171441769737,-0.3574839409111431,0.8743825661151906,0.0842230303932901,23,23,23,T030,wf2022,2022,raw
202209,21,0.0609089443182289,0.0864691643035175,0.7044007515145045,0.7142857142857143,0.4158588220208979,-0.8339203359989698,0.8598475747012638,0.1911669519231818,21,21,21,T030,wf2022,2022,raw
202210,16,0.1243832004287968,0.0899450649380129,1.3828796556488951,0.9375,0.9375789181169448,2.0065183518360907,0.8751252313517399,0.3684893862010802,16,16,16,T030,wf2022,2022,raw
202211,22,0.1101903030249289,0.1014436150168867,1.086222163973417,0.8181818181818182,0.5418854886164597,1.2276074832405204,0.8870764070590514,0.240518845677194,22,22,22,T030,wf2022,2022,raw
202212,22,0.0838425001640156,0.0834918767290052,1.0041994916002233,0.7727272727272727,0.9030793922720228,0.5936385872250943,0.8799080295573798,0.3404884088799991,22,22,22,T030,wf2022,2022,raw
202201,19,0.0993558376235792,0.0742135029384572,1.3387838289478369,0.9473684210526316,0.3185552021309618,-0.9258353658370588,0.017643069791954,0.430015974751134,19,19,18,T030,wf2022,2022,band
202202,16,0.0845353739798917,0.0476102361787953,1.7755714057461889,0.9375,0.133631566301567,0.7480926911201734,0.0207050460157233,0.3676921056777098,16,16,16,T030,wf2022,2022,band
202203,23,0.0633863158337699,0.0433780141482797,1.46125444141116,0.9130434782608696,0.2757903183898048,-0.4180505748439824,0.0192048851416091,0.4023301563079666,23,23,23,T030,wf2022,2022,band
202204,19,0.0863559670285308,0.0962055561164686,0.8976193321307384,0.8421052631578947,0.3678687469337016,-1.5017704829696563,0.0220718075808882,0.4382814686172563,19,19,19,T030,wf2022,2022,band
202205,19,0.1132827306647138,0.0457908837834154,2.4739144848246557,1.0,0.2909763136005657,1.4105784119613465,0.0246199150262702,0.4252200118381741,19,19,19,T030,wf2022,2022,band
202206,21,0.091472199717574,0.0639856139988563,1.4295744621472106,0.9523809523809524,0.2035159362075146,0.9612553770281744,0.0209633048990478,0.3913546692795696,21,21,21,T030,wf2022,2022,band
202207,21,0.0763884295759631,0.0627719137579571,1.216920514332415,0.8571428571428571,0.0716847705708544,0.4123991618238642,0.0202946858995377,0.3459723972317803,21,21,21,T030,wf2022,2022,band
202208,23,0.0536498094733991,0.082617740074435,0.6493739652653655,0.7391304347826086,0.2168378359484427,-0.214263249139674,0.0153632056366358,0.3819023128829018,23,23,23,T030,wf2022,2022,band
202209,21,0.0545040655718917,0.0659174896424647,0.8268528711806352,0.7619047619047619,0.1156149562774028,-1.134164201742465,0.0073194801784716,0.354290269058436,21,21,21,T030,wf2022,2022,band
202210,16,0.1037969549487568,0.0768591053103049,1.3504835182467338,0.9375,0.2115804727359825,1.2805199064551285,0.0166080320229119,0.4000105141934239,16,16,16,T030,wf2022,2022,band
202211,22,0.0908944819560182,0.0836757251569188,1.086270621324906,0.8181818181818182,0.0382284344086439,0.7239504290327048,0.0114334641631287,0.3443962838560618,22,22,22,T030,wf2022,2022,band
202212,22,0.0710130448876115,0.0655701786077496,1.0830082576474584,0.8181818181818182,0.1347889136950739,-0.1746518913518544,0.0085499290696466,0.3662769133426727,22,22,22,T030,wf2022,2022,band
202201,19,0.1521941106606946,0.0808727197518577,1.8818967771539368,0.9473684210526316,1.0756551362758917,-0.1687354316921285,0.8960387972443987,0.4147625459737257,19,19,18,Y1,wf2022,2022,raw
202202,16,0.1111723786193366,0.0842746393813513,1.319167657499788,0.875,0.3202343964575506,0.934695521276157,0.8511095336155619,0.1852064103003313,16,16,16,Y1,wf2022,2022,raw
202203,23,0.1128472197331266,0.0836065741918527,1.3497409841739854,0.9565217391304348,0.5784141535261611,-0.115426739707626,0.8305221129195941,0.2695065000752207,23,23,23,Y1,wf2022,2022,raw
202204,19,0.1097668967123892,0.1173603528691504,0.9352979437167558,0.8947368421052632,0.6933291582414487,-1.1763100716619097,0.8298803551698782,0.3029413996064268,19,19,19,Y1,wf2022,2022,raw
202205,19,0.1757348413051347,0.0509833163692646,3.4469087893834347,1.0,0.7418949768033505,1.8614970751641309,0.7860534475269856,0.3570463953049633,19,19,19,Y1,wf2022,2022,raw
202206,21,0.1360773756248746,0.1042741830811513,1.3049958446471108,0.9047619047619048,0.2846861205223593,1.042425561343019,0.7725624884748518,0.2080680398642021,21,21,21,Y1,wf2022,2022,raw
202207,21,0.1139931901072822,0.0877659163193084,1.2988321080424232,0.9047619047619048,0.3629012033292572,0.7036155945822671,0.8295169180187794,0.2056125616360562,21,21,21,Y1,wf2022,2022,raw
202208,23,0.1060433957900648,0.1344209124583618,0.7888906112202804,0.6521739130434783,0.3516615072760465,-0.0794395778120704,0.8613949027123351,0.1894973396851393,23,23,23,Y1,wf2022,2022,raw
202209,21,0.1152246766451008,0.0945168565599433,1.219091290578676,0.8571428571428571,0.6509056315727847,-0.5988735264470828,0.8603174711075967,0.2832663187975967,21,21,21,Y1,wf2022,2022,raw
202210,16,0.1623683326866492,0.1045493026440644,1.5530312357933969,0.9375,0.979448335073668,2.048387768792814,0.8429633114974185,0.4058928401475346,16,16,16,Y1,wf2022,2022,raw
202211,22,0.146880144240997,0.0982779775214492,1.4945377178619734,0.9090909090909092,0.4524694315593731,1.1381914261834338,0.8396893972621619,0.2425860679855621,22,22,22,Y1,wf2022,2022,raw
202212,22,0.1462470247895093,0.0748443814108529,1.954014744095441,1.0,1.0109263703754978,0.7014855653285691,0.849287992030419,0.4069903234193274,22,22,22,Y1,wf2022,2022,raw
202201,19,0.1320222244365228,0.0716877028401629,1.8416300035570063,1.0,0.4825244185177616,-0.7618661494502588,0.01265092073232,0.4937709391102415,19,19,18,Y1,wf2022,2022,band
202202,16,0.0910800796502842,0.0650728747851919,1.3996627619563922,0.9375,-0.0615288337326813,0.5529322910859248,0.0171930151207689,0.3128154772040785,16,16,16,Y1,wf2022,2022,band
202203,23,0.0994390843452762,0.0701448482047451,1.417624913165746,0.9565217391304348,0.1570034384326766,-0.5368374548011106,0.0154713067338178,0.3822352732477681,23,23,23,Y1,wf2022,2022,band
202204,19,0.104993032158018,0.0873364266768151,1.202167711149214,0.9473684210526316,0.5543657898931059,-1.315273440010252,0.0169223545923905,0.5032302434534218,19,19,19,Y1,wf2022,2022,band
202205,19,0.1459814619344975,0.045002457869022,3.243855310289297,1.0,0.1157099958697886,1.235312094230569,0.0225985093261267,0.3863260307368975,19,19,19,Y1,wf2022,2022,band
202206,21,0.1189666567177159,0.0935591198032885,1.2715666518437505,0.9047619047619048,0.1355490207813345,0.8932884616019943,0.0137818266600507,0.3841168209234715,21,21,21,Y1,wf2022,2022,band
202207,21,0.0913939866819657,0.0754222593782617,1.2117641056548274,0.9047619047619048,-0.1006990724949792,0.2400153187580306,0.0117131688713335,0.3028339222628924,21,21,21,Y1,wf2022,2022,band
202208,23,0.0953007400120962,0.1179132651553995,0.8082274703062292,0.6521739130434783,0.3038765077350261,-0.1272245773530907,0.0121607091543196,0.4256350355790504,23,23,23,Y1,wf2022,2022,band
202209,21,0.1050859629687099,0.0656669056660804,1.600288027931109,0.9047619047619048,0.1916073256340413,-1.0581718323858262,0.0062914247105253,0.3976291554645387,21,21,21,Y1,wf2022,2022,band
202210,16,0.1305090686058444,0.083969931640714,1.5542357371953044,0.9375,0.024011676610682,1.092951110329828,0.0093580350313815,0.3565997199161279,16,16,16,Y1,wf2022,2022,band
202211,22,0.1212579385401295,0.0881059250336633,1.3762745070073277,0.9090909090909092,0.0776456882848974,0.7633676829089582,0.0102576809873706,0.3687195776053098,22,22,22,Y1,wf2022,2022,band
202212,22,0.1253244081223087,0.0602512998150479,2.0800282899624447,1.0,0.1723068984928907,-0.1371339065540376,0.0067908619043995,0.3997845742254708,22,22,22,Y1,wf2022,2022,band
202201,19,0.1513279475738848,0.0752944811560287,2.0098146006251905,1.0,0.8766307040117175,-0.3677598639563031,0.9019892915841924,0.3529236027578115,19,19,18,Y4,wf2022,2022,raw
202202,16,0.1086294412839243,0.0864681729884317,1.2562939348615298,0.875,0.3950901884001871,1.0095513132187932,0.8645380764755349,0.2026174100909654,16,16,16,Y4,wf2022,2022,raw
202203,23,0.1077084126029561,0.0876150026255336,1.2293375492243228,0.9565217391304348,0.4851273388485542,-0.208713554385233,0.845056858625598,0.2351045091080693,23,23,23,Y4,wf2022,2022,raw
202204,19,0.1145054511352912,0.1199171691457004,0.9548711994373892,0.8947368421052632,0.6242801730024811,-1.2453590569008772,0.8231203289250458,0.286150133677347,19,19,19,Y4,wf2022,2022,raw
202205,19,0.169887703102409,0.0503513780787662,3.374042768733132,1.0,0.7100014939971157,1.8296035923578968,0.8460607166865868,0.3271373144341222,19,19,19,Y4,wf2022,2022,raw
202206,21,0.1346580624532306,0.1018740427423809,1.321809352297464,0.9047619047619048,0.3240925148598924,1.081831955680552,0.856929555314405,0.1940121128449385,21,21,21,Y4,wf2022,2022,raw
202207,21,0.1082013327335836,0.0921530538533424,1.1741480961204092,0.9047619047619048,0.3753599502394065,0.7160743414924164,0.8777721743549552,0.1925568658587688,21,21,21,Y4,wf2022,2022,raw
202208,23,0.1086338541363759,0.1317250575273198,0.8247015121921298,0.7391304347826086,0.3378862153450988,-0.0932148697430179,0.864097699309599,0.1855900964652003,23,23,23,Y4,wf2022,2022,raw
202209,21,0.1178664815950271,0.0883912010943318,1.3334639662746424,0.9047619047619048,0.7010996387978016,-0.548679519222066,0.8646882777649755,0.2980700009478587,21,21,21,Y4,wf2022,2022,raw
202210,16,0.1590757440745234,0.0970483140205545,1.6391396973762131,0.9375,1.0601820984523,2.129121532171446,0.8672486208392415,0.4215103409137269,16,16,16,Y4,wf2022,2022,raw
202211,22,0.1416697074955267,0.0957358545254738,1.4797978061378314,0.9090909090909092,0.525899658068493,1.2116216526925538,0.8749574619064412,0.2519505418468262,22,22,22,Y4,wf2022,2022,raw
202212,22,0.150335068981599,0.0760108217300598,1.9778113900082512,1.0,1.159063803253339,0.8496229982064101,0.8745651202220219,0.4454836325020347,22,22,22,Y4,wf2022,2022,raw
202201,19,0.1363727477839617,0.066317952753622,2.05634737083336,1.0,0.4261039315063147,-0.8182866364617056,0.0124130018149215,0.4786563780210026,19,19,18,Y4,wf2022,2022,band
202202,16,0.0963077482813243,0.0778926562491158,1.2364162800317589,0.8125,0.1694772826083307,0.7839384074269371,0.0137077115992964,0.38525397061524,16,16,16,Y4,wf2022,2022,band
202203,23,0.0961073317774717,0.0793617312729954,1.2110034677403054,0.9130434782608696,0.2426493463981061,-0.451191546835681,0.0122911395468638,0.4075503947663614,23,23,23,Y4,wf2022,2022,band
202204,19,0.1048125631063241,0.1138042636671954,0.9209897742744836,0.8421052631578947,0.394637754110007,-1.4750014757933514,0.0135038270906559,0.456265203348335,19,19,19,Y4,wf2022,2022,band
202205,19,0.1557119440392858,0.0506351070487233,3.075177542124139,1.0,0.513337005443634,1.6329391038044148,0.019405444799485,0.510464245808959,19,19,19,Y4,wf2022,2022,band
202206,21,0.1211439069677632,0.0862895776409708,1.403922817559874,0.9523809523809524,0.1784310105400348,0.9361704513606944,0.0141977399551897,0.3977275439625588,21,21,21,Y4,wf2022,2022,band
202207,21,0.0953865997004477,0.0779747938154994,1.2233004415009714,0.9047619047619048,0.1713862050986843,0.5121005963516941,0.0108770310148911,0.386307392105317,21,21,21,Y4,wf2022,2022,band
202208,23,0.0966286535372791,0.1149429845352795,0.840665952149701,0.7391304347826086,0.1247394024742665,-0.3063616826138505,0.0104928067945489,0.3729254401188269,23,23,23,Y4,wf2022,2022,band
202209,21,0.1034162341903323,0.073907380273553,1.3992680271923887,0.9047619047619048,0.2890303126737191,-0.9607488453461482,0.0048557899756858,0.4266188504855429,21,21,21,Y4,wf2022,2022,band
202210,16,0.1431182713369103,0.0905029064476759,1.5813665765491611,0.875,0.5180000936866528,1.586939527405799,0.0101706212541146,0.5095961502645255,16,16,16,Y4,wf2022,2022,band
202211,22,0.1221696655957509,0.0799630888528873,1.527825742456166,0.9090909090909092,0.119409477492699,0.80513147211676,0.0073161674247471,0.3824958592586859,22,22,22,Y4,wf2022,2022,band
202212,22,0.1314299224138225,0.064098085229347,2.050450055466679,1.0,0.5234120216375685,0.2139712165906401,0.0052256118648145,0.5080278918973552,22,22,22,Y4,wf2022,2022,band
202201,19,0.1040130630967495,0.142907710988471,0.7278338053090834,0.6842105263157895,0.6086436265976763,-0.6357469413703439,0.9056930677898,0.2524903928810628,19,19,18,Market,wf2022,2022,raw
202202,16,0.0936141916541939,0.1131957802355577,0.8270113202045609,0.75,0.3155398510506714,0.9300009758692775,0.6865173154715354,0.2261524373354184,16,16,16,Market,wf2022,2022,raw
202203,23,0.0624987739895208,0.08679557069426,0.720068702695379,0.782608695652174,0.2106759908289434,-0.4831649024048436,0.8636912944290224,0.1290949185157846,23,23,23,Market,wf2022,2022,raw
202204,19,0.1137918302721264,0.1323245907026131,0.8599446986226671,0.8421052631578947,0.7632738369344222,-1.1063653929689357,0.8554792360116785,0.3178551123856737,19,19,19,Market,wf2022,2022,raw
202205,19,0.1260220378244239,0.0636876675325057,1.9787510315101933,1.0,0.5668538456420774,1.686455944002858,0.6617688724764182,0.3219343070794673,19,19,19,Market,wf2022,2022,raw
202206,21,0.0942306055214925,0.0781570602566577,1.2056569836691824,0.9523809523809524,0.2470246521988942,1.004764093019554,0.905743207505626,0.1400766756165775,21,21,21,Market,wf2022,2022,raw
202207,21,0.0701609460233742,0.0973652774472963,0.7205951429795111,0.8095238095238095,0.3156699925697198,0.6563843838227297,0.9353213978381952,0.142168956828807,21,21,21,Market,wf2022,2022,raw
202208,23,0.0810951529212583,0.1126872658673001,0.7196478883138009,0.6956521739130435,0.1743246322906413,-0.2567764527974758,0.8612245768521976,0.1263680778000364,23,23,23,Market,wf2022,2022,raw
202209,21,0.0241319013664877,0.130369049329319,0.1851045281885065,0.6190476190476191,0.3307157338474433,-0.9190634241724244,0.8701067238358956,0.1478354635500594,21,21,21,Market,wf2022,2022,raw
202210,16,0.098115501964057,0.1125260726224517,0.8719357183401825,0.875,0.6692752004386392,1.7382146341577849,0.8937108559780083,0.2719155041238121,16,16,16,Market,wf2022,2022,raw
202211,22,0.1168892426293254,0.1223802319177401,0.9551317299994532,0.8181818181818182,0.5259670176919514,1.211689012316013,0.8816027905970895,0.2400649651801887,22,22,22,Market,wf2022,2022,raw
202212,22,0.064028637651747,0.1144622544995321,0.559386480125715,0.7727272727272727,0.5965468979473721,0.2871060929004437,0.8889455810489154,0.2378918501302358,22,22,22,Market,wf2022,2022,raw
202201,19,0.0963233605034918,0.13442256792488,0.7165713465414574,0.7368421052631579,0.4242642155680589,-0.8201263523999611,0.0136139446768692,0.4617244254687536,19,19,18,Market,wf2022,2022,band
202202,16,0.0826422364840692,0.0967173476213937,0.8544717004396933,0.8125,0.0949443682621385,0.7094054930807449,0.0222993094620375,0.354850412233658,16,16,16,Market,wf2022,2022,band
202203,23,0.0627207417088561,0.072912687581998,0.8602171143166268,0.8260869565217391,0.2841912224367845,-0.4096496707970026,0.0162263366346833,0.4054777624241727,23,23,23,Market,wf2022,2022,band
202204,19,0.1049336065633974,0.1052209854133418,0.9972688067041426,0.8421052631578947,0.4368530734739149,-1.4327861564294426,0.0207554358757277,0.4668027339048151,19,19,19,Market,wf2022,2022,band
202205,19,0.1099933548683888,0.0608229877580069,1.8084174902096792,1.0,0.1650797949742967,1.2846818933350772,0.0252803390013325,0.3859371787392448,19,19,19,Market,wf2022,2022,band
202206,21,0.0874900974263454,0.0739092943051891,1.1837495980556652,0.9047619047619048,0.1763514025120214,0.9340908433326812,0.0170823751321444,0.3827767471845012,21,21,21,Market,wf2022,2022,band
202207,21,0.0591511357920847,0.0791881112888411,0.7469699027967603,0.8571428571428571,-0.1193817904162575,0.2213326008367521,0.0121237026131171,0.2842088064080215,21,21,21,Market,wf2022,2022,band
202208,23,0.0725037537332142,0.0979555815984187,0.7401697029420186,0.7391304347826086,0.0403031257266089,-0.3907979593615078,0.0091720503407203,0.3383408241090523,23,23,23,Market,wf2022,2022,band
202209,21,0.0308792001233283,0.1076407337558569,0.2868728133474674,0.5714285714285714,0.2412750678988742,-1.0085040901209934,0.006704368037718,0.3827228900076782,21,21,21,Market,wf2022,2022,band
202210,16,0.0819965799924824,0.0915276694737503,0.8958665774397184,0.8125,0.1635580346598093,1.2324974683789551,0.0107009182036827,0.3786557669338309,16,16,16,Market,wf2022,2022,band
202211,22,0.0991004701680625,0.1004146254622431,0.9869127102936336,0.8181818181818182,0.1303289640107629,0.8160509586348236,0.0102521970213158,0.3756632181640591,22,22,22,Market,wf2022,2022,band
202212,22,0.0558249383295174,0.1002949814286142,0.5566074945559596,0.7727272727272727,0.1297997228070039,-0.1796410822399245,0.0052207519492656,0.3597036665891284,22,22,22,Market,wf2022,2022,band
202201,19,0.1051020033343083,0.0812200266697157,1.2940404927679914,0.9473684210526316,0.6755283442597899,-0.5688622237082305,0.8757688373677751,0.2819686534013277,19,19,18,T033,wf2022,2022,raw
202202,16,0.0889463292095464,0.0562375841867789,1.5816171781869872,0.9375,0.5110385738205212,1.1254996986391277,0.8586207016009244,0.2313038933496976,16,16,16,T033,wf2022,2022,raw
202203,23,0.0660835757642565,0.0614000243131351,1.076279309389775,0.8695652173913043,0.2029158334610785,-0.4909250597727087,0.8589643224917517,0.1296188835965006,23,23,23,T033,wf2022,2022,raw
202204,19,0.0866531345404715,0.1144816708851383,0.7569171018425503,0.7894736842105263,0.3821263689053227,-1.4875128609980357,0.8439141572381085,0.1961249173163529,19,19,19,T033,wf2022,2022,raw
202205,19,0.1284334190580331,0.0558997205399909,2.29756817775415,1.0,0.5418259393954695,1.66142803775625,0.8371431125069163,0.2627782156897792,19,19,19,T033,wf2022,2022,raw
202206,21,0.1036201460928467,0.0782906398628175,1.3235317309248211,0.9047619047619048,0.386691959138169,1.144431399958829,0.8770019923277028,0.1943550484802785,21,21,21,T033,wf2022,2022,raw
202207,21,0.090661015842247,0.0707834488133225,1.2808222453436493,0.8571428571428571,0.5569719123138128,0.8976863035668228,0.8698264348008019,0.2424080495908021,21,21,21,T033,wf2022,2022,raw
202208,23,0.0600491581005094,0.0956984948842981,0.6274827851066035,0.782608695652174,0.1064844425063394,-0.3246166425817774,0.8754459572755188,0.09333120880945,23,23,23,T033,wf2022,2022,raw
202209,21,0.0608280689837296,0.0845245070112125,0.7196500888867718,0.8095238095238095,0.4073156639819821,-0.8424634940378856,0.8615257428696323,0.1880682039271967,21,21,21,T033,wf2022,2022,raw
202210,16,0.1240148147049256,0.0881441430658062,1.4069546811787517,0.9375,0.9079429000118632,1.9768823337310093,0.8815140186694681,0.3575345902846888,16,16,16,T033,wf2022,2022,raw
202211,22,0.1013585162758029,0.096911646108604,1.0458858181215445,0.8181818181818182,0.4421331424492944,1.1278551370733552,0.8920924816958181,0.205555604736364,22,22,22,T033,wf2022,2022,raw
202212,22,0.081113948980942,0.0799925230957223,1.0140191338117654,0.8181818181818182,0.8691961915179482,0.5597553864710197,0.8787642747078279,0.3295751546354129,22,22,22,T033,wf2022,2022,raw
202201,19,0.0957963095212197,0.073465189444226,1.3039687264938884,0.9473684210526316,0.343193286390444,-0.9011972815775764,0.0169275583140043,0.4361982422314198,19,19,18,T033,wf2022,2022,band
202202,16,0.0791605937364033,0.0442622937931368,1.7884430957502164,0.9375,0.0392329913266844,0.6536941161452907,0.0177505501908137,0.3381089698353225,16,16,16,T033,wf2022,2022,band
202203,23,0.064752217588636,0.0495482950232897,1.3068505698975077,0.8695652173913043,0.25702893375937,-0.4368119594744169,0.0186566306148689,0.3974125779788047,23,23,23,T033,wf2022,2022,band
202204,19,0.0855220115755274,0.0942847547965974,0.9070608685362324,0.8421052631578947,0.4483449817084096,-1.4212942481949484,0.0234091227828362,0.4616895623078829,19,19,19,T033,wf2022,2022,band
202205,19,0.1124146781571761,0.0441214641070311,2.5478455992411613,1.0,0.199179140781385,1.3187812391421658,0.0214395760444861,0.3982877406839401,19,19,19,T033,wf2022,2022,band
202206,21,0.0922659872757839,0.0685205522859088,1.3465447110057562,0.9047619047619048,0.1780361651867644,0.9357756060074244,0.0203539524402254,0.3842110587342753,21,21,21,T033,wf2022,2022,band
202207,21,0.0754501101906545,0.0608182918059778,1.2405825278907048,0.8571428571428571,-0.0357626847334382,0.3049517065195716,0.0168174467249296,0.3144060046387514,21,21,21,T033,wf2022,2022,band
202208,23,0.055487762914904,0.0811249667353728,0.6839788680087038,0.782608695652174,0.2352731756429264,-0.1958279094451904,0.0127348749244155,0.3889565953815149,23,23,23,T033,wf2022,2022,band
202209,21,0.0572052089115657,0.0652522321762508,0.8766781917444674,0.8095238095238095,0.0954155793601397,-1.154363578659728,0.0064988889614424,0.3495570906842354,21,21,21,T033,wf2022,2022,band
202210,16,0.103226291021171,0.0757604536142024,1.362535281887748,0.9375,0.1924960613970626,1.2614354951162088,0.0136548190346769,0.3949428891171841,16,16,16,T033,wf2022,2022,band
202211,22,0.0838135003886928,0.0811819592585692,1.0324153439281007,0.8181818181818182,0.1041636392404913,0.7898856338645522,0.0141765170905931,0.3605215368004466,22,22,22,T033,wf2022,2022,band
202212,22,0.0714710958902362,0.0670245419323683,1.0663421760100154,0.7727272727272727,0.1665364921338356,-0.1429043129130928,0.0087488151946918,0.3759247414378376,22,22,22,T033,wf2022,2022,band
202301,16,0.0679064602228,0.0724477145633929,0.9373168033255316,0.8125,-0.0760469153900253,0.969492357314482,0.8963023444199762,0.0354578061461195,16,16,15,T030,wf2023,2023,raw
202302,20,0.1238559050481969,0.0595222179132348,2.080834844372583,0.95,0.6546421493883817,0.9476537191518754,0.9143331988993249,0.2716350471659958,20,20,20,T030,wf2023,2023,raw
202303,23,0.0660858243716392,0.0778895394395802,0.8484557085217166,0.782608695652174,0.4384413096010838,0.252545905808014,0.8919363651608153,0.1903858130807362,23,23,23,T030,wf2023,2023,raw
202304,19,0.0561766421504414,0.0827330475502918,0.6790109129763747,0.7368421052631579,0.3911541507375065,-0.0502581731424694,0.8784414594232232,0.1762844642544615,19,19,19,T030,wf2023,2023,raw
202305,20,0.0625300352898579,0.067121944706605,0.9315885521967724,0.8,0.2211045525388918,0.0929611269329526,0.8555050983689693,0.1346918503669199,20,20,20,T030,wf2023,2023,raw
202306,20,0.0433155034104501,0.0870854925505291,0.4973905772573706,0.8,0.1254888896021697,0.4534382502499231,0.8780739560247884,0.0915506814373944,20,20,20,T030,wf2023,2023,raw
202307,21,0.0912594635578955,0.0632740032594377,1.4422900220760664,0.8571428571428571,0.2647496287307864,0.3490128417848398,0.8871322272495945,0.1497890058675158,21,21,21,T030,wf2023,2023,raw
202308,23,0.0284541396690604,0.1091349433527816,0.2607243729176793,0.6086956521739131,0.0253907607210193,-0.3954834837195091,0.8755631692507605,0.0563299333087018,23,23,23,T030,wf2023,2023,raw
202309,20,0.0141639685553983,0.0645671953382141,0.219367876848375,0.65,-0.1023605619964644,-0.207206114922143,0.8872351061379037,0.0087868869818488,20,20,20,T030,wf2023,2023,raw
202310,17,0.0305214234936902,0.0697060326375134,0.4378591398596487,0.6470588235294118,0.0478456688750925,-0.028261727307656,0.8668571678010633,0.0665051197196848,17,17,17,T030,wf2023,2023,raw
202311,22,0.0847780635685362,0.0851850781634187,0.9952219965790058,0.9090909090909092,0.3900259570509366,0.7812745788150721,0.9044585892375804,0.1795814357714214,22,22,22,T030,wf2023,2023,raw
202312,21,0.0646341319309854,0.0593111439441829,1.0897468440637712,0.9047619047619048,0.3067771450728215,-0.0040932989340093,0.8702302152705651,0.1568177317130711,21,21,21,T030,wf2023,2023,raw
202301,16,0.0701235230536862,0.052987451400527,1.3233986764834067,0.875,0.3838954157982144,1.429434688502722,0.0137929335773299,0.4390801538877398,16,16,15,T030,wf2023,2023,band
202302,20,0.1003637955520991,0.0573830055408679,1.74901601277438,0.95,0.1682012627708078,0.4612128325343012,0.0125790559492934,0.3868321802672939,20,20,20,T030,wf2023,2023,band
202303,23,0.0508922571775638,0.0640758956055283,0.7942496425000886,0.8695652173913043,-0.0111738523635045,-0.1970692561565742,0.0108448932198238,0.313751279196027,23,23,23,T030,wf2023,2023,band
202304,19,0.0414064797426397,0.0640306859204116,0.6466661905528676,0.7894736842105263,-0.0490166028212173,-0.4904289267011932,0.0149330963783425,0.2973776821371879,19,19,19,T030,wf2023,2023,band
202305,20,0.0631923422097909,0.0499463692198535,1.2652039216630817,0.9,0.4096853410789673,0.2815419154730281,0.0127259187040786,0.444364763596383,20,20,20,T030,wf2023,2023,band
202306,20,0.0413378159807324,0.0667832930534801,0.6189843910157155,0.75,0.2610161819618858,0.588965542609639,0.0228880184520886,0.3879735754452321,20,20,20,T030,wf2023,2023,band
202307,21,0.062810213202063,0.053734845693842,1.1688916640782498,0.8571428571428571,-0.2037648180703523,-0.1195016050162989,0.0122040337025086,0.2603334297489669,21,21,21,T030,wf2023,2023,band
202308,23,0.0220119531973864,0.0919984719312517,0.2392643348884686,0.5652173913043478,0.2105600115369207,-0.2103142329036077,0.0108602167283255,0.3687147197215331,23,23,23,T030,wf2023,2023,band
202309,20,0.0126508145373987,0.0469019189627862,0.269729145782636,0.6,0.2424348477048008,0.1375892947791222,0.0091596586215823,0.375042882539925,20,20,20,T030,wf2023,2023,band
202310,17,0.0189809240918487,0.0625117413267909,0.3036377437099797,0.7058823529411765,-0.002661437525079,-0.0787688337078274,0.0142224810153154,0.3025271940746211,17,17,17,T030,wf2023,2023,band
202311,22,0.0698715248863543,0.0629183805962098,1.1105105411845797,0.8181818181818182,0.2632920475105686,0.654540669274704,0.0094300488184681,0.4041072095621718,22,22,22,T030,wf2023,2023,band
202312,21,0.0496798060361384,0.0509669873518037,0.9747448028116628,0.9047619047619048,-0.0015129381748787,-0.3123833821817097,0.0075098190074065,0.3171650952597697,21,21,21,T030,wf2023,2023,band
202301,16,0.1106968284547204,0.0925379572661987,1.1962315975517497,0.9375,0.1695252575453826,1.2150645302498904,0.8287053979544425,0.1465246892591702,16,16,15,Y1,wf2023,2023,raw
202302,20,0.1720696594821828,0.0710655178954708,2.421282002549779,1.0,0.5968147050988938,0.8898262748623873,0.8133954620076255,0.3038536367202536,20,20,20,Y1,wf2023,2023,raw
202303,23,0.1063396088102649,0.1005792194087389,1.057272162534058,0.782608695652174,0.3931147780152009,0.207219374222131,0.8528446867531017,0.2046168709027357,23,23,23,Y1,wf2023,2023,raw
202304,19,0.099457564883909,0.1100294624657392,0.9039175749393296,0.7368421052631579,0.599458202262126,0.15804587838215,0.8564665924964081,0.262680508883279,19,19,19,Y1,wf2023,2023,raw
202305,20,0.0790193674473802,0.0745148693505669,1.060450996372566,0.8,0.0781967599831764,-0.0499466656227627,0.8219363458591904,0.1084858712161479,20,20,20,Y1,wf2023,2023,raw
202306,20,0.0848125824423871,0.102515266405216,0.827316607724991,0.85,0.0384122124525581,0.3663615731003114,0.8151150456751015,0.1009141830101918,20,20,20,Y1,wf2023,2023,raw
202307,21,0.1360188170527253,0.0791108474236693,1.7193447103946642,0.9047619047619048,0.6117741677522406,0.696037380806294,0.833324151967013,0.2879425315566584,21,21,21,Y1,wf2023,2023,raw
202308,23,0.0995756035202887,0.1091185447090145,0.9125451937232676,0.8695652173913043,0.4576043467744445,0.036730102333916,0.8486299851729003,0.2225225498885787,23,23,23,Y1,wf2023,2023,raw
202309,20,0.0684281109882329,0.0918716104403531,0.7448232447460947,0.8,0.0335142962824762,-0.0713312566432023,0.8379323932269827,0.0860458153119412,20,20,20,Y1,wf2023,2023,raw
202310,17,0.0783726827156371,0.0970602547580286,0.807464218088242,0.7647058823529411,0.110898614462639,0.0347912182798905,0.8411838495934368,0.1122635025470155,17,17,17,Y1,wf2023,2023,raw
202311,22,0.1117555162067698,0.1301890305476901,0.8584096197400606,0.8636363636363636,0.1946611509677012,0.5859097727318368,0.8151332583560834,0.1585605742661932,22,22,22,Y1,wf2023,2023,raw
202312,21,0.1166963059239239,0.0862090800155654,1.3536428634066608,0.9047619047619048,0.5566788767429716,0.2458084327361408,0.8505975092653677,0.2585029326128507,21,21,21,Y1,wf2023,2023,raw
202301,16,0.1080854472590581,0.0709947486310589,1.5224428474386156,1.0,0.4080302058364573,1.453569478540965,0.0129366724439606,0.4617622389213722,16,16,15,Y1,wf2023,2023,band
202302,20,0.1451472272949,0.0563070433114032,2.5777810156390344,0.95,0.1571787624124301,0.4501903321759234,0.0085141909583784,0.4026582623541755,20,20,20,Y1,wf2023,2023,band
202303,23,0.0938252740108386,0.0832323348479371,1.1272695182978398,0.8695652173913043,0.1581761878471102,-0.0277192159459595,0.0073100860037135,0.3827899401573544,23,23,23,Y1,wf2023,2023,band
202304,19,0.0850382430915479,0.0928894572412452,0.9154778767916936,0.7368421052631579,0.104213669383965,-0.337198654496011,0.0079526626590724,0.362893599254087,19,19,19,Y1,wf2023,2023,band
202305,20,0.0789280962420037,0.0679503776000443,1.161554932138482,0.8,0.3463728573402216,0.2182294317342824,0.0123058367684376,0.4317913446683367,20,20,20,Y1,wf2023,2023,band
202306,20,0.0760502877649812,0.0830602355275565,0.9156040466529898,0.85,0.1475709023510802,0.4755202629988335,0.0115726959001517,0.371219577041271,20,20,20,Y1,wf2023,2023,band
202307,21,0.1183106982326635,0.071703480076158,1.6499993878540191,0.9047619047619048,0.1771205213113208,0.2613837343653741,0.0079154685243292,0.3980857951291629,21,21,21,Y1,wf2023,2023,band
202308,23,0.0870363189265322,0.0912256109656177,0.9540776762715858,0.8695652173913043,0.1259322459219824,-0.2949419985185462,0.0071292394677243,0.3704554295068903,23,23,23,Y1,wf2023,2023,band
202309,20,0.0662424173595643,0.0726986725070387,0.9111915675372292,0.8,0.2137088583743701,0.1088633054486916,0.0042198523499696,0.3893436687511459,20,20,20,Y1,wf2023,2023,band
202310,17,0.0682746351611743,0.0821525671234605,0.8310712318772685,0.7647058823529411,0.094830847998347,0.0187234518155986,0.009918154764182,0.3527836620347192,17,17,17,Y1,wf2023,2023,band
202311,22,0.091271954027487,0.1128228406914304,0.808984718591824,0.8636363636363636,-0.0199274498390026,0.3713211719251326,0.0084519838057053,0.3279949515175824,22,22,22,Y1,wf2023,2023,band
202312,21,0.1037673484245343,0.0694832735380077,1.4934147909391902,0.9523809523809524,0.1559722261924114,-0.1548982178144194,0.0046398082221473,0.3869066647608929,21,21,21,Y1,wf2023,2023,band
202301,16,0.1028289166919726,0.0856399871588778,1.20071149124773,0.9375,0.0566360964490692,1.1021753691535767,0.8718253593681256,0.0965747878010721,16,16,15,Y4,wf2023,2023,raw
202302,20,0.171997427108948,0.0686610128396741,2.5050231564536904,0.95,0.7222339332553336,1.015245503018827,0.9000773723924406,0.3154459391024471,20,20,20,Y4,wf2023,2023,raw
202303,23,0.1059276979445667,0.1010605590543286,1.0481606171169262,0.8260869565217391,0.4037353862419619,0.2178399824488922,0.8559332131171251,0.2067117311152777,23,23,23,Y4,wf2023,2023,raw
202304,19,0.0978233722628073,0.1106020963070833,0.8844621894977805,0.7368421052631579,0.6662233448335371,0.2248110209535609,0.8689593396917733,0.278308550447652,19,19,19,Y4,wf2023,2023,raw
202305,20,0.0751310310425528,0.079118132437548,0.9496057190411756,0.8,0.0300838465344195,-0.0980595790715196,0.8520715403730899,0.08345610426542,20,20,20,Y4,wf2023,2023,raw
202306,20,0.0828978253410057,0.1011727514574897,0.8193690904594734,0.85,0.0575850266470966,0.38553438729485,0.8412598951380881,0.0980566695891048,20,20,20,Y4,wf2023,2023,raw
202307,21,0.1374988842096114,0.0813865438714297,1.6894547632692836,0.9047619047619048,0.5588124256962328,0.6430756387502863,0.8679075179384749,0.2622710260111719,21,21,21,Y4,wf2023,2023,raw
202308,23,0.0987973990709813,0.107721949409556,0.9171519788911005,0.8260869565217391,0.5030994946689976,0.0822252502284689,0.8638295073719684,0.2312999558175013,23,23,23,Y4,wf2023,2023,raw
202309,20,0.0664750417308594,0.0888147791226528,0.7484682435460164,0.8,0.0206991910809954,-0.084146361844683,0.8517129659632184,0.0772858842276768,20,20,20,Y4,wf2023,2023,raw
202310,17,0.0787530932746239,0.0964189091050491,0.8167805880153848,0.8235294117647058,0.1232513582878265,0.0471439621050781,0.8383892282591833,0.1169598763184425,17,17,17,Y4,wf2023,2023,raw
202311,22,0.113070370227415,0.1284673086455278,0.8801489765727353,0.8636363636363636,0.2219747222017606,0.6132233439658961,0.868321680255805,0.1513240606747527,22,22,22,Y4,wf2023,2023,raw
202312,21,0.1139225861948751,0.089114180897129,1.2783889729782092,0.9047619047619048,0.556157701701698,0.2452872576948671,0.8484645192313597,0.2578769892190515,21,21,21,Y4,wf2023,2023,raw
202301,16,0.0999213179900207,0.0786261273916754,1.2708411479082955,0.9375,0.0919284683919133,1.137467741096421,0.0060668799270144,0.3657270037354779,16,16,15,Y4,wf2023,2023,band
202302,20,0.1619580485828118,0.0655375575015733,2.4712249701848235,1.0,0.578958393533116,0.8719699632966093,0.0033547679515052,0.537464307107608,20,20,20,Y4,wf2023,2023,band
202303,23,0.1013662374363632,0.0984355660713785,1.0297724844987397,0.8260869565217391,0.3473083561703224,0.1614129523772527,0.0039422431183486,0.4435563288901375,23,23,23,Y4,wf2023,2023,band
202304,19,0.0942883890377604,0.1064673360312196,0.8856086059118831,0.7368421052631579,0.5930988918730065,0.1516865679930305,0.0050093444199401,0.514142219851024,19,19,19,Y4,wf2023,2023,band
202305,20,0.0746401590902172,0.0755736391590974,0.9876480730679776,0.8,0.0814167933216042,-0.0467266322843349,0.0047650202436632,0.3528515955594691,20,20,20,Y4,wf2023,2023,band
202306,20,0.0701979036799536,0.0837578408081991,0.8381054597706609,0.85,-0.0500169475062478,0.2779324131415055,0.0091992750493007,0.3103142947053169,20,20,20,Y4,wf2023,2023,band
202307,21,0.1122150545786397,0.0747223281327059,1.5017606836252106,0.9047619047619048,0.0365298902285475,0.1207931032826009,0.0099563543143905,0.352858082605703,21,21,21,Y4,wf2023,2023,band
202308,23,0.0928140154055232,0.0935675636512596,0.9919464799944452,0.9130434782608696,0.3924727293602233,-0.0284015150803052,0.0129084977366614,0.4509948756492778,23,23,23,Y4,wf2023,2023,band
202309,20,0.0496006727084715,0.0682439061881417,0.7268146781007426,0.7,-0.13206140237274,-0.2369069552984185,0.0070125124725895,0.2781180946297897,20,20,20,Y4,wf2023,2023,band
202310,17,0.0580313925887455,0.087255865141492,0.6650715398287923,0.7647058823529411,-0.1069483781688699,-0.1830557743516184,0.0096523246141491,0.2882323462005925,17,17,17,Y4,wf2023,2023,band
202311,22,0.0937012082919194,0.1038516717058042,0.9022599901652094,0.9090909090909092,0.0245064924615706,0.415755114225706,0.0086497598940944,0.3422375030870106,22,22,22,Y4,wf2023,2023,band
202312,21,0.0941038159448486,0.0750990937036623,1.2530619386191022,0.9047619047619048,0.0376124459810843,-0.2732579980257463,0.0042290784808703,0.3476565366280036,21,21,21,Y4,wf2023,2023,band
202301,16,0.0542627350623747,0.0865571794197114,0.6269004538521007,0.6875,-0.0932699176478048,0.9522693550567026,0.8967235590186405,0.0247070510250163,16,16,15,Market,wf2023,2023,raw
202302,20,0.1179349347222556,0.0934224040717149,1.262383856357667,0.9,0.6154559083739141,0.9084674781374076,0.9337502974107657,0.2516856571778468,20,20,20,Market,wf2023,2023,raw
202303,23,0.085043726748169,0.0988896014644196,0.8599865454889883,0.782608695652174,0.4377765903458343,0.2518811865527646,0.9013258625413096,0.194952709040625,23,23,23,Market,wf2023,2023,raw
202304,19,0.0460472605502452,0.1242855648911139,0.3704956451747795,0.5789473684210527,0.5197989383686686,0.0783866144886925,0.7987956894751608,0.2347198788881504,19,19,19,Market,wf2023,2023,raw
202305,20,0.0424435020651929,0.0849810748143717,0.4994465198034311,0.65,0.0317049330228859,-0.0964384925830532,0.6798774043175442,0.1225256594376797,20,20,20,Market,wf2023,2023,raw
202306,20,0.06843003225686,0.0975417368391237,0.7015461737135369,0.75,0.2264552411686606,0.554404601816414,0.8357166195869332,0.1445935993772622,20,20,20,Market,wf2023,2023,raw
202307,21,0.071988041854514,0.1083628852228395,0.6643237830598225,0.8095238095238095,0.1059105060459408,0.1901737190999943,0.8969124067006132,0.0914946465454039,21,21,21,Market,wf2023,2023,raw
202308,23,0.0452475931597936,0.1684564868825701,0.2686010731740797,0.5652173913043478,-0.0093728933129063,-0.4302471377534352,0.8037510571265543,0.0741618521320792,23,23,23,Market,wf2023,2023,raw
202309,20,0.0067609437817694,0.0965884643702749,0.0699974249083322,0.65,-0.3132309856288729,-0.4180765385545514,0.8624598094908901,-0.0500028610232211,20,20,20,Market,wf2023,2023,raw
202310,17,0.0376840500779072,0.0878976001402594,0.4287267231161524,0.6470588235294118,0.3172816936572469,0.2411742974744984,0.8389135356210218,0.1585840674420304,17,17,17,Market,wf2023,2023,raw
202311,22,0.0750623764016019,0.0979673935935108,0.7661975443896456,0.8181818181818182,0.1790794194478155,0.570328041211951,0.8841717006273736,0.1184972662067733,22,22,22,Market,wf2023,2023,raw
202312,21,0.0715550131354785,0.0906941043561259,0.7889709440704706,0.8095238095238095,0.3152115116721408,0.0043410676653099,0.8293660618215409,0.1743756402093713,21,21,21,Market,wf2023,2023,raw
202301,16,0.0511388487502437,0.0646352359991815,0.7911914911379196,0.8125,0.3018606245143833,1.347399897218891,0.0163370906962931,0.4061125996455245,16,16,15,Market,wf2023,2023,band
202302,20,0.0862194120141235,0.083690789076667,1.0302138737769593,0.85,-0.0038626378595178,0.2891489319039755,0.0123802639516031,0.3296148942623131,20,20,20,Market,wf2023,2023,band
202303,23,0.0617511055688785,0.0865736770826245,0.7132780730792379,0.782608695652174,-0.0328476961370428,-0.2187430999301126,0.0089907085260624,0.3121489208286198,23,23,23,Market,wf2023,2023,band
202304,19,0.0323856881685479,0.1019745534166013,0.3175859769274125,0.631578947368421,-0.0317338903343097,-0.4731462142142857,0.0147007691817016,0.2990238774126157,19,19,19,Market,wf2023,2023,band
202305,20,0.0405944297799269,0.0758326535309094,0.5353159607342586,0.7,0.2640031212815021,0.135859695675563,0.0120803539909495,0.3918146020991365,20,20,20,Market,wf2023,2023,band
202306,20,0.0520593421260778,0.0759668499576472,0.6852902569357796,0.7,-0.0629374142214802,0.265011946426273,0.0130810926617108,0.2980181847854738,20,20,20,Market,wf2023,2023,band
202307,21,0.0445626512106255,0.087339758725331,0.510221826359375,0.7619047619047619,-0.3716886143646263,-0.287425401310573,0.0089450209825698,0.2036349698800914,21,21,21,Market,wf2023,2023,band
202308,23,0.0369177695167265,0.1444965841726699,0.255492333802235,0.4782608695652174,0.0435141172390888,-0.3773601272014397,0.009187213499461,0.3250651789285789,23,23,23,Market,wf2023,2023,band
202309,20,0.0052987574863282,0.0722318571769043,0.0733576249237369,0.6,0.0889883333509191,-0.0158572195747593,0.0070120550206261,0.3267123864936192,20,20,20,Market,wf2023,2023,band
202310,17,0.0249253140894236,0.0822508846480937,0.3030400730164224,0.6470588235294118,-0.0061984642925551,-0.0823058604753037,0.0139735189061214,0.3039185306761665,17,17,17,Market,wf2023,2023,band
202311,22,0.0612239925792511,0.0794553089253838,0.7705462782448727,0.8181818181818182,0.1018995881616873,0.4931482099258226,0.0080601005266906,0.3526414433221995,22,22,22,Market,wf2023,2023,band
202312,21,0.054977919731535,0.067500547180544,0.8144810972344457,0.7619047619047619,-0.1085225838580048,-0.4193930278648356,0.0060808109001425,0.2876101494651698,21,21,21,Market,wf2023,2023,band
202301,16,0.0668725398559572,0.0751138232088158,0.8902827335795724,0.8125,-0.0833223028682206,0.9622169698362868,0.8949397207880462,0.0332704088455028,16,16,15,T033,wf2023,2023,raw
202302,20,0.1225463149880718,0.0613343279744445,1.998005342768762,0.95,0.6826173486441554,0.9756289184076486,0.906929041685922,0.2817250180826987,20,20,20,T033,wf2023,2023,raw
202303,23,0.0701186132229143,0.0811405164325325,0.8641627673298974,0.782608695652174,0.4237943706640874,0.2378989668710177,0.8940177329096488,0.1869804366154973,23,23,23,T033,wf2023,2023,raw
202304,19,0.0539467151141334,0.0793252736362573,0.6800697008812585,0.7894736842105263,0.2977004390397851,-0.1437118848401908,0.8837133483236448,0.1457748132604955,19,19,19,T033,wf2023,2023,raw
202305,20,0.0620168332537095,0.0647237562005624,0.9581772890549668,0.8,0.2419745836859411,0.1138311580800021,0.8588997071677392,0.1397291962569444,20,20,20,T033,wf2023,2023,raw
202306,20,0.0450098505500362,0.0872767743734237,0.5157139556677064,0.75,0.1068880538426372,0.4348374144903905,0.8769713777748477,0.0869789430403513,20,20,20,T033,wf2023,2023,raw
202307,21,0.087194950387419,0.0635573319114881,1.3719101756639096,0.8571428571428571,0.2682857914002466,0.3525490044543001,0.8849211357976782,0.1498873768357381,21,21,21,T033,wf2023,2023,raw
202308,23,0.0373042592954014,0.1100765870778733,0.3388936765364158,0.6521739130434783,0.1508799172799464,-0.2699943271605822,0.8760429872026283,0.097372782741356,23,23,23,T033,wf2023,2023,raw
202309,20,0.0105124543350545,0.0681943156419637,0.1541544076818283,0.5,-0.0736475030877428,-0.1784930560134214,0.8854353777581773,0.0164801174802457,20,20,20,T033,wf2023,2023,raw
202310,17,0.030954056252191,0.0691137640516031,0.447871081498028,0.6470588235294118,0.0853320574479926,0.0092246612652441,0.8730857732432602,0.0760555077622961,17,17,17,T033,wf2023,2023,raw
202311,22,0.0804526827765312,0.0802702209190375,1.0022730952450936,0.8636363636363636,0.404636971844441,0.7958855936085762,0.9050174698415836,0.1820669237114696,22,22,22,T033,wf2023,2023,raw
202312,21,0.0631840248452787,0.0611934535714488,1.0325291539805916,0.9047619047619048,0.2598544606507668,-0.0510159833560639,0.8749146799647515,0.140755544143916,21,21,21,T033,wf2023,2023,raw
202301,16,0.0703140124251657,0.0565943769056343,1.242420471249424,0.9375,0.3876169383487038,1.4331562110532114,0.0126629837402793,0.4406117913525936,16,16,15,T033,wf2023,2023,band
202302,20,0.0995992716188648,0.0601055585521392,1.6570725573154144,0.95,0.1986516805157474,0.4916632502792408,0.0117346469277056,0.3959148187239584,20,20,20,T033,wf2023,2023,band
202303,23,0.0561305361099131,0.0652168928566145,0.8606747983735049,0.8260869565217391,-0.0001900251133298,-0.1860854289063995,0.0095436682138864,0.3195321064458004,23,23,23,T033,wf2023,2023,band
202304,19,0.043529133836571,0.0595138361678002,0.7314119982761647,0.7894736842105263,0.0519689734587569,-0.3894433504212189,0.0133551908147817,0.3289957883278209,19,19,19,T033,wf2023,2023,band
202305,20,0.0644827849974748,0.0507554488911816,1.270460342804264,0.9,0.4503514473813784,0.3222080217754393,0.0140218036497434,0.4566920071184804,20,20,20,T033,wf2023,2023,band
202306,20,0.0413836311941616,0.0653837905834613,0.6329341083603296,0.8,0.1889878892560936,0.516937249903847,0.0179994285677411,0.3678499906841704,20,20,20,T033,wf2023,2023,band
202307,21,0.0670635760545061,0.0551090500190666,1.2169249158042732,0.8571428571428571,-0.0367149684349424,0.047548244619111,0.010986510725412,0.3125149866736961,21,21,21,T033,wf2023,2023,band
202308,23,0.0315793213220211,0.0963530311702756,0.3277460079716013,0.6521739130434783,0.1234774338547395,-0.2973968105857889,0.0093756691687473,0.3468622579346061,23,23,23,T033,wf2023,2023,band
202309,20,0.0127556790917207,0.0504027545786484,0.2530750392186766,0.6,0.251050665188485,0.1462051122628064,0.0070157659441199,0.3783127414099979,20,20,20,T033,wf2023,2023,band
202310,17,0.023968537470577,0.0604722369385558,0.3963560583169893,0.7647058823529411,0.0069431816829393,-0.0691642144998092,0.0129618613017559,0.3077818111025858,17,17,17,T033,wf2023,2023,band
202311,22,0.0674818766506257,0.0628568928596547,1.073579580226747,0.8181818181818182,0.1626789283913537,0.553927550155489,0.0086489015996972,0.3732017586977472,22,22,22,T033,wf2023,2023,band
202312,21,0.0493122966502977,0.0506493038510243,0.9736026539543522,0.8571428571428571,-0.0063478673317293,-0.31721831133856,0.0062789339112715,0.3159368782872188,21,21,21,T033,wf2023,2023,band
202401,22,0.049550589114568,0.0811532783763943,0.6105802514194074,0.8181818181818182,0.0172002476138756,-2.434861402034422,0.8691276659907988,0.0642420101327502,22,22,21,T030,confirm2024,2024,raw
202402,15,0.2349165362228195,0.2761682964082624,0.850628183169657,0.9333333333333332,1.605137145493719,3.0092135231509984,0.8614773416726573,0.6170645556354464,15,15,15,T030,confirm2024,2024,raw
202403,21,0.1477643673793908,0.1194351672909755,1.2371931210126568,0.9047619047619048,0.850652656564987,1.5490027247647715,0.825858323852822,0.3665440467654058,21,21,21,T030,confirm2024,2024,raw
202404,20,0.0840993425352261,0.1486793554379633,0.5656423670084895,0.7,0.1667321078966486,-0.0250918305379964,0.8486365038599452,0.1290684182251014,20,20,20,T030,confirm2024,2024,raw
202405,20,0.0930640035870171,0.0941571771436423,0.9883899072828248,0.85,0.2790730123589616,-0.439811374551964,0.8645191661709812,0.1615917552912009,20,20,20,T030,confirm2024,2024,raw
202406,19,0.0659769520349986,0.1314209662887127,0.5020275980170238,0.631578947368421,0.4738493615694616,-0.3302433770221601,0.8306299068027685,0.2193566172440074,19,19,19,T030,confirm2024,2024,raw
202407,23,0.0500750958782275,0.0960645707128481,0.5212649732013046,0.6086956521739131,0.2139525511855733,0.1944396859578264,0.8711329638614044,0.1228759145485417,23,23,23,T030,confirm2024,2024,raw
202408,22,0.0725019189936612,0.0735502221710796,0.9857471106616092,0.7727272727272727,0.2982925657531972,-0.2831916396709399,0.8732976682186898,0.1564992368578167,22,22,22,T030,confirm2024,2024,raw
202409,19,0.069682935254168,0.0844545705919223,0.8250937132919698,0.6842105263157895,0.3146229242154422,4.209829777198845,0.8974198227657212,0.1530341045365835,19,19,19,T030,confirm2024,2024,raw
202410,18,0.1165016488177495,0.1711190173049591,0.6808223343763514,0.6666666666666666,0.5364235500474914,-0.1745369219210058,0.819289484425694,0.261740879213639,18,18,18,T030,confirm2024,2024,raw
202411,21,0.1421174023296572,0.0994518969441984,1.429006451323879,0.9523809523809524,0.5664516694555201,1.6139538400377142,0.90337425349327,0.2557701857205379,21,21,21,T030,confirm2024,2024,raw
202412,22,0.1011609277658154,0.1032225128933286,0.9800277568359174,0.8181818181818182,0.4631814535897422,-0.5211711228020921,0.8549530681747046,0.2229328867308374,22,22,22,T030,confirm2024,2024,raw
202401,22,0.0216525215203137,0.0844072248808465,0.2565245042812331,0.6363636363636364,-0.4051534121635151,-2.857215061811813,0.0139638601896534,0.1829258269021749,22,22,21,T030,confirm2024,2024,band
202402,15,0.2156441886200778,0.2478465952663972,0.870071216384043,0.9333333333333332,0.7605914264808608,2.16466780413814,0.0462353889267255,0.6005644867142717,15,15,15,T030,confirm2024,2024,band
202403,21,0.1243275841252642,0.1118693753255343,1.111363889924987,0.9047619047619048,0.2956544215786632,0.994004489778448,0.0233977824360535,0.4314080253928886,21,21,21,T030,confirm2024,2024,band
202404,20,0.0695850449928128,0.1343301289720203,0.5180151729572647,0.75,0.1069577560765843,-0.0848661823580607,0.0275268774717002,0.3516632815785903,20,20,20,T030,confirm2024,2024,band
202405,20,0.0825366967330024,0.077609104191816,1.063492454815707,0.85,0.2173442937365791,-0.5015400931743464,0.0180130388850354,0.3928140551486641,20,20,20,T030,confirm2024,2024,band
202406,19,0.0548490652088511,0.1041578435835775,0.5265956294961079,0.6842105263157895,0.0575745050918495,-0.7465182334997722,0.011607518994576,0.3357297219127225,19,19,19,T030,confirm2024,2024,band
202407,23,0.0441494426785076,0.0834991817285455,0.5287410219424272,0.6521739130434783,0.2500153848439259,0.2305025196161791,0.0190403922568623,0.3869522748475221,23,23,23,T030,confirm2024,2024,band
202408,22,0.0563820643964602,0.0644554010268154,0.8747453820511267,0.8181818181818182,0.0341042197702394,-0.5473799856538978,0.0116867986756142,0.3292780520869716,22,22,22,T030,confirm2024,2024,band
202409,19,0.0710590278799199,0.0845969919595679,0.8399710939353693,0.7894736842105263,0.974563901028019,4.86977075401142,0.0250264436812018,0.6132848483560132,19,19,19,T030,confirm2024,2024,band
202410,18,0.1001835370617404,0.1459388836309088,0.6864759724701794,0.6666666666666666,-0.0124476499243633,-0.7234081218928607,0.0438536777937501,0.3231830165092621,18,18,18,T030,confirm2024,2024,band
202411,21,0.1199607418309729,0.0876352970275644,1.368863299376289,0.9047619047619048,0.0481433821096452,1.0956455526918396,0.0203607082511227,0.3563190988899459,21,21,21,T030,confirm2024,2024,band
202412,22,0.0945135622562986,0.0908912416087276,1.039853352022239,0.9090909090909092,0.2996704847956368,-0.6846820915961974,0.0178392616939802,0.4223547918330164,22,22,22,T030,confirm2024,2024,band
202401,22,0.0789135211216271,0.117515098418384,0.6715181468910033,0.8181818181818182,0.3115725396883723,-2.1404891099599257,0.8659786836951339,0.1652435652466223,22,22,21,Y4,confirm2024,2024,raw
202402,15,0.1231052761729927,0.2834998477142093,0.4342340116425488,0.8,0.6638731644102759,2.0679495420675558,0.8081358955274329,0.3059632911340499,15,15,15,Y4,confirm2024,2024,raw
202403,21,0.1470546575754013,0.1402385420020687,1.0486037253099223,0.8571428571428571,0.605926153898904,1.304276222098689,0.8382204839271572,0.2891335640216846,21,21,21,Y4,confirm2024,2024,raw
202404,20,0.1185172729494532,0.1691325087891437,0.70073620853817,0.75,0.5455851080453037,0.3537611696106588,0.8189069339657646,0.265410361403643,20,20,20,Y4,confirm2024,2024,raw
202405,20,0.1306041607432024,0.1165155456827948,1.12091618313974,0.8,0.523553005175159,-0.1953313817357664,0.8524949234648387,0.2535590888103771,20,20,20,Y4,confirm2024,2024,raw
202406,19,0.0945030013333669,0.1336243913121022,0.7072286758832772,0.8421052631578947,0.4027050766559998,-0.401387661935622,0.857521002070864,0.2013564229088875,19,19,19,Y4,confirm2024,2024,raw
202407,23,0.0892966728436588,0.1135168025721805,0.7866383726486555,0.8260869565217391,0.1432347148081082,0.1237218495803613,0.8676404084465865,0.11839696104592,23,23,23,Y4,confirm2024,2024,raw
202408,22,0.1150958831086873,0.1060264155514918,1.0855396979141574,0.8181818181818182,0.303676172901174,-0.2778080325229632,0.8434967770242146,0.1840921720065627,22,22,22,Y4,confirm2024,2024,raw
202409,19,0.0892788742366207,0.0906016627724739,0.9853999529878934,0.8421052631578947,-0.0736173131998918,3.8215895397835102,0.853257076723801,0.0576492327175404,19,19,19,Y4,confirm2024,2024,raw
202410,18,0.1396131208911167,0.193809012373054,0.7203644411663471,0.7777777777777778,0.5382602121067283,-0.1727002598617693,0.8287738233800283,0.2686911649744566,18,18,18,Y4,confirm2024,2024,raw
202411,21,0.1417942867588927,0.1492287219384251,0.9501809364647644,0.8095238095238095,0.3053264400745434,1.3528286106567375,0.8437788123348133,0.1951820030254761,21,21,21,Y4,confirm2024,2024,raw
202412,22,0.149839322019094,0.1364371767186341,1.0982294241407409,0.9090909090909092,0.7919217962156168,-0.1924307801762173,0.8194634928041569,0.3516732198310756,22,22,22,Y4,confirm2024,2024,raw
202401,22,0.0626182308928782,0.1017455241274994,0.6154396611531527,0.8181818181818182,-0.1739782051052985,-2.626039854753597,0.007419667661917,0.2706279305269866,22,22,21,Y4,confirm2024,2024,band
202402,15,0.1208835076195821,0.2374054494435604,0.5091859007571786,0.8,0.726143994916529,2.130220372573808,0.040126159082227,0.5541587537981234,15,15,15,Y4,confirm2024,2024,band
202403,21,0.1287722153814803,0.1144336768498767,1.125299989708572,0.8571428571428571,0.2723099305963198,0.9706599987961044,0.0193533274048449,0.4273958671100345,21,21,21,Y4,confirm2024,2024,band
202404,20,0.1053004797532249,0.1352176546406361,0.7787480121074338,0.75,0.3056179295176979,0.1137939910830527,0.0201170986442179,0.4277704411633339,20,20,20,Y4,confirm2024,2024,band
202405,20,0.1189133373942386,0.1015780939957561,1.1706592702872214,0.8,0.3651356560356351,-0.3537487308752903,0.0124465163160831,0.453372076873561,20,20,20,Y4,confirm2024,2024,band
202406,19,0.0836095256290914,0.0953502754498242,0.8768671640921362,0.8421052631578947,0.178179868929484,-0.6259128696621378,0.0097960765739265,0.3839589479583037,19,19,19,Y4,confirm2024,2024,band
202407,23,0.0774409405292469,0.1051968129068608,0.7361529155622955,0.8260869565217391,0.0826529975516783,0.0631401323239314,0.0130678609205126,0.3518519172010484,23,23,23,Y4,confirm2024,2024,band
202408,22,0.1005476711541798,0.0933106000528302,1.0775589386120354,0.8636363636363636,0.0912920091277451,-0.4901921962963919,0.0075881933989814,0.365330213180301,22,22,22,Y4,confirm2024,2024,band
202409,19,0.0791372668553804,0.078266672752737,1.0111234331551795,0.8421052631578947,0.2499614366333231,4.145168289616724,0.0210423837717721,0.4003306226006174,19,19,19,Y4,confirm2024,2024,band
202410,18,0.1235423446674715,0.179523241711513,0.6881690832321276,0.7222222222222222,-0.0101687537180988,-0.7211292256865964,0.0321050341294195,0.3367348015127331,18,18,18,Y4,confirm2024,2024,band
202411,21,0.122600065334112,0.1367852990192368,0.8962956268924058,0.8095238095238095,-0.1532338315890359,0.8942683389931582,0.0170537765300633,0.297953743697915,21,21,21,Y4,confirm2024,2024,band
202412,22,0.1381856821459252,0.1353830962202318,1.0207011510590238,0.8636363636363636,0.4654505684111928,-0.5189020079806413,0.0136953732292099,0.4908008314129649,22,22,22,Y4,confirm2024,2024,band
202401,22,0.0247213103760662,0.1540424579669253,0.1604837439128257,0.5909090909090909,-0.0771137780191907,-2.529175427667489,0.8556890238812571,0.0300476835802921,22,22,21,Market,confirm2024,2024,raw
202402,15,0.2674792501476444,0.330686546674536,0.8088603931350716,0.8666666666666667,2.888923033186525,4.292999410843803,0.8588200035122902,1.0160226089613282,15,15,15,Market,confirm2024,2024,raw
202403,21,0.1423748570747891,0.12405215239679,1.1477016264852269,0.9047619047619048,0.6401835752390094,1.3385336434387942,0.9221732506759176,0.2723530401988432,21,21,21,Market,confirm2024,2024,raw
202404,20,0.0933928001537863,0.1889359107756123,0.494309418312241,0.8,0.6841689389231486,0.4923450004885036,0.8998701520342657,0.2726467561281794,20,20,20,Market,confirm2024,2024,raw
202405,20,0.0892390761019489,0.1007502023897026,0.8857458743037693,0.85,0.0997933463514861,-0.6190910405594395,0.9099856134629996,0.0926379503073255,20,20,20,Market,confirm2024,2024,raw
202406,19,0.0272908616853499,0.1542620806507745,0.1769123142266714,0.631578947368421,0.1859217845623875,-0.6181709540292344,0.8512109361887289,0.1113295991862375,19,19,19,Market,confirm2024,2024,raw
202407,23,0.0636819964992602,0.1017102523862302,0.6261118717652664,0.7391304347826086,0.1940387031760009,0.1745258379482539,0.8853790271590206,0.1180707014047982,23,23,23,Market,confirm2024,2024,raw
202408,22,0.0750119509835351,0.0886435215771043,0.8462203401777967,0.8181818181818182,0.2382073763296313,-0.3432768290945058,0.8713736530094714,0.140054897389462,22,22,22,Market,confirm2024,2024,raw
202409,19,0.0699542283041678,0.1439284367494631,0.4860347953749923,0.8947368421052632,-0.0527116062306998,3.8424952467527023,0.8688854070390074,0.0515025873407549,19,19,19,Market,confirm2024,2024,raw
202410,18,0.1707809703188451,0.1886753526786045,0.9051578168228404,0.7777777777777778,0.933926590287276,0.2229661183187786,0.8285300643242993,0.3999313459164311,18,18,18,Market,confirm2024,2024,raw
202411,21,0.1449355432900368,0.1441642445839837,1.0053501387135126,0.8095238095238095,0.4636972037541644,1.5111993743363583,0.850246522292107,0.2420094217546319,21,21,21,Market,confirm2024,2024,raw
202412,22,0.1050406099023116,0.127918134308924,0.8211549556268318,0.7272727272727273,0.486173891786488,-0.4981786846053462,0.8356818147464881,0.2371638670729246,22,22,22,Market,confirm2024,2024,raw
202401,22,0.0043074735689003,0.1457243938960177,0.0295590426128237,0.4545454545454545,-0.503711341651993,-2.9557729913002917,0.008846520424804,0.1479556308045209,22,22,21,Market,confirm2024,2024,band
202402,15,0.2463099529774284,0.3002388662046804,0.8203799730895358,0.8666666666666667,1.1235798387803455,2.527656216437625,0.038529146737503,0.7240391888038241,15,15,15,Market,confirm2024,2024,band
202403,21,0.1282786645253123,0.0999744361897404,1.2831146582497703,0.9047619047619048,0.4922031281870594,1.190553196386844,0.018522505700859,0.493415652555985,21,21,21,Market,confirm2024,2024,band
202404,20,0.079516905859697,0.1656047547138508,0.4801607658976622,0.8,0.2090239200355856,0.0171999816009408,0.0177385497574096,0.3891923734273316,20,20,20,Market,confirm2024,2024,band
202405,20,0.0857776638519788,0.0835957801329116,1.0261004050156377,0.9,0.2477266229926469,-0.4711577639182785,0.0107244376047421,0.4054117211571629,20,20,20,Market,confirm2024,2024,band
202406,19,0.0260643953429409,0.1273576716965058,0.2046550866998621,0.5789473684210527,0.2350132507749971,-0.5690794878166247,0.0111416229689636,0.3775872464789864,19,19,19,Market,confirm2024,2024,band
202407,23,0.0534646477530519,0.087581337028566,0.6104570855730775,0.782608695652174,0.0311997545502812,0.0116868893225342,0.0126989695619059,0.3269360945977333,23,23,23,Market,confirm2024,2024,band
202408,22,0.0631787636599863,0.0803989159041313,0.7858161139302118,0.8181818181818182,0.0137106125162242,-0.567773592907913,0.0101383846296456,0.3263431738299681,22,22,22,Market,confirm2024,2024,band
202409,19,0.0688963814489015,0.1290875075386601,0.5337184268452,0.8947368421052632,0.5022044445358442,4.397411297519246,0.0202729884140142,0.4721379894161096,19,19,19,Market,confirm2024,2024,band
202410,18,0.1470877262298756,0.15885922388482,0.92589981640928,0.8333333333333334,0.162959810943777,-0.5480006610247207,0.0299791135668453,0.3987292997050297,18,18,18,Market,confirm2024,2024,band
202411,21,0.1311251174105914,0.123117104348544,1.0650438710723469,0.8095238095238095,0.2199460452844231,1.267448215866617,0.0176582835724842,0.4131363754778182,21,21,21,Market,confirm2024,2024,band
202412,22,0.102121254861689,0.1131040112491346,0.9028968445402534,0.8636363636363636,0.4412211939704613,-0.5431313824213729,0.0140951289848081,0.4689863214403715,22,22,22,Market,confirm2024,2024,band
202401,22,0.0382555959365615,0.092791150974689,0.4122763381499236,0.7727272727272727,0.0214681702707843,-2.4305934793775137,0.8616230496684006,0.0632557745553397,22,22,21,T033,confirm2024,2024,raw
202402,15,0.2028256801214909,0.2667525146459161,0.7603515205497469,0.8666666666666667,1.143451911759215,2.547528289416495,0.8513689054594653,0.4687551739385212,15,15,15,T033,confirm2024,2024,raw
202403,21,0.1280960234324008,0.138843949616811,0.9225898844416848,0.8571428571428571,0.6611582823220548,1.3595083505218395,0.847720880687229,0.2952696298634081,21,21,21,T033,confirm2024,2024,raw
202404,20,0.0924064565241515,0.1483519824210034,0.6228865635372112,0.75,0.251538129566024,0.0597141911313789,0.8505574582759067,0.1572567839966958,20,20,20,T033,confirm2024,2024,raw
202405,20,0.0910560704287373,0.0992844187822542,0.9171234675648058,0.8,0.1778670792185434,-0.541017307692382,0.8676761218210467,0.1294797153907439,20,20,20,T033,confirm2024,2024,raw
202406,19,0.063244568723417,0.1170624334125956,0.5402635745705596,0.6842105263157895,0.3182368496589657,-0.4858558889326561,0.8408046774674637,0.1685274791468174,19,19,19,T033,confirm2024,2024,raw
202407,23,0.0522954207233613,0.0964700049746233,0.5420899557029951,0.6086956521739131,0.2064399566670058,0.1869270914392587,0.8775780924389224,0.1195767275577695,23,23,23,T033,confirm2024,2024,raw
202408,22,0.072440966691029,0.0716429238308142,1.0111391721267458,0.8181818181818182,0.306478418508917,-0.2750057869152201,0.8748899889094727,0.1584529155562449,22,22,22,T033,confirm2024,2024,raw
202409,19,0.0562115973305156,0.0777415415321884,0.7230574056373914,0.7368421052631579,-0.2498580076788878,3.645348845304514,0.8948089006751574,-0.0209154335740072,19,19,19,T033,confirm2024,2024,raw
202410,18,0.1179459418537325,0.1704796690638721,0.6918475528571254,0.7222222222222222,0.3745038489990397,-0.3364566229694575,0.8344497336292801,0.2091946113524209,18,18,18,T033,confirm2024,2024,raw
202411,21,0.1350181643614776,0.1001659263811339,1.347945047178319,0.9047619047619048,0.5418723786596658,1.5893745492418598,0.9037533513328364,0.2454429739426398,21,21,21,T033,confirm2024,2024,raw
202412,22,0.0912442150014657,0.107656805875885,0.8475471128751404,0.8181818181818182,0.3495326797977284,-0.6348198965941056,0.8536279150911841,0.1852691154125496,22,22,22,T033,confirm2024,2024,raw
202401,22,0.0136987964051292,0.0921860721279311,0.148599415171077,0.6818181818181818,-0.3665148688185149,-2.8185765184668123,0.0141701004815391,0.1912740277720355,22,22,21,T033,confirm2024,2024,band
202402,15,0.1868533316698516,0.2424414125771576,0.7707154057699818,0.8,0.5139928029903329,1.9180691806476124,0.0464766133429387,0.5149961895621589,15,15,15,T033,confirm2024,2024,band
202403,21,0.1108102189203954,0.1238780299331922,0.8945106648867086,0.8571428571428571,0.2589617469010885,0.9573118151008734,0.0235730107572828,0.4149407084112999,21,21,21,T033,confirm2024,2024,band
202404,20,0.0781142952106937,0.1278749171948937,0.6108648742398795,0.8,0.1689262265549868,-0.0228977118796582,0.026701994721746,0.3739129876342497,20,20,20,T033,confirm2024,2024,band
202405,20,0.0830349552217797,0.0818693567080534,1.014237299040748,0.9,0.2180591156670094,-0.5008252712439161,0.0188823632874198,0.3929670078025887,20,20,20,T033,confirm2024,2024,band
202406,19,0.0561101998131574,0.0940961745190078,0.5963069178951895,0.7368421052631579,0.1018573987955551,-0.7022353397960667,0.0134028149300822,0.3489804550849048,19,19,19,T033,confirm2024,2024,band
202407,23,0.0473401220276333,0.0832970382046304,0.568328995219925,0.6086956521739131,0.2860882693378582,0.2665754041101112,0.0179206202441692,0.3993863435391599,23,23,23,T033,confirm2024,2024,band
202408,22,0.0619690351711851,0.0641746766246358,0.9656306573019184,0.7727272727272727,0.0691588407220667,-0.5123253647020704,0.0109265429136608,0.3422573034109958,22,22,22,T033,confirm2024,2024,band
202409,19,0.0571064284297492,0.0687525625545645,0.8306079992935168,0.7894736842105263,0.6702663289086352,4.565473181892037,0.022510389310656,0.5171693532512934,19,19,19,T033,confirm2024,2024,band
202410,18,0.1024401332627139,0.1498213165433803,0.6837487189818725,0.7222222222222222,-0.0269543406188244,-0.737914812587322,0.0392202792485349,0.3211236673448777,18,18,18,T033,confirm2024,2024,band
202411,21,0.1160184331564272,0.0900863037756766,1.2878587342791192,0.9047619047619048,-0.0144983881529617,1.0330037824292324,0.0209826667748344,0.335763056784232,21,21,21,T033,confirm2024,2024,band
202412,22,0.0885950071304302,0.0969470734884967,0.9138492163040124,0.8636363636363636,0.3143335574546433,-0.670019018937191,0.0152621857938159,0.4251594143504202,22,22,22,T033,confirm2024,2024,band
