model,year,layer,days,turn_boundary_crossed_days,return_boundary_crossed_days,turn_boundary_tie_n_mean,tie_missing_label_n_mean,tie_quote_invalid_n_mean,max_abs_order_score_delta,max_abs_order_excess_delta,max_abs_order_turnover_delta,fallback_turn_top_mean,fallback_return_top_mean
T030,2021,raw,243,0,0,1.0,0.0,0.0,0.0,0.0,0.0,0.0,0.0
T030,2021,band,243,0,0,1.0,0.00411522633744856,0.0,0.0,0.0,0.0,0.5061728395061729,0.0
Y1,2021,raw,243,0,0,1.0,0.0,0.0,0.0,0.0,0.0,0.0,0.0
Y1,2021,band,243,0,0,1.176954732510288,0.5308641975308642,0.5308641975308642,0.0,0.0,0.0,0.5308641975308642,0.0
Y4,2021,raw,243,70,0,180.4897119341564,179.78189300411523,179.77777777777777,0.000230289752894,0.0,0.0007676325096469,38.94238683127572,0.0
Y4,2021,band,243,0,0,1.5185185185185186,0.522633744855967,0.522633744855967,0.0,0.0,0.0,105.67489711934157,0.0
Market,2021,raw,243,107,0,278.30864197530866,277.7489711934156,277.7489711934156,0.0043181507205284,0.0,0.0143938357350946,173.99588477366254,0.0
Market,2021,band,243,0,0,1.7078189300411524,0.7242798353909465,0.7242798353909465,0.0,0.0,0.0,70.02057613168725,0.0
T033,2021,raw,243,0,0,1.0,0.0,0.0,0.0,0.0,0.0,0.0,0.0
T033,2021,band,243,0,0,1.0,0.0,0.0,0.0,0.0,0.0,0.6378600823045267,0.0
T030,2022,raw,242,1,0,2.8140495867768593,1.8181818181818181,1.8181818181818181,0.0,0.0,0.0,0.32231404958677684,0.0
T030,2022,band,242,0,0,1.0,0.004132231404958678,0.0,0.0,0.0,0.0,0.6157024793388429,0.0
Y1,2022,raw,242,0,0,1.0,0.0,0.0,0.0,0.0,0.0,0.0,0.0
Y1,2022,band,242,0,0,1.0867768595041323,0.3677685950413223,0.3677685950413223,0.0,0.0,0.0,0.3677685950413223,0.0
Y4,2022,raw,242,85,0,139.16528925619835,138.51652892561984,138.51652892561984,0.0006940414105662,0.0,0.0023134713685543,67.41735537190083,0.0
Y4,2022,band,242,0,0,1.8388429752066116,0.8429752066115702,0.8429752066115702,0.0,0.0,0.0,184.79752066115702,0.0
Market,2022,raw,242,33,0,59.83057851239669,58.97107438016529,58.97107438016529,2.1107267009490283e-05,0.0,7.035755669826393e-05,124.7603305785124,0.0
Market,2022,band,242,0,0,3.4008264462809916,2.43801652892562,2.4338842975206614,0.0,0.0,0.0,70.3801652892562,0.0
T033,2022,raw,242,1,0,2.8140495867768593,1.8181818181818181,1.8181818181818181,0.0,0.0,0.0,0.06611570247933884,0.0
T033,2022,band,242,0,0,1.0,0.004132231404958678,0.0,0.0,0.0,0.0,0.8677685950413223,0.0
T030,2023,raw,242,1,0,1.677685950413223,0.6818181818181818,0.6818181818181818,0.0,0.0,0.0,0.4669421487603306,0.0
T030,2023,band,242,0,0,1.0,0.0,0.0,0.0,0.0,0.0,3.4214876033057853,0.0
Y1,2023,raw,242,0,0,1.0,0.0,0.0,0.0,0.0,0.0,0.0,0.0
Y1,2023,band,242,0,0,1.0826446280991735,0.25206611570247933,0.24793388429752067,0.0,0.0,0.0,0.24793388429752067,0.0
Y4,2023,raw,242,62,0,77.81818181818181,77.07438016528926,77.07438016528926,0.0001222666286274,0.0,0.0004075554287582,39.66528925619835,0.0
Y4,2023,band,242,0,0,2.446280991735537,1.4504132231404958,1.4504132231404958,0.0,0.0,0.0,219.0909090909091,0.0
Market,2023,raw,242,17,0,26.08677685950413,25.15702479338843,25.15702479338843,9.905782337554792e-05,0.0,0.0003301927445851,101.02479338842976,0.0
Market,2023,band,242,0,0,1.3512396694214877,0.36363636363636365,0.36363636363636365,0.0,0.0,0.0,26.136363636363637,0.0
T033,2023,raw,242,3,0,2.9173553719008263,1.9297520661157024,1.9297520661157024,0.0,0.0,0.0,0.9586776859504132,0.0
T033,2023,band,242,0,0,1.0,0.0,0.0,0.0,0.0,0.0,4.115702479338843,0.0
T030,2024,raw,242,3,0,2.5289256198347108,1.5413223140495869,1.5413223140495869,0.0,0.0,0.0,1.4586776859504131,0.0
T030,2024,band,242,0,0,1.0,0.004132231404958678,0.0,0.0,0.0,0.0,2.669421487603306,0.0
Y4,2024,raw,242,25,0,14.520661157024794,13.62396694214876,13.62396694214876,1.072696760345826e-05,0.0,3.575655867826821e-05,53.760330578512395,0.0
Y4,2024,band,242,0,0,1.0,0.004132231404958678,0.0,0.0,0.0,0.0,11.640495867768594,0.0
Market,2024,raw,242,7,0,4.735537190082645,3.7644628099173554,3.7644628099173554,1.929065332195723e-06,0.0,6.430217774022751e-06,42.93388429752066,0.0
Market,2024,band,242,0,0,6.731404958677686,5.793388429752066,5.789256198347108,0.0,0.0,0.0,102.13223140495867,0.0
T033,2024,raw,242,3,0,2.5289256198347108,1.5413223140495869,1.5413223140495869,0.0,0.0,0.0,0.25206611570247933,0.0
T033,2024,band,242,0,0,1.0,0.004132231404958678,0.0,0.0,0.0,0.0,2.4008264462809916,0.0
