model,year,layer,gap_annualized,gap_ci_lower,gap_ci_upper,precision10,inference_recall20,inference_recall30,top20_ic,remaining80_ic,monotone_days_fraction
T030,2021,raw,0.03226585047363705,-0.050529187435592315,0.1267672858336539,0.11814666477235404,0.21431719360016246,0.30407829717211377,0.0045602462701288425,0.07103396659907663,0.00411522633744856
T030,2021,band,-0.15133982156266965,-0.25013556550112687,-0.05860300633190545,0.11223890543005732,0.21431719360016246,0.30407829717211377,-0.011683622413516098,0.07361498785496545,0.00411522633744856
Y1,2021,raw,0.0638243474529461,-0.02804047584092414,0.15278423399295035,0.07814680800390664,0.1450308877457467,0.21549958772130898,0.03389559930477412,0.11259176008643768,0.0205761316872428
Y1,2021,band,-0.2408295582205966,-0.39722711030048574,-0.10851659433574037,0.08890669032324724,0.1450308877457467,0.21549958772130898,-0.025082716191663936,0.11898712301035021,0.0
Y4,2021,raw,0.04915290602784844,-0.04878413409671726,0.14770512717629572,0.09156334260929536,0.16113074265927307,0.22710392346586483,0.02215285448271019,0.11054071109619965,0.02880658436213992
Y4,2021,band,-0.6610125808787121,-0.83884838918793,-0.4847573778583519,0.11204961228962924,0.16113074265927307,0.22710392346586483,-0.03696068487486996,0.1157901179147114,0.0
Market,2021,raw,0.027344189999963405,-0.06588189673053202,0.12834707790555705,0.11242814207429734,0.197400616611331,0.27642353049006096,-0.0010942952294511964,0.08007600491947059,0.012345679012345678
Market,2021,band,-0.34247958595747696,-0.5441345922627867,-0.16535068471980424,0.10514615860316018,0.197400616611331,0.27642353049006096,-0.007857271364331135,0.07923454006948853,0.0
T033,2021,raw,0.04599031032414148,-0.050800152627035,0.14181433808344598,0.11784548664406483,0.214965801316194,0.3060112387992743,0.0036922708791555874,0.06816952522581206,0.0411522633744856
T033,2021,band,-0.07206916535165214,-0.18984630145146444,0.03423956642265499,0.10958423295546756,0.214965801316194,0.3060112387992743,-0.009487342096007727,0.07091631885579201,0.0
T030,2022,raw,0.07995802798644022,0.008784778263452413,0.14727991856850078,0.11089392639581343,0.20182647350200336,0.28982580098668626,0.001646088539445304,0.09072458205034535,0.012396694214876033
T030,2022,band,-0.28046907299740476,-0.46758025235361667,-0.06465394456578084,0.088641977973925,0.20182647350200336,0.28982580098668626,-0.014063873575098496,0.0915774646783892,0.0
Y1,2022,raw,0.1347717926824363,0.08712891307985106,0.184108799656361,0.0757541233615737,0.144173871241924,0.21662497209957443,0.02586149818895233,0.12047011008213386,0.028925619834710745
Y1,2022,band,-0.4067514568417519,-0.5993391045057058,-0.2046678587744531,0.0763137794005528,0.144173871241924,0.21662497209957443,-0.02791537429294688,0.12489593523795416,0.004132231404958678
Y4,2022,raw,0.06787057592792793,-0.024850258864006793,0.1515498525628653,0.08587085713255159,0.1561607121616488,0.2241784490523973,0.016806257646767013,0.12094274432876727,0.028925619834710745
Y4,2022,band,-0.20727422803408568,-0.2959513436076658,-0.1252711569339757,0.1025378262789907,0.1561607121616488,0.2241784490523973,-0.04146189354229844,0.12470397381363173,0.0
Market,2022,raw,0.010526607965913357,-0.06109555512909153,0.07284678284834191,0.11316879642109791,0.20675771394944747,0.2924804261550316,-0.0010019912255775586,0.08708349329027686,0.03305785123966942
Market,2022,band,-0.35578497604397774,-0.49817141227591805,-0.20173331981622342,0.09825358060931708,0.20675771394944747,0.2924804261550316,-0.008906122660275503,0.08697217860829112,0.0
T033,2022,raw,0.021708330640961594,-0.07063213446625641,0.11426064298727473,0.10662769421526636,0.19886613585811533,0.2885626289132833,0.001607941737448647,0.08862338620561551,0.012396694214876033
T033,2022,band,-0.24107607677600337,-0.426572543785302,-0.03988086312161071,0.08617717966213569,0.19886613585811533,0.2885626289132833,-0.010044916491658718,0.09024203677045879,0.0
T030,2023,raw,0.063870410574878,0.0009480279079274823,0.12887300107324495,0.11603497193301014,0.20425947856848242,0.2863218407932082,-0.010727089950371561,0.0665101392314237,0.012396694214876033
T030,2023,band,-0.06505437400260528,-0.28598284090502923,0.17999664071705956,0.11161662035202616,0.20425947856848242,0.2863218407932082,-0.010042334268256316,0.06508569276974192,0.0
Y1,2023,raw,0.04310342901228684,-0.0028957535286406873,0.09187899469564827,0.06534647965259802,0.12930100704442776,0.19923251334358383,0.026707783286213527,0.09704759570125324,0.024793388429752067
Y1,2023,band,-0.1354718191227172,-0.3288121140855891,0.056459421959333594,0.08246540540626741,0.12930100704442776,0.19923251334358383,-0.019544991617820386,0.10040511376424867,0.0
Y4,2023,raw,0.07185707333436124,0.01668193356732986,0.12869959666764966,0.0770544198971502,0.13997356465516816,0.20581271379707552,0.018671910595885573,0.09861499768561383,0.04132231404958678
Y4,2023,band,-0.20075018950942575,-0.3734090584769905,-0.0477922427099482,0.10148594225218831,0.13997356465516816,0.20581271379707552,-0.028914920286126224,0.09921120516296032,0.0
Market,2023,raw,-0.0028399141798697205,-0.0737493309186736,0.06783000347321054,0.12391549416470593,0.21636312757626416,0.29934659435586164,-0.015530285385884718,0.07213688255147406,0.028925619834710745
Market,2023,band,-0.27827920256399585,-0.4684869065371864,-0.0489958775315206,0.12057936023980804,0.21636312757626416,0.29934659435586164,-0.01985389817601171,0.06961825810297051,0.004132231404958678
T033,2023,raw,0.024590993475495804,-0.024124720331573726,0.06737556131319612,0.11413182969359315,0.20303780555200918,0.28658536930482703,-0.006316694502260942,0.06465646224519155,0.008264462809917356
T033,2023,band,-0.04816149686854757,-0.2575670359987019,0.16492575924362962,0.10440221168348757,0.20303780555200918,0.28658536930482703,-0.009062801653636586,0.06459307233172301,0.004132231404958678
T030,2024,raw,0.01838198653340377,-0.056712447694029555,0.08291827752184405,0.10720301274335345,0.19453562364450605,0.28070872897130056,-0.0026449937611174286,0.10080709797889272,0.0371900826446281
T030,2024,band,-0.37919384653621646,-0.6699519428924087,-0.11758953311165937,0.10525890048794771,0.19453562364450605,0.28070872897130056,-0.013948571378452672,0.10018755487830609,0.0
Y4,2024,raw,0.027815669754672468,-0.02957903652149729,0.08226064015048111,0.07920670768703296,0.1496991669553821,0.22147563617686922,0.01643361487998052,0.11299807480723509,0.0371900826446281
Y4,2024,band,-0.285332878444642,-0.5308223451240762,-0.052066707638744006,0.09248945218275945,0.1496991669553821,0.22147563617686922,-0.021819820364508507,0.11565457424205715,0.0
Market,2024,raw,-0.013605074730724451,-0.09569617071623131,0.06979489038871559,0.1055907705828596,0.19411648543145987,0.2768487009240137,0.0018336177539393106,0.10126355439768316,0.01652892561983471
Market,2024,band,-0.37865634791721203,-0.7620351267089323,-0.10101565410569506,0.11024062431454701,0.19411648543145987,0.2768487009240137,-0.023670179254311925,0.10157171650567424,0.0
T033,2024,raw,-0.021942428025825144,-0.1021796359947276,0.05308743181222538,0.10317632888793682,0.18948203826330007,0.2743111843461479,-0.0076655155940475676,0.09611228581152394,0.0371900826446281
T033,2024,band,-0.21567268244175786,-0.4823765113265124,0.07022196952169979,0.10018155887002164,0.18948203826330007,0.2743111843461479,-0.011397176638575847,0.0954683846840997,0.0
