mode,param,metric,delta,t,signs
lkeep,0.00227783,ic,-0.0002027243005885762,-2.56135799612033,----
lkeep,0.00227783,alpha,0.002832746949508684,1.303785618030504,-+++
lkeep,0.00227783,profile,-0.0026134867730428883,-1.9984978869673449,----
lkeep,0.00227783,excess,4.555624721445939e-05,0.024889648247991746,-+-+
lkeep,0.00227783,turnover,-0.00017987916296204965,-0.38189499929897375,---+
lkeep,0.00227783,final,-1.3459097182491608e-05,-0.03273453090180492,-+-+
lkeep,0.00227783,noprofile,0.0008226981135057848,1.6733021546173574,++++
lall,0.005,ic,0.00198395996884905,1.7549427429006974,+-++
lall,0.005,alpha,-0.048379923641625605,-5.2811938426995155,----
lall,0.005,profile,0.021721499141129367,1.962336912273593,+-++
lall,0.005,excess,-0.028572972013201393,-2.3264431917327997,----
lall,0.005,turnover,0.0007055242282206805,1.2448158896052766,-+++
lall,0.005,final,-0.007989964884886985,-1.9811159994594243,----
lall,0.005,noprofile,-0.013932050373414245,-5.454424365635525,----
quota,0.0005,ic,0.0033750339656572308,3.4223370238674553,++++
quota,0.0005,alpha,0.009031513811822666,0.27380986162590926,++--
quota,0.0005,profile,-0.00456746430579543,-0.35886076044084064,+-+-
quota,0.0005,excess,0.004004678580550099,0.15324238531628678,++--
quota,0.0005,turnover,0.046832458695755114,23.25910960674119,++++
quota,0.0005,final,-0.011498320448298613,-1.5119623559497617,-+--
quota,0.0005,noprofile,-0.009990269878916824,-1.0715988529169722,-+--
relent,1.0,ic,-0.00023743598472369953,-1.517400232005557,----
relent,1.0,alpha,-0.0014144891853827765,-1.4870058971927218,-+--
relent,1.0,profile,-0.001659742377164962,-2.4046387269537575,----
relent,1.0,excess,-0.0031799981271020544,-2.1929944396204446,-+--
relent,1.0,turnover,-0.0007598428923159513,-2.6375476872084636,----
relent,1.0,final,-0.0008210209643253058,-1.6831273362200618,-+--
relent,1.0,noprofile,-0.00029136828180952035,-0.8297088105619089,-+--
reldod,1.0,ic,-0.00023743598472369953,-1.517400232005557,----
reldod,1.0,alpha,-0.0014144891853827765,-1.4870058971927218,-+--
reldod,1.0,profile,-0.001659742377164962,-2.4046387269537575,----
reldod,1.0,excess,-0.0031799981271020544,-2.1929944396204446,-+--
reldod,1.0,turnover,-0.0007598428923159513,-2.6375476872084636,----
reldod,1.0,final,-0.0008210209643253058,-1.6831273362200618,-+--
reldod,1.0,noprofile,-0.00029136828180952035,-0.8297088105619089,-+--
